X0,X1,X2,X3,X4,X5,X6,X7,X8,env
-0.05328668172891304,1.0425133694426776,-0.5442589828573099,-0.7962650799596019,0.0169452958837093,-0.7322673547034516,-1.2459109472530652,-0.21879166393254573,-2.3250307746388343,e0
-1.5156476858415893,-0.45772582566733916,0.09401229776087457,1.730888586476455,-0.8010622325501137,0.9034701816518086,0.3515100700930197,-0.6651946734866135,1.3664634705496859,e0
-0.2756430691550615,-0.12961363369276946,0.2146591225063409,1.0902921249861597,0.22393863332787603,0.5408455846858077,-0.15922500991447772,-0.20917557487171307,-1.009618183538736,e0
0.19331584678589708,1.4580206835369587,0.7813114007004275,0.8145095792264787,-0.2139351345044192,1.3458754237823045,1.5139237747390626,-1.2590655321041202,1.4934311452207607,e0
-0.7354183966332433,0.39512206018200824,-0.004454133120083229,0.7425918948893615,0.659202165407389,-1.2083186322821715,0.357380410658956,1.31510376473437,1.801634869866125,e0
0.5484601728723953,0.3289696294602021,-1.169801907772864,-0.9164603525939634,2.455628293734474,-0.43643524714322124,-0.6617025720390349,-1.184117966757189,0.6960427239628685,e0
1.6004109422676625,-0.6179070447076008,0.05202897425988651,0.9766998218348901,0.6518292630939386,-2.2035098806466507,0.6333526228249152,1.3203609870818391,1.5834728788021222,e0
0.25349642440231046,-0.37756350523280824,2.002392583645255,-1.034587636991894,-1.0375298818113818,0.049054613825311656,0.9350499881140221,-0.6615280218152191,-1.3204309700132935,e0
0.8653596243826315,1.5744082788445868,-0.7546057912599311,-2.1894331977665478,2.1511465847348057,1.294558819441117,0.5811658124128057,0.6304114907682319,-1.277680166386608,e0
-2.747237132091558,0.5026828498748657,-0.5855288241233366,2.820725896114619,-0.9827050658155022,0.16100957671534466,1.0314530848694723,0.24978537155866684,-0.735483292342275,e0
-1.9845790165561175,0.38636959756630584,-0.7130680950592722,0.7252438394791803,1.0576237843739762,-1.2803939447145731,0.8730421526217066,-1.0743648582284346,-0.1642945926252907,e0
1.6509731500898266,0.843732662303268,-0.7583697508984092,-0.7157298580233304,1.8853257971932385,0.6941719367070082,0.20211439504395987,-0.07570152622082311,0.10927969747781388,e0
-2.121853693163511,0.25845279091298756,-0.13504510003701392,0.9340348010596236,-0.6868275980628475,-1.4267738509897323,0.07559361074288512,0.844078680578592,0.7875882217058694,e0
1.5105132914775627,1.4022648267725224,1.3224574697668332,-0.9996366890911552,-0.8236448732218209,0.35867194917034445,0.26841707970891465,-1.0430010800715654,-1.0298044380114637,e0
0.7776117449606605,-0.35891330853862047,0.37122741773625884,-2.27239801436353,0.15545756098308908,0.42377135285334727,0.33962000824864264,1.228683719203421,-2.3653039062769743,e0
-1.1980069667064852,-0.011533061686586776,0.08347535610700986,-0.5297923655032178,-0.9007172531248089,-0.2887665059953775,1.0801634125378852,-0.8037318485206766,-0.10891472790742324,e0
-0.595010551280583,-0.23615462985294203,0.513052133880305,2.447988141435028,-0.6117217854379315,-2.3982328653977714,-1.1857198050052338,-0.10607225344775092,0.3006851142946058,e0
1.2822814099461328,0.9166547888245957,0.9174879834442943,-1.267634508257964,0.5051642621833548,1.6473390663560998,-1.487072869675398,0.08661926298854213,-0.049800969059643194,e0
-1.1101508992812938,-1.0428601409845046,-1.934959636609707,2.2014717805978123,0.9448237452036478,1.028854347803183,-1.473887948041959,-0.1521929584082903,0.6131890778590062,e0
0.3271554352189836,-1.9442649759855442,1.3889799748383085,-0.24264205828405294,-0.49900632998945105,-0.47657904055841377,0.5198417309776412,-0.4368683255972816,-0.20032970140956835,e0
-1.4332919855167583,0.5863372815313004,-1.2826492440738984,0.07106744604047821,0.19969814445412093,1.643251614242697,-0.2831250656795347,-0.050604063111342405,1.0868307847683634,e0
-1.3277239049411858,-0.4718131547409021,-0.476376747401162,2.7495726423267177,0.45502164420068225,0.8061393585150219,0.7293494040178566,-1.6051493968851136,-0.6134178486140281,e0
0.3997425015078524,-0.5611981104091591,-0.19550582783310236,-0.8017084582639467,0.68552451234287,0.5802844167243075,-0.7871927421571577,2.310363486795888,0.13573073406713437,e0
1.1843822313449304,1.0023982728439578,0.6780397271239971,-1.7718588904648187,-0.9151667725558483,-0.6486006079033346,-2.016660690233245,-0.07734505972421603,3.0660367390488967,e0
0.5251543304747073,-1.1816829756864633,1.2043962915330844,-1.379304916476516,0.8532585041222728,-1.473143074665625,-0.6999665423133247,-1.0048010070276965,-0.47221594277604334,e0
0.10736875062043477,1.760667296993123,-0.345672529464465,-1.0846219729487014,1.0662367790301164,1.2969153998005238,-1.1422789566319196,-3.1063368012832915,-0.963854230732174,e0
1.106869151987021,-0.9216339244978112,0.2019100019601099,0.5566591985129246,-0.16246292902362658,-1.2212233497261362,-0.3244718562854392,2.552424025371081,-0.3820022921434805,e0
-0.1957053721496999,-1.0658380219633747,2.3458080738406677,0.5344664897183999,-2.1404592135635365,-0.8307519568543374,0.16324400572267767,-0.6676872919350705,0.8527484705742913,e0
1.5422661635691803,1.0412431916947957,-1.416489366414042,-2.7105130658643466,0.039902961370309464,-0.1857739586715857,-0.6104866460656994,0.7677891353446865,-0.005876026696904225,e0
0.06512240179287754,0.4516854512950959,-0.7443606009308561,-0.7336544939672008,-0.8308083831093103,0.034727788359190326,-0.02169085951373511,-0.9755828305996581,-1.3373972415282913,e0
-1.8761980233633992,0.7323017147112972,-1.070544409695766,-0.1849427275318859,-0.3471984601167313,0.1156618270926259,-2.9360454460171126,-0.5295304591256691,-0.22066120781608659,e0
0.25924415697414244,-1.2609602800655342,0.5623976772929592,1.4864426435630218,-0.6359840611981946,-0.958933707794222,0.7543689046395509,0.6398520751723783,-1.434281459674122,e0
-0.07385789717592348,-0.63057798997102,0.2606297490669398,0.5431763715497097,-0.18502684191127103,-3.772275156122734,0.5583399616951433,0.6370732356261833,1.203258954116498,e0
0.6454798031864233,-0.8043056452824273,-1.1053671072691253,-0.2529328691118322,1.706962697873744,1.2297538109392712,-0.46332413970987085,-0.263788160540625,0.41211740512833367,e0
0.8118435066176763,-0.11383634938188146,-1.102218299054223,-0.14637229601511814,0.9765956032913674,-0.5567961751531812,0.3479017619704715,0.6750645184094394,-0.9199936028121969,e0
-0.23422527614661656,0.3586080676493852,-1.509772513035727,-0.3992063518656672,1.568612241071449,0.2940421429749802,-0.2912829113936885,0.06756920600942723,-0.37602715054974273,e0
1.2843834842471409,0.2781263018080308,-1.0392388147791862,-1.4533556825931757,0.8719837413429794,-1.7035445876372979,1.189154412488462,-1.0725628041289215,0.3203611893741035,e0
0.9610769374117072,-0.39500987549879313,0.6221252216057821,-1.3707801832973856,-1.9100152066895482,1.690568645339397,-0.019877011042093756,-0.19127666443013225,-1.4250901432432643,e0
-0.22914078846655994,1.9984814702717295,0.8448887803757161,-0.2327057746255069,0.4760175150243766,0.2187859889352313,-0.3674025993780988,-0.049755760296968106,1.4748226520869099,e0
-0.07029166135953091,0.36456734382632344,-0.6480162941896269,-0.5872113670274862,-0.3680987354304375,0.12337843757618257,-0.9690124307582063,-0.8186598515214158,-0.37920106201315124,e0
1.1764679737291663,1.1624211875584574,0.9426218402198768,-2.810436471239794,0.14178070012321942,-0.6032918841422477,-1.0944963126296459,1.3673786263056709,0.7342475961853729,e0
-1.6210651154840297,-1.0047872189929943,-0.48721815642469163,2.3340679903500416,-0.6766803118071616,-0.7960867750951038,0.12254409553604008,-0.8665073572768981,-1.479137833771104,e0
1.8623827539795355,-1.0954720366375337,0.5312512156361892,-0.3648607294027119,-0.23622486096249412,-0.5810325725119153,-0.2072657954706782,-0.48044593951821124,0.7948910679832192,e0
0.5558349381033426,-1.121122678939223,2.118803030729321,1.4745812087024723,-2.639370719732735,-1.4385226489904384,0.5835341273827435,-0.3604401709908981,0.4439913996466691,e0
-3.383418368257309,0.18371232308894828,-0.32154745014292635,2.1110188408813997,-2.7703027602546717,1.100734095024795,0.05334375570673462,0.15842290716221127,-0.3847740266090023,e0
1.1185703296531155,2.1082884113927522,1.3841651100058967,-2.6693730987420845,0.2355401974233381,-1.4896453943825119,-0.14777180989980965,1.0153269959744686,0.7698208513207979,e0
0.9059257497615053,0.544462374203177,1.9512250777434486,-1.2414685466197504,-2.0912458314464732,-0.9374534425425158,1.0778337155057705,-0.1558734337510055,-1.1371197204183754,e0
1.4957101266488888,0.7697954306236166,-0.5424352498635134,0.292083299027748,1.0813028430664249,-0.0636840289702414,1.3575717869331891,-1.4997987888681947,1.080532978717757,e0
0.49117010302812514,0.42610476613456866,0.5629825823255228,0.16553481353555455,-0.36245200019237994,0.10652377706202956,-0.5398639371765148,1.2835066324204059,1.0807260760500983,e0
1.1414774618812678,-1.297363846342752,1.172451227346323,-1.9577560416118236,-0.8024040619385548,-0.8917323261422714,-0.8283156502165506,-0.34979921539188125,-0.10160889077002393,e0
-0.6996726242373438,-0.34497334609531666,-0.8021701501599596,-1.7176620909102267,0.36035976988466545,0.3320386078520851,1.0680774398324595,1.146626967509505,-1.0490912309999634,e0
-0.07635416375641085,-3.899421730054339,1.4008882862628078,3.1789899308267953,-1.2514596794358679,0.16074305913174441,1.5164277898120941,-0.19010887568223522,-0.857926385962197,e0
-1.963065485196534,-0.3449985240857874,-0.7055279547210833,3.143318490791142,-0.7442679021255056,0.09415415619704649,-0.48676121079282914,1.763759069559374,0.5470956613393337,e0
-1.168259837174136,-0.21354462808298652,-0.6762320559749608,1.7346732229541477,1.5572851433141446,0.21757135556003437,0.14187782824173303,-0.7905448096678757,0.0022116025733781067,e0
0.003147668086860511,0.2983352450652942,-1.6901599429769263,-0.21549623518381994,0.30667648101477585,0.45367126425696813,1.2928930501938052,0.3612537486433768,-1.3384325194768547,e0
-0.5410448589674037,1.2978717611819932,0.14291364966681958,-1.4235731193363317,-0.6314626143410471,-0.29040008007295537,-0.7084652365979932,0.7210489500058761,0.4412005947154901,e0
-1.2593365043334523,-0.2374156967345463,0.3426915696456793,1.8970896193494629,-0.9706984136633192,-0.14102266511302244,-1.7134394379643105,1.879344377381986,1.9266627091351407,e0
1.4248349010280397,-0.331140382769525,1.449259685131458,0.9123005128222156,-0.26108899893807125,-0.10257528408332377,0.28997400233853204,1.8266938116201166,-0.5113338389470944,e0
-2.1442100734591185,0.2814711025906223,-1.1437400921015901,2.787077366976691,-1.0156429778852134,0.3729515417619218,-1.5771991506827037,-0.20341133594471233,0.8118215897399867,e0
0.8895723903560453,0.804078958119873,0.12421131930450507,-1.755456062004766,0.7861925803978069,-0.022532177467557167,-1.2258827052231547,0.8060195271707506,0.28245182528524887,e0
-0.7664658406564167,-0.3618586803043011,-0.32036252695140677,0.00035486625406877526,-1.7079325179452995,0.17553862856764266,-1.249775724586651,0.4148664012544231,0.35795490621315673,e0
1.8655082680433057,1.0685641574187916,0.4724074969585104,-2.6799158262084726,1.0843280187573754,-0.1659332030062026,1.50790948434714,0.13820030314832132,-0.37731674369381457,e0
0.5924836291327369,-0.35896064670446953,-0.7795577532427447,-0.14670533777005354,1.7460485931296703,-1.0035595719921404,1.0744112374891797,-0.057976000069692585,0.7710493264739775,e0
-0.7644773415344622,-0.8683891967525209,0.3469527857023623,1.6214811423058297,-0.31688350396889114,-0.15059799836040494,-1.249162651675905,1.3319413685305603,-0.6894974573528612,e0
-0.392562678715521,-0.01853881330950251,0.03630602236974604,-0.7128981128543522,-1.2743818325694418,-0.5549830967166842,-1.524148363645292,0.6462427057150405,-1.030480450166701,e0
1.5863316862173176,0.2775403612334572,-1.364879600732452,-0.6809971578194086,0.6044790030444511,-1.1568301070665343,0.05103394513032868,-1.5655893713726405,-1.5188882297503954,e0
-0.11218390080732174,-0.6658760797429369,0.2613508456100389,0.28378329544885694,-0.1779398629595004,-0.43051197019258486,-1.343088650464953,0.7829821661085862,0.21271834626863834,e0
2.194446566337445,0.8933836234441344,1.5570779556716277,-1.4363606290173807,0.8601937066545405,0.47565293887443977,-1.1945084417055867,-2.421833014859781,-0.7741978238913314,e0
-1.022584294752187,0.03229538393163682,-0.3199296129548269,2.0269817074953296,0.8040074476585551,-1.7622009972405384,0.030887319354812974,-1.6979398304606041,-0.6922591838680748,e0
1.0294687226739485,-0.5461688154334842,0.1514230817231868,-0.12767388815560027,1.1367857112201694,1.73296307213118,0.906740413816745,0.5223217007496789,0.36151247402096365,e0
-1.1365754029348094,1.4499687804848278,0.10549947766059664,-0.6092045474150384,-1.3284318508037807,-2.2954241955331667,-0.6077406304422468,-0.5731292157665655,-0.605812847991671,e0
-0.1832924833899674,-0.676001725621899,-0.35529123398699336,1.2015587756764816,0.9656252134271494,0.9765270973526429,0.5463057654642988,1.3639093845017958,-0.5420091584474772,e0
0.5279080743159983,1.1610898497925723,-0.7522043761212451,-2.2183141774161683,1.5807149467183954,-1.6861525369472856,2.3916845354292984,0.7671185432439538,-0.5983731712727243,e0
0.04865069573341607,0.29321371158095555,-1.2200063626559563,-0.1318004493124914,-0.32713727979494256,0.33111601905536314,0.14037072287334246,-0.15055631782284468,0.3313441778079705,e0
1.4519988971818658,-0.6056640069212733,1.304508247206433,0.6404841765632984,-0.6474648164442595,-0.9990273318953995,-1.1559367394054465,0.3565424987061171,-0.044074722613553316,e0
0.04478969112218878,1.3006839703204864,-1.8657208634000604,-1.2680365362125463,0.06756339849136794,-0.7970092393721301,0.5487293377157805,0.48124581925008575,0.345278405319519,e0
-1.653488283252018,-0.3131901055298775,1.265543092596161,1.6649882014196942,-0.2977034057027972,-1.2992598701307787,-0.1684098727535861,1.0366058772358528,-0.30167632703614505,e0
-0.4912024703906932,1.2520839386648168,0.29480031794360034,-1.4106121032774408,-0.4485079787452749,-0.11575904402998716,-0.6357417972436246,0.15215118931163515,0.4812468270587883,e0
1.4151727990459682,0.34251539095341227,0.5484868325965845,-0.878810933712799,0.5818383563940529,0.8282644598468853,0.5409699634514118,-2.03126901304909,-0.3494634711099121,e0
0.911954323995187,-0.1016311295928566,0.8497836136184508,-1.3376742983103567,1.3303870230104566,-1.4623519251551929,-0.3485720650141568,1.188327862596402,-0.26730843195327686,e0
-2.198646330296371,-1.0590606994601444,-1.4659673863823872,0.7405657318414647,0.32937254882664024,-0.2776536712672873,-1.2418084527811688,0.04609297177965803,-0.3805832501275168,e0
-2.274122572056398,0.7543857213684552,-0.670438599903074,0.889480036703107,-0.2804398986204892,-0.5968275940478756,-1.9174640434564942,0.5090590847395515,1.2193545887326338,e0
2.2765122386120504,2.3835922292341163,1.7386021114249555,-3.2190178601382016,0.20428301046786035,-1.8148722777431434,1.375445311670887,0.5267557651664272,0.4681489094895136,e0
1.3195836374233165,0.008861327608517627,-0.4512001448560466,-1.2472214029582365,2.3932054632100863,0.16782596972241448,1.1343574079518282,-0.7384139812679597,0.8214789160702182,e0
-0.3562877818936594,-1.216323411889306,-2.3605782614449353,1.7133745441891572,2.453360323259619,0.3543725277387253,0.738409603732731,0.5312724005304282,-0.7556709132364813,e0
-0.18376614102241717,-0.17585672570351582,-1.7330027043844558,-0.10693422799892677,-0.09306763533076712,-1.2096265493756504,2.472435678832565,-1.0430737022813366,0.5628494203738629,e0
0.06413286278643548,0.23922797173839117,0.7079555234674223,0.5745735290855202,0.586980341815238,-0.6412154938054386,-0.6902634133270706,-0.5966139079163051,-0.06215772113332739,e0
0.0462819836425894,-0.029421922615303468,0.10186286879000153,0.39604865661505173,-0.798502196811899,-1.2910285430172368,-1.0380641623107913,-0.5025665920171958,-1.0817519495061156,e0
0.8505377370304764,0.15808270533092642,-0.7058554945166199,0.9329960533796275,0.8587851679201584,-0.004996130276595701,-0.09067313510678131,-0.6349973825890232,-0.29228291261987144,e0
0.8165205805773161,1.1922444995731674,-0.8299493395820846,-2.7238778405980826,1.623294765853376,0.23462950367525942,-0.40873480052906086,0.5205964182011031,-0.6323390096507158,e0
-0.09934512262140369,-0.5555238735118273,-0.1205409342872928,0.6442921747238723,0.05655911290142646,-0.6926096971858243,-0.531941865291501,-0.8925658002780713,-0.4935152092007745,e0
0.10053615382235762,-0.9910957822281317,0.46835463422376244,0.6170436548842243,-0.35062840725282074,-0.07407088917588163,0.000888625001921776,-0.9022755659889229,0.8756154955309015,e0
1.0475375339025434,0.8615239290498078,-0.8911903670902938,0.8120485077094433,1.3494263631471695,0.03985841761466474,-0.10321893428652158,0.5157042481640784,-0.9218844892991094,e0
1.0144930264433902,-0.3039363803392461,0.36533742761293553,-0.5546602638772756,0.04089855824018704,0.3940872958402979,-0.12382780642392177,1.2034028358078068,-0.05251938229307366,e0
0.0750840248980029,0.09221778578673422,-0.4840854911476985,1.0605976020975703,0.3863301342070168,-1.8061326203829131,-0.8423566689824117,1.7478539000384907,0.5353096473418112,e0
-1.8926667895203773,-0.4610407436426228,-0.35630415298259815,1.386326168280466,-0.007437271016339897,-0.34600888138250585,-0.46954712275218685,-0.04926790495129596,0.9760497927838799,e0
0.0631628116160439,0.2164547268456756,-0.4385777014308822,0.4719765051298923,0.8104763977108076,-0.5319433559629919,0.6720071416275368,-0.2543000124201234,-0.18888038569796042,e0
-0.5135120739216822,-1.218129377322531,0.17554994126500043,0.274145688213266,-0.6123405857368743,0.6818941030932071,-0.19644155767581964,0.25016244798431597,0.4219694947780549,e0
-0.41736189586093114,1.3382795151279085,0.7875408171027013,0.0010933284911743835,-0.48565484124050884,-0.5564888399932533,1.3355454216308837,-0.6799313816069117,-1.8829080367785338,e0
1.1083563942839314,0.7612637605131622,0.668113421683895,-2.972055525559128,-0.7089337019921542,-0.1779139465826313,-1.0747914952232525,1.0414021981866897,-1.7518005652801107,e0
-0.3624668049591492,0.17460636935363696,0.7997849113889519,-0.4444220770181735,-0.1729206420130966,-0.21627650618113814,-0.574998681265042,0.2820737332213647,-0.4724341564337806,e0
-1.150223305596481,-1.0371676077490912,0.005431808558425666,0.689779379854562,-1.1495349011088671,-0.02811370599356217,0.2869555371009184,-1.1300558500020657,-1.2151923592287868,e0
-0.985500985581193,-1.5554379435822379,0.45882324909073774,1.4611558347744684,-1.3238369700636792,2.486882851272909,0.6692672663671115,-1.3833904513204967,-0.165126756790438,e0
1.2019342576299965,-0.8642000120792834,1.156408025005446,-0.3079555956588008,1.0470321365280588,0.29914565348662464,-1.0317427538584325,0.5893847661857725,0.5073139355693843,e0
-1.5594356809421122,0.7574830584581226,-1.5838732281625223,-0.20062066867368522,0.7242418894556655,-0.4593419875378874,-0.27097496931211884,-0.5310340011508854,-2.9280901725683814,e0
0.1562575776075409,-1.5269369663879415,-0.34062493579600056,1.2427309706512117,0.9681770919393075,-2.5459046003660784,0.5675714213245197,-0.23294792511840304,-0.28234512976124115,e0
-2.7737728523867693,-0.7692867989311631,-0.3137565089364269,2.6563909744374694,-0.6834222374477168,-0.7406751455270828,-1.1597957072917302,-0.2704893919573284,0.33668690624350883,e0
0.014460766346856335,-2.656944947302302,2.203824123451556,1.70330758745954,-0.6176051660865495,0.8965755003643204,0.08365797896292382,-0.07557283913840278,-0.5070600672915547,e0
0.26876273044439153,-1.7431951941054324,0.40266973278163704,0.5359224052754337,-0.5720696520211638,-0.7669395878687968,0.2720321372020745,-1.161873305834576,0.07138843525796344,e0
-0.28622326385929375,1.1839019117100198,1.389971729008376,-0.27590666960680466,-1.5154107404978179,-0.5407734120955239,1.8823382582267307,-1.4248747250999314,-0.1485960064725456,e0
-0.7246934375437657,-0.04405912149974852,-0.9564456538816968,0.5260055282759871,0.7830377293112307,-0.3895534736381311,-1.3661578762408668,0.2659434481762174,0.19205435028986062,e0
1.0380001047790905,0.5869553605920156,-0.6643563093536256,0.15913892026964094,1.4783184319988625,-1.0540027955565343,-0.6523781063835983,-0.0347471219115299,-0.03637038490501321,e0
0.7574797460526868,-0.0947962535938427,0.4842398427706556,0.6215534662526099,1.3178490576374438,-0.3343325988668879,-1.0750741052027453,0.5099524214818214,-1.1794309331731632,e0
-0.3562638560144311,0.37998978184674126,0.14663082307360867,0.19645750382580648,0.5051449735409617,-0.881694971470056,-0.3082781503978844,0.36211291470656115,-1.4898081193653723,e0
-0.057441557328450965,-1.8397186052226187,-0.586630882730846,2.347054122340838,1.1299696637406607,-0.8599267478891178,1.0899026698201453,1.5534128669401228,-1.2418133060027143,e0
-0.05274085984049759,0.22919797956924792,2.8745004813941315,1.0214084323934605,-1.9319011590716124,0.19099248938301286,0.35746712316898616,1.9070261909649173,0.008781422965773035,e0
-0.311702910600619,-1.6264831326910547,-1.0926786579823062,3.2796821897763895,1.4645225457756754,-3.197345391683628,0.4497770983764295,-0.9082651093054563,-1.1651201441864287,e0
-0.14513659990225505,-0.08667642876642286,-0.3695052019039484,0.2671108386275046,0.1452800216456871,0.08314439397770138,-0.3727314992906954,-0.523365546959906,-1.4105351572732683,e0
-0.4042557205424345,-0.7725614870648787,1.3813479064912069,0.16740077788648744,-2.131303630547079,-2.1666455112290612,-1.4044566979810365,0.4410646977675636,-2.3789256878163596,e0
1.1855897382184755,1.7206947067420648,1.164447913936147,-0.5229071306906998,-1.0491954292009735,0.3806924762430092,0.3726742754149822,-1.0482249591915083,0.4836547685821585,e0
1.1036835467629447,0.07226746149832086,-0.7666172841087739,-0.7690085873840307,1.393002710235653,2.2321759587975563,2.8494549607259407,0.44916607192900415,0.5860769567913948,e0
1.3191613007931817,0.9902300965794345,1.392140314142641,-0.08459426185373875,-0.5346762134034353,0.339793714559767,0.2187698616516345,0.9373584773295993,0.4877851124623137,e0
-1.7940931517791565,0.6505089274690512,0.29206254410355154,0.8757543316162633,-1.2159973359004614,-1.2236035778514136,0.20781545397606396,0.37721495282689266,1.2270409292003972,e0
1.1656250288652519,-0.47852741111072156,1.1877283270336183,-0.5647584372480449,-0.05379613054956789,0.14377218005623457,1.201204007476163,-0.6269631173779989,0.4722094960293684,e0
-0.08649868376370262,0.6378552876565751,-0.2139079414751082,-1.1625024054676942,0.9462378545369938,1.0256820527459456,-1.1955846525037421,0.6976577341539597,0.8280104854866206,e0
-0.6496048943149884,0.9616865870883877,-0.15357909625050895,-0.5837259388388873,-1.6465994293842905,-0.5665872435909065,-0.2855725668594085,-0.2980298067196495,0.12935683165923514,e0
-0.3926161751151044,-0.6126363310909915,-0.30035356091877463,1.2023675315676687,1.0811788798371367,0.6255207733817739,0.9476143296978757,-0.6467092698202764,-1.3797546259079334,e0
-0.7544154723408933,-0.014363758758586748,0.3237218133973122,0.8854249870769366,-1.9411346236307785,0.6712163346120159,-2.5121277305114025,-0.5892256991552035,-0.09591332970445857,e0
2.317365120964332,-0.5615577103391871,0.7615157392601775,0.3475283772650146,1.1696857397389566,0.6838541519834499,0.7135642142391335,-0.7398868049493273,0.9451932065760001,e0
1.9529832475899083,-0.6093910635812475,1.0822192832103554,-1.683646876232155,0.6351516856029223,-0.1027607995418483,-0.964469711004393,-0.4627235943580139,-1.1073125456047812,e0
1.6452186566434517,-0.4753340140573231,-0.03259407162425542,0.6838870756090263,0.19200816361864628,0.8645262754121827,-0.9065393256103157,0.9528406823236886,-0.6031961366575651,e0
1.1417283195660786,0.26709196166534926,0.5828820972117233,-2.2584076632975094,0.38083498656797204,-0.7467818840498868,-1.5783914031016368,-0.824763693936503,-1.4094526593736707,e0
-2.4367474886158726,1.5795438221690692,-1.268559616590313,0.6443751188044905,-0.7565515004511841,-0.3641347603647214,1.3478069773059966,0.30389000748699874,-1.3268318329262696,e0
-1.179572452522072,0.46867032459622227,-0.6600164535755245,1.3310554745738312,-0.48581674253819757,0.2656134152217038,-0.4835449713031524,-0.6094708441644298,-1.037943374056448,e0
-0.7707749652026388,-0.5899759491773432,0.2840813932760513,0.4293231335975707,-1.5075760662057118,-0.7985161428769869,-1.6950770180267947,-0.4574969296706332,0.550532016267197,e0
-1.81627106895082,-0.0882707117695446,1.1307411921308461,3.039162282344402,0.21673655957317906,-0.9392529879627134,1.3702561728264784,0.21873262987857625,1.119507008022189,e0
-2.4551569150711217,1.1191643604654822,0.20629249006022807,1.1596020537753642,-1.9194833343453905,-1.3030487812371978,-0.2327903906718245,-0.44132115656795384,0.7780573811679959,e0
1.0374236928154479,0.7397169333609636,-0.7756413745956193,-1.9110243123954669,2.141668803376094,1.0351879907581838,2.741894012487202,-0.10591112305144375,-0.3634260488797557,e0
-2.0747477613044185,0.5450543963499954,0.8978342991592051,-0.6897196856022421,-1.7118058397343299,-0.7813181154981489,-0.7688867493664763,0.8019126612557663,-0.9378559883180094,e0
-0.4567587875572798,0.5294855660350913,0.6658729284349504,1.520069277076592,-0.11525563905041714,-1.1173905214054018,-1.3453069899370451,-0.3656461120005291,-0.7517256566679622,e0
-0.6715538952903354,1.1433716948773616,0.8133851241006896,0.4064205474397671,-0.6981819214160735,0.611159889048419,1.97665134753273,0.061255794842068084,-1.28241780993394,e0
0.3083023054161543,0.8200027057036074,-0.6917127645637496,-0.0832628151996081,0.2916759632119476,0.15590622911900587,-1.7477252284191138,-0.46533572482333047,-0.05152318523520336,e0
0.2412964618687974,1.7448590877563592,2.328150724588983,0.3362916244914622,-2.088834354878612,-0.8183019235473779,-0.7460781757727031,1.1651185291801494,2.255064332205275,e0
-0.4607948450648255,0.15229398157573193,-0.3652591301096782,2.4535285627507273,0.21798509469027763,-0.9083487005220875,-1.6351093020806682,0.2419430815388782,-0.0546320291626752,e0
-0.5150442189155042,-1.0957772310844156,1.2329446002097502,1.2407294437984808,-1.7461836163679538,-0.17190760499977303,0.001826355891416653,0.30870718775477546,0.46434086089902904,e0
2.2465977854246564,0.3733468626253329,1.6222592870903558,-3.967764702321335,0.5952067917995024,0.6630643333001591,1.197661620816487,0.9205065081130677,0.11905032223362909,e0
0.5943061310323977,0.47479931873797876,0.9574239667720826,-1.0218447952780274,-1.8249974165259726,-0.43138603184179836,-1.6884952118834913,-0.005091553877844317,0.3202432047275546,e0
0.2787879937858161,0.790052335011729,-0.8134195295344778,0.5668706301439649,-0.26723292485733763,2.040761939896942,-1.4313942795106365,0.8299271042495487,-0.14232728717871945,e0
-1.9952079961347395,1.0444053593549885,0.19843936462172615,2.5983553526505565,-0.13868541725024028,-0.47283991003866904,-1.276384146623089,0.37639592879811495,1.0459810738644797,e0
-0.6142569705266856,1.1625796886231055,1.690018141983042,0.9856109808869011,-2.97466159460658,-2.126498084584922,0.43596677973854364,-1.0178596264768776,1.4640951986919595,e0
1.6302643925373492,2.121616557669537,0.36835915904694766,-2.0733176901653216,0.7622025967414828,-0.26831847418494864,-0.10117579304428566,-1.4256500491067416,0.34397051471290857,e0
-1.5947273658050483,0.28943995350059304,0.1807779263636032,0.8547753463664883,-2.403920246736299,0.2818635109543874,-0.31452806494466234,1.6299795521601819,-0.3888175083058831,e0
-1.1131970412031311,2.0170879081873316,-0.17726956801098367,-1.8481139047985942,-0.41358500301256285,1.5029254864018617,0.08246330883800362,-1.2844034935218471,-0.14128697525919692,e0
0.09539030874583054,1.4580436676443578,-0.08831802596201337,-2.173198614841828,-1.4873922117737441,1.3112654208840355,1.9208964234569852,0.11141180514668009,0.8449497673368574,e0
1.062446933613786,1.4524749367267566,0.9329052274993123,-1.1609074150692527,-0.30008203480102086,-1.6093134194360432,-0.7761903063646081,-0.8007665488593981,0.7452334972051312,e0
-1.2902394422763312,1.0618876181746875,-1.2062615546462505,2.3558300847520846,-0.16132874181562762,-0.03446513461569266,-1.0645718442053753,0.7492738790666627,0.584562756836139,e0
-0.4494387004101298,0.39467542295282765,0.5824098823089675,0.9791237938318498,0.00581621933450982,0.5272356224228922,-0.07091043620613886,0.17333041635848268,-1.0851931628925275,e0
-1.4771032426621458,-0.026156786522968385,0.29637903840793156,2.7820329365912917,-0.43906001527167304,-0.6338601977945909,-0.2349131819469042,1.9781649235905385,-0.5133908324465025,e0
2.025822603654618,0.15432041576149166,0.2838866296523059,-2.6364315918370584,1.093549684737789,0.13252945485308149,0.9052746036418157,-0.5670414604907228,2.002532317439836,e0
-1.291489029580676,0.9034403330296308,0.7819693533756539,-0.640950708777181,0.5007915047673278,0.5031718922590753,0.3236133274668825,-0.06401811044731388,-1.1239808415658519,e0
-0.3794097499616025,-0.33083873864081675,0.28265132136603827,-2.0636535904872053,-2.0402777384143977,-0.5409257482040764,0.6305598177870343,0.3366443279422986,1.114068574756973,e0
-2.54492390803752,0.32613645199293473,-0.7497554511123924,1.924733126488505,-1.8074513223885402,1.2127098857927494,-0.8761295164040104,1.676773726652387,1.0614835536592246,e0
-0.7946818542241696,-0.3029226234349036,-0.6013813731533054,-0.2680188265345317,0.10242019057156693,-0.21603830345786162,0.21655566362289025,0.29642285776231825,0.10359794949464109,e0
1.199227670488063,0.6800798787004845,-0.18365991423533276,-3.1616951937564797,0.6469033802809754,-0.06402894751868315,0.30941891043639275,0.08222618878511484,-0.5425943845171727,e0
0.6157331075987327,-1.3595888742132702,0.314351508019426,1.4244514369789052,-1.0460117338345463,0.6798106013047429,0.515397323677071,0.7056545870353251,-0.4554050912543668,e0
-1.5252110895546642,-0.8180749585415559,-0.5884016698305081,0.513033684769612,-0.8503287279451524,1.203751746517066,-0.39615880055363,-1.4726542242866636,-0.01637513124059962,e0
-0.10143254174014486,1.4932835413920167,-0.3870270149195225,-0.4290295595432101,0.13725943799282125,0.5236229236448857,-0.5517314171911221,0.7981723075978052,0.43753775222697083,e0
-0.387388066236969,-0.40218236454447936,-0.8397613575199904,-0.8108286411945753,0.48791894658048235,-0.46636040890761027,-0.22118827023673274,0.5158292357499967,-0.9991131085398876,e0
1.9931524435493675,-0.06106675539124377,-0.17866300936309754,-1.4583764327397555,1.130818020716667,2.18312868735204,0.178204753456251,0.1279844920146543,-1.7071722930695223,e0
-0.15907073689208479,0.23288263694520128,1.3841229941036504,0.4942488697487371,-0.9551675787846271,-0.03964614863770247,-1.5084321712555864,1.7751592107843002,-0.4298437372777596,e0
0.14750697715458183,0.48862002448055963,-1.1068829123791546,-0.214809937755908,0.29884379023132196,0.9457010559986685,0.7500911196977396,0.2816433149354566,0.5674430736864792,e0
0.09657931348483406,-0.23458712254500633,-1.1536814606847743,-0.10214226372718609,2.565064124030289,-1.226944412143775,-0.8580470590667832,0.9521537347008596,0.6724788921182383,e0
0.4898552798211726,1.7576834466350173,1.1148997621906016,-3.2563360183376338,-0.27333227450563474,1.2143883468486907,-0.03926821095340596,-1.7383210989009736,1.0310601652090412,e0
-0.2922172570853864,-1.2465519455451306,0.2051801474470013,1.2424450619407728,0.8051578212292213,0.26580883024114654,0.5910366844076768,0.5081778886458632,0.9809852752118499,e0
2.964269240583602,-1.4021866514989232,0.7513187611407651,-1.9362070542922836,-0.0755788061172753,-0.5793093535596417,1.5904329835051998,0.1636601623397074,0.05215079168224529,e0
1.7491752339856996,-1.5561781889366058,1.5981083131346876,-0.14194514280197812,-0.11289637575313338,1.6579429995163342,-0.8199185708358816,1.3206028966041345,-0.4567900340328422,e0
-1.31229180162552,-1.060057226030689,0.9508056222091082,0.4860617131673177,-0.7113468775311957,-0.30887137896919903,0.20310073329636347,-0.3626263896115068,-1.4306716587383608,e0
1.5061434980708017,2.416912669832169,-1.2853813931526517,-3.7046771362025934,3.1561926704656322,0.33950947157970146,0.5057460481466131,1.247584857019788,-0.3164303777659374,e0
1.3510799227545767,-1.0041310508106343,-0.338205274478062,0.5123601991556697,-0.6063319364314197,0.4187058206918793,-1.074993979255739,2.5996614902670028,-0.5678464805360192,e0
0.23306334175438065,-0.18904657416632772,-0.7995834678077132,-0.16095169483082522,0.7122432751443003,-1.780639897263705,-1.8972252908543603,-1.0118014554754755,1.1043125974838122,e0
-0.31227719217327626,-0.5768958770453613,0.7775727789499777,1.8685158349955981,-0.2948919590094622,-0.6169671181068717,0.3787542251416788,0.7681529784031764,0.9740473583799217,e0
-0.08531621413393392,2.2295984798227364,-0.9032628262035356,-1.3384767202245846,1.2855588148573336,0.5874637169933624,-2.0780681543322053,-0.5297267324304714,1.845381962583357,e0
0.14983311019861534,-1.291838504643794,0.26196309010184793,-0.8393672649234706,0.5599017162649795,0.13533111840241674,-2.8192914384307715,-1.2150537312839182,0.9028507011135929,e0
-1.6664107460783995,0.8460161166141956,-0.7281854422482575,0.5188458347570044,-1.4493453204374311,-0.5280346202841556,-0.8757583283962643,0.7102909260938124,0.5531409147046624,e0
-2.5542794151285957,-1.5459360942352005,0.2690971392612661,2.9844570988425825,-0.9537070696755979,2.1299060617328665,1.3644226906234311,-0.19832188345023347,-1.4224723046506123,e0
-1.2728164165230975,1.3048355415439372,-1.576455929729469,-1.3405118286491504,1.1125758085932054,-1.543222104760928,-0.2629774654467402,0.2566399244131745,0.2257654302024127,e0
-2.3082697747737932,1.5224601960339834,-0.34400754985883303,-0.4914455645948467,-1.8028497542390012,0.22316192930400555,0.2231890013647071,-0.6664961822256021,1.6870979236705455,e0
-1.092666787135983,0.1627738223612863,-0.7525727147667658,1.460220830925266,-0.0202847872344723,-1.2928417580666416,-0.4123870654095842,-0.21887349696292271,-1.8421091473039353,e0
-2.9415224499094017,-0.689136464137171,-2.9128401534924517,3.567336302765821,1.420347046193242,1.0953032250052912,1.6801429555298988,0.3417487352318012,0.38707490517254467,e0
0.4536207992065431,-1.163275211153044,-0.09381435011968565,0.41069422188116905,0.6062006402710647,-1.5037779416127803,1.3169715295415156,-0.4283892633016004,-0.20118612407575126,e0
-1.308551760206175,0.4308376930089883,0.1351916918110402,-2.3727018467026864,-1.3240376014763886,0.30744802953512257,0.3176914257448595,0.3572499732327698,0.8075121753696227,e0
-0.09882729926233103,1.1670031079635066,-0.20384129632367373,-0.30334769180095394,0.5382453658380687,-0.746350099944262,-1.0841797109141487,0.3374244621253939,0.7571779658478263,e0
0.3140910781177032,-0.025101041388611755,0.6800154755101223,0.5906082865405371,-0.513961826085986,0.728374031602327,0.22757962349564587,-0.47118191900406553,-0.7865714058807218,e0
-2.039847304673374,1.5667240700979441,0.25621281566075865,1.44527205864918,-0.15725122388787924,0.45103295916915986,-1.8524030630672448,0.6028426927881737,-0.9862445163062207,e0
2.2643176979289663,-0.43692896019573085,1.5600871471211124,-0.6663471676535133,-2.133314558403721,0.5122731534487154,-0.9393821511787948,0.4587073307315477,0.025448333085432605,e0
-0.8784777873425716,0.975952863745776,-0.22857727997130367,-1.2466929931014212,-0.5158655574346838,-0.6589940135992426,-1.2739393889900783,0.3904056328034139,-0.8261107818218721,e0
-0.092646689256838,-0.039760071494656865,0.132032789938094,-0.10084910683430472,-0.6452094842213327,-1.0037490560859974,-0.5641896711721861,0.04705925490202444,-1.1957531734875813,e0
-3.8844219471514463,-1.1759559511003568,-1.0299675696349995,3.021352611991072,-0.8806506401016259,-0.1596042892909457,1.314104497110424,1.0232404147483936,-0.06823995780598015,e0
0.26308497982274043,-0.9473643186086584,1.2451703584515783,1.9867805449523253,-1.2752981350691917,1.0635557457740161,1.4296912013305003,-1.8805388273679782,-0.05253554887614222,e0
-2.8903816014230808,1.7104520165245896,-0.0917264789213937,1.4300214629086088,-0.3580708311996192,2.4898121127481283,1.4234158750959633,-0.5136253225408067,-1.2130250625402432,e0
0.6480699376690214,0.486833642037625,-0.5578363689123994,0.3823114939553689,1.071684102728108,-0.35439962315536616,0.6138812820393205,0.8713568934768913,-1.8839408205022823,e0
0.9334260099255679,0.5181817409352328,-1.1154591670196043,-0.2509240072826423,1.5015095060797483,-1.278184723779348,0.5852847040864307,0.7605131054725042,1.1931899534125747,e0
1.718732093124769,1.1340794938899716,0.9293259499276398,-0.7597976199570393,-1.2458833655538402,0.062380140162429085,-0.9888810121630713,0.5649234322237021,-0.554003346709953,e0
0.6584750983325297,-0.5897537532013102,-0.279003033379824,0.8148877771746763,0.8921965096265321,0.5516669716449893,-0.6985898307250517,-1.3889494374907536,-0.21115640124109236,e0
-1.2385876741066713,1.4095237575528217,0.2808796596113367,-1.0235548834660162,-0.27608785016584725,0.15659417915392052,0.5119076220208492,-0.7321492123372021,1.3517446999378013,e0
-0.8090194848039176,0.6465263240499457,-0.657547376480706,-0.9644561606674905,0.24391354500217055,-0.7960370419441086,0.17987479984189614,0.6562705924235791,-0.8706263381514543,e0
-0.8499967831102443,1.2346022720031895,-0.7230384817750796,-2.008646162173089,0.4863751954989496,-0.8882934081494894,0.20136219256394736,1.5305348178813087,0.3633206791504235,e0
-1.4889777998280953,-0.3400249821490265,0.8201832387747617,0.9984397757107726,-1.2762253591117991,-1.0829722045308743,-0.041008873283271526,-2.02498981352117,1.6389628180237394,e0
0.08459268665214248,-0.793107066809874,-0.33006487490335196,1.1248830041714994,1.1551028805720167,1.1763373122369931,-2.3926254913445897,0.45451614377504707,-1.9350301322854147,e0
2.1228468929783966,0.0018517311427626063,-0.012907222166126376,-1.8463394157756232,1.3868424908935728,-1.3770696057185927,-0.08707687567252177,-1.547606081000442,-0.5841397575729183,e0
-1.9289175735138329,1.9564801798652187,-0.38169915196075527,0.8238405489201821,0.5037590986322432,-0.15788509607201345,0.3550738828226099,-0.6375453957718332,-0.3167853963271207,e0
-1.3235566015162887,-0.35439340308271255,-0.8951094234143367,-0.3606933176913374,1.639929225104939,-0.539268340518856,-1.1290851488393094,0.11504651126307391,-1.393763321302374,e0
0.6133058624997202,-0.14880667866312836,1.5634429173578683,-0.14041068402747167,-1.5214661827326905,1.4397344147735909,-1.4067199175642253,-0.3177080180945167,-0.020449621302592903,e0
1.8372428884205187,-2.0319416337073934,-0.093553934343399,0.1550033797835353,1.946599768466687,-0.28819485343046514,1.7921674835677526,-0.26864061378916043,1.5321309641034182,e0
-1.9679521433560994,0.40461064826815746,-1.1133676524120841,0.5849320752031613,-0.7195523385388358,0.32608038078942664,-0.9426428635455374,-1.6626028938631017,-1.2818532298156093,e0
0.8559504147045927,0.1293513837202993,1.0020902211528702,0.502490894940175,0.17623956854833756,0.8443084416557756,-0.7762024879216735,-2.1726926140121936,-1.3064363852955831,e0
-0.3672495702854882,-1.111234952164971,-0.45104303874267804,0.17992513493061313,-0.8794613649546573,0.6822976621161289,-1.870896396033325,0.3640755760714875,-0.8686774271970495,e0
-0.015395997734660494,-0.24335386403034456,0.7848009523262729,-0.13897834775885518,-2.316439086896474,-0.6832544940131859,-0.6560050267337564,-1.0460250843496357,1.5368184215190834,e0
-0.09775452272334995,0.08532507218745246,-0.9325401918678239,-0.23807902674917358,0.2236317898328442,0.21285238644641027,1.4703935224947604,-0.14545132766747096,-0.8966814169071501,e0
0.9301753002508302,-0.14101171725603068,0.5004882032306607,0.7142503504228056,1.5509991697770997,-1.9149163522882977,-1.0777160147683866,0.3610866851108724,0.6045729131451918,e0
-2.816750049584015,0.3692293314057658,-0.5558157303687167,2.3961318740380686,-1.6784900609595848,0.7506339707140546,1.2497252740649583,0.06523588767656609,1.7396339654385549,e0
-1.389736346266099,-0.7979808719108553,-0.12212012008830882,1.2166138217677753,-1.4999607438444174,-1.680333677376483,-1.600305240050695,-0.8576999593888491,-0.5022445517110371,e0
1.4437143577827283,-0.5319951317245865,-1.4736572126566936,-0.5505630212032242,2.2414578697178635,-0.17333583294650193,-0.34355291840832275,0.04826252963020127,2.125367694038127,e0
0.3322971852361394,0.9497699794368943,1.501269838389877,1.04093392832086,-0.47293432342159125,0.2674707027653644,-1.342972718457158,0.39628122957944006,-0.6715777258117438,e0
-0.028153010652047672,0.1477918740539763,1.9222667448598572,1.4349913915909023,-3.193868827368435,0.43563902926078135,-0.8022183266853654,0.09723401287929019,0.7309340331778122,e0
0.14339170275683144,0.13762385663455323,0.8003202218339576,-0.7530146362117317,-0.6175999989510655,-1.1593828941844972,1.991437390827985,-2.1637225002510383,-0.1279350161218916,e0
0.33574597888881397,0.0701438969028336,0.3186921584652938,0.16494422376606244,1.1330518441316255,0.12502151018795993,0.8016005617257888,0.30767501975974476,0.18658385706965344,e0
0.8645461015151163,-0.10187509913215054,1.2402560275393517,-0.5837173462966359,-1.0805709651332482,-0.3449469321283783,0.09934888618945807,-0.06358214292485033,1.0354364024450002,e0
-2.181089429008194,-1.2171637678785086,-0.7404403951036377,4.023808728465715,-0.0004865131503533626,-1.4836004852469666,-0.029646084746642484,0.056712078867681454,-1.2230582154290968,e0
0.6866267296621005,-0.4918737495436677,0.9182081634963974,-0.4926571240491683,-0.24399494701569968,1.227381918145922,-1.395761111293656,-0.8566779839584403,-1.0299824237515514,e0
1.976244804109436,1.0036979770662597,2.048895034141977,-3.7888485077005907,-0.5473535229667837,0.9126284235236749,0.6921943754945254,0.6582674220931423,-0.6741547401790442,e0
0.9886388059996315,-1.6597664935592873,1.7731207696776596,-0.7759233494452461,-0.024144663316129966,-0.4930096168284752,1.5772521625152471,-1.5125028978702022,0.0047324644067568535,e0
1.5012599597034888,0.30811520035499745,1.6927059985819917,-0.7846904953260482,0.5728064253395186,-0.22471171065876866,-1.4812850960866757,-0.3213026047289114,1.0387212032559374,e0
-1.0416287869552865,-0.6420073589979469,-0.5103013236685263,0.033290303036785485,-1.084933549270354,0.40405218668458265,-0.40541337850388154,-0.5329224853622906,-1.4791651534738037,e0
-2.3462448222309895,-1.2579898372820586,1.0731250840550313,2.438142710903911,-2.903197519284128,-0.1745459792519359,1.4510570240532057,-0.222978327930333,-1.2253967996028499,e0
-0.711622923636041,0.5171265219040282,-0.762132507326712,-0.1727205110257845,0.7392057869315725,0.9477394167368893,-1.2444916740193264,-0.5464668173635193,0.7701948084870397,e0
-1.932500486312055,0.3753143098002948,-0.975331332021813,0.5593888774822385,-0.563929629622591,-0.08017439813132042,2.221269451841326,0.6210044209355469,0.7951578238200093,e0
-1.1066948641911072,1.2819643127815619,-0.638380451641062,-0.3537514309072902,0.5691425376197479,-0.4629532501394087,-0.9770189551420231,0.20031816555405837,1.5189675387121508,e0
1.292221796503595,-0.47639535182197884,1.7922137973520376,-1.6921071084352657,-0.6862150602774428,-0.0013711975106770798,-0.7484719817015946,0.9231499538512614,-0.2372796816757041,e0
0.6992438228882972,1.2167086418106712,1.25495278375858,-0.9401298733472963,-0.973714389792498,-0.6838947495040769,1.8979913531949455,-0.1601079387609843,1.7488090449713254,e0
0.022832885871210462,-0.621578022793142,-0.2291364135072477,-1.0888668367580896,0.4589280363458921,2.044688914832303,-0.4607015277981863,-1.562929634196308,0.8025770184830436,e0
-0.5377485754375806,-0.6253518307495249,-0.904065404168335,-0.26540229987568376,1.426980685788707,-1.188808635501498,-0.07906063687831182,1.6825702767746862,-1.141741752889653,e0
0.4448230180860276,0.2923415575475737,-0.6014496268993043,-0.41409442114273887,1.0807157144745843,-0.3215069181828997,-0.14088955884677168,1.6490612396580309,-1.2591302209752806,e0
-0.25666314026565445,0.33572542508972514,2.163557912044675,1.1684608428675345,-2.5641659446543565,-0.4917782269297502,-1.7349021218236254,-0.4808884712387653,-0.3573216788467065,e0
2.497619832574789,-0.6687971256284923,0.2130089000439987,-1.717065409780997,1.8759543357700725,1.0601722006090062,-0.8771032876958236,-0.39679593213623776,2.6582765991147186,e0
-0.21451543279802512,-1.8348414883143904,-1.6037767770825746,0.8682700947363458,1.5991398931186351,-1.9242065767925598,-1.1341153148393792,0.5006888592557186,0.42303885599202906,e0
0.1831883400229565,1.2916776681091535,-0.0843548773593982,1.3765603380908928,0.23427978848560724,-0.5579657998110125,-0.865359608013137,-0.2631785409220735,-1.937015268396194,e0
-0.7436433858846008,1.2385057812411768,-0.8258371888805259,1.9690803030100077,-0.36559104490802274,-0.7272664936794727,0.751967788119724,-0.18963238238317168,0.8519643807384808,e0
1.9570178691777702,-0.8199507435621237,0.5434592853240038,-1.7039781607804485,-0.45500888576374415,0.07664820930367414,-0.6883266959269972,0.6976873666174845,1.3242715339005433,e0
1.9534217469258308,-0.821519665336209,1.2879030120257389,0.08639883797871739,-1.4675237913910637,-0.8460402101590002,-1.8127423957421824,2.006800446139478,0.38004499001080033,e0
-1.0840838720413957,-1.1052928484980178,0.7755495672563899,0.5652042363481737,-1.0041704336328898,-1.6062075045924402,-1.035885098068614,0.4595589410839142,-0.0881774772269717,e0
0.205819072063123,-0.2959990897344913,-0.43231589633277884,-0.6493912991252543,0.2590472191177767,1.9666844060902964,-0.5424728450315318,-0.9226432797462422,1.35322666004844,e0
-3.4420390207312295,1.1739384105717785,-1.1576720636211282,2.025681258289617,-0.3157119885443326,-1.3852980989543693,-0.6294936046658103,0.31983070185670726,1.2788848261011159,e0
-1.3917250975785278,1.091849226083234,0.07558978023716906,1.0677822906057184,-0.2525689827154258,-0.2400995183691867,-0.48510769788848723,-1.4188743128529928,0.5366538643131968,e0
-0.686512385001188,0.891232983450391,0.1630253945880196,-0.7652454746889419,-0.41461419164692104,1.3939063985280051,1.2081034316073391,1.0322338007800769,0.0748600227935365,e0
0.860839200569586,-0.4798314665159535,-0.8492180411726882,-0.6224038216477239,0.8207066644370518,0.6365496357941103,0.5230041744018744,0.5543969116748405,-0.9135261234129742,e0
-0.21638327299835042,0.5325724756136989,-1.5207515146132604,0.07422597290384575,1.581254782855971,-1.340569867484122,0.9008086149068334,1.519218380586328,-0.29795405494902893,e0
-1.2429263144230862,-0.5858428169813524,0.2344695325253049,1.4268653609593929,-1.0917031897089786,0.2509940712968074,-0.547863005888498,-1.6257150229038166,1.009600875821752,e0
-0.5348737018903578,1.3643918412508955,-1.0611034381686322,-0.8038228951038111,2.502685262258123,-2.0941775046495352,-0.15305405436584762,-0.2754684960534908,0.7005642507399014,e0
0.06535031793350782,0.16626949981514086,0.8672769905671034,-0.3959273291163655,-0.8869213487838619,-0.5032482223282356,1.2840688927244375,1.4576845828164524,-1.9632017484975033,e0
-0.5729467520705104,0.09729067406598103,-0.5205875283939317,1.9876487565940504,0.4525702650263192,0.29599316049056673,-0.522884888540871,0.3857490054962603,0.5243726217937454,e0
-1.3610022731757678,0.9378438440241179,-0.6506141845415047,1.1514006144502966,0.1487159652243879,0.2924444050733891,1.5941454634197558,-1.463127048583687,-0.653891423036818,e0
-2.2187216496955275,-1.0253123674518207,0.2844003071664726,3.0866710126845933,-2.829084963343068,-1.186978395277319,-2.0500416442335387,0.22020342771971763,0.628572357504275,e0
2.5559443063300313,-1.7104444454756493,-0.9733395320002872,-1.881009332532546,1.2236766859198338,0.1137487520243075,0.3376546694258356,1.0589181143190838,-0.19660138043792075,e0
-1.0988080972480165,0.8552752693813764,0.3324921028501261,0.6301714422337199,-0.856204216872787,0.7819784280239496,-0.29592961942249973,0.5117912316974469,1.6640926832121377,e0
-1.5010765169344944,-1.4011801724942032,-0.9231629134606353,2.7641920848092427,0.11195024295529088,1.524116162135097,-0.613995312396169,0.653780747523891,1.0776824810946586,e0
-1.4349815576379426,-1.5978658876006135,-0.621424213676685,1.212817636981455,-0.9275463259128262,0.8652131498071491,0.9427729236946994,-0.6842248425372667,-1.0528532269540263,e0
2.4110684338975013,0.8960293986512576,1.3820403205947949,-2.2855255440500746,-0.2190861491454703,-0.1453449014409373,-0.555230211671607,-0.15813022355079587,-0.3877762983309133,e0
1.2306748027772567,-0.06808748492768933,-0.934543097392856,-0.8413739115028791,0.9819179285767796,-0.4086076145127494,-0.020585278533252743,-1.3360870818336006,-1.2138402744033965,e0
-0.5461863760653431,1.046333364981819,-0.16122466529554055,0.7133583275266999,-0.34842356596429513,-1.2564110186274946,1.9736530368466876,-0.6879409075967027,-0.5469648680161984,e0
0.3636652680257403,1.4985799350104871,1.7795120256379733,-2.1506060145244477,-1.6671690182641703,0.3556771122041761,-0.7665471723007578,1.1234957047210343,-0.14011199755665674,e0
1.1127109754705184,-0.2101495445534617,-0.8441290590814738,-0.6962826724874623,2.172607968348992,0.4042611097851398,-1.1169430958078392,-0.31480037334398414,0.06432514553995981,e0
-1.8725656437680318,-0.7994831987119354,-0.4994395008132422,2.0343172651885544,0.8328463485256987,-0.5748115593675965,0.057228519375038985,-0.19922422499560347,0.10278738150953645,e0
0.3864964290332622,-0.9573570221186006,-1.8607135660101495,1.8211209456814124,2.07977098501892,-0.34946469950640746,0.13622404351144152,-0.3905414878884731,0.3423804551835766,e0
-0.763885221171134,-0.8224641507463095,0.8288747723978629,0.6232878040582767,-1.1093071926328097,0.5390278300174871,1.106566730510936,-0.625504462787287,0.6774944925694001,e0
-1.5653011000792196,-0.019878981274646115,-1.2982193038796803,-0.3478682170911964,0.9116961842656206,0.5697123942905522,-1.1804481912211702,1.0837660722253466,-2.313088360923649,e0
-3.0604159576683134,-0.5109507506301839,-0.858435927705804,4.248233641642448,-1.6709187141957897,0.1710459037765599,0.21389622810382644,0.6596407423410215,-0.5919210552713289,e0
-0.41845919167705214,1.917854502270765,0.6406217514932253,-1.9567173066831842,-0.7642988580145231,-0.7292595537104061,-0.5818633843538561,0.3164623664486862,0.5695239047891265,e0
-1.6385619374332716,0.25626522268364793,1.2723506872457877,-0.12198840713642367,-2.19149651228118,-1.4115665768506735,-0.6513331141342747,-0.24968995351561535,-0.2816057094182628,e0
0.308659801674095,1.1639435396125162,-1.4084206888499218,-1.6175267765111292,0.31286180575863765,-0.14006672122066824,-0.23675004553591666,-0.2565950541534368,-0.15579975166806387,e0
-0.3413982739545832,1.6616341230370295,-1.1129982414406125,-0.02195388308665136,1.1413576400862118,-2.017263121871943,-1.3639584946563186,-0.9398651931847889,1.0848958556810813,e0
-0.8872652043361462,1.2987542469494877,-0.3841898452603447,-0.5315734771637914,0.22073425653942258,0.9991059015740208,-0.21591175839341303,-0.22328055007995948,-0.35421472901487927,e0
-0.5588165882943354,-1.9825481059932237,-0.07038824203624072,1.0074826129322587,-0.3673485581683691,-0.5917024381429339,0.9662474690071873,-1.520140749299332,-0.6467965901502185,e0
0.6377046141191629,-1.285224712688397,2.4867637608552675,0.6385399840905448,-0.2453033398924842,0.43807677386913224,1.3468659294471637,2.178395380203564,-1.0836114410583664,e0
2.2781589389915906,-0.5852353969375876,-0.3511134768655856,-0.8273363684564894,1.3352143411357655,1.845504201881409,-0.8249311616528106,0.2114773086449891,-0.06937451825343133,e0
1.683504297468907,0.12429127262354497,0.07885044866315295,-1.8891423131456642,1.2204874072606655,0.4397053444540582,0.7517688775384969,1.458245345095199,1.5929784120852513,e0
-0.6491157161249095,-0.5591749709035018,-0.6412228200753938,1.5375079747639473,0.15195355576874814,-0.4836120642772331,1.8644573765994943,-0.17352368600058976,-1.3526571090709625,e0
-1.2505993103956057,1.0777278578870049,-2.103066262422773,0.3289109487392648,1.4848380970228814,0.1864843702657361,0.601510370503429,1.1828708290940044,0.3257932309843085,e0
1.6301767391217727,0.8096958119272333,0.3151868230686771,-0.9498597663444573,0.9858371788638001,-0.5475471302796516,-1.201487025901355,-0.5432405840013287,-0.7626178330673743,e0
-0.19232592736908094,-1.997691447119375,-0.5257552656293943,2.2017971271119166,-1.643529666233073,0.12338243522170016,-1.3517067796097326,1.453145863117965,-0.3236265249187901,e0
0.6128016637084843,-0.974398970237123,-0.24980700045575102,-2.137026961731964,1.6038731843661882,-1.8987831273736695,-0.11537165306536243,-0.20312341634868408,1.79317504337925,e0
1.6490684995557618,-0.8962656754194701,-0.5306813746946923,-0.4039271836468445,-0.009086549926957566,1.0427838637350288,-0.3020195569665504,0.4117884010391812,1.2856785919385918,e0
-0.9237051828409603,-0.8335399688246282,-0.13750091422750071,0.2965976779509145,-0.15828024667609075,-1.3066607045674223,0.006273750474869294,0.09744204097665574,0.22352348911487097,e0
-0.8226135981468494,-0.17297181360891345,0.6033328906875698,0.41852177175893246,-0.9644744864002168,1.6554974929900124,0.03645624303203102,0.40909596604202364,-0.8094268827316043,e0
-1.8361403957138032,-0.41728584626078574,-1.1916368261270256,1.9383987425596163,-0.7709168444689747,0.13199698984110328,-0.1519787251427181,1.9411966403784198,0.003694036815516788,e0
-0.21536887434233337,1.8791848578653119,-0.4356794121681341,-2.792365016703708,0.32427801836253006,0.9784981624319069,-0.6845884007391704,-0.5104644638389552,1.356988016782274,e0
-0.6959172172976974,-0.6301250449638052,1.1788409796929469,1.3334373164266937,-1.1928306323232643,-1.029068521992588,1.1600960959262534,0.6507925992275745,-0.8209057347610151,e0
0.028310338559268344,0.10254049713497652,-1.1927773767024203,-1.2570831228179193,2.422114462977512,-0.3820916026088764,0.20596382785127584,-0.8747795369288794,0.4846062722598041,e0
1.7362487985133241,0.7981523225223099,-0.1198730739212985,-0.8441350932785503,0.4233433901755756,-1.0237566040474546,0.16139549448042473,0.09087194088742723,-0.43139380801276456,e0
-1.2407756716470009,-1.8179953635513812,-0.6874261218805503,1.4370807042219274,-0.7004443371899293,0.9065304232535175,-0.328367364479426,-0.6671145944507816,0.6330242336360267,e0
0.13504921632216704,0.4204918676353459,0.5930508135014947,-0.995532100141286,-1.3237496157611548,2.31918493733579,1.3123419668071425,-0.4124963773371527,-1.1395483736886924,e0
0.2930991082331368,-1.8294226585963016,0.6854624289133425,1.3061313936279808,-0.7880212335242984,0.057370911101016414,-0.5794446674240172,-0.4835637288224788,0.8810771081991312,e0
-1.044600203989612,0.2733193276122486,-1.7455461606143554,1.2991675591171017,1.6742378305467605,-1.449202468392037,-2.525789747300611,-0.5229201708531345,-0.4784403314256968,e0
-0.7057997240048424,0.46489186333513605,-1.2326834954976311,1.0679636996096942,1.235177545850924,0.2619413765333713,1.2105101129914542,-1.0274585765591377,-0.5464156563962457,e0
1.7755822420639966,-0.6135474771313907,-1.960057115274076,0.1464241048599486,3.725682249097361,0.5471280587458054,-3.011450075362948,0.4916404165235683,-0.8169387255259308,e0
-0.5730023670393536,0.11252055884743821,-0.5595446817469725,1.005169761285406,0.7807445645954503,0.001177640656810188,-0.284906584970332,0.11917515003088601,-0.7844451346214244,e0
-0.6807945740192196,-0.5138307537288068,-0.5139954642058103,0.7557631406192468,0.2659204270714984,-0.2955232858352947,0.4857233609763586,0.8356246674808332,-0.5955042620233842,e0
0.14184918374732702,-1.060661504805897,0.8495599853376553,0.3824637938822287,-0.002862765755526242,0.9117715745587862,1.4197869860997896,0.10677724233113242,-0.21223803884315595,e0
1.1856774185060133,-0.07721766254887426,1.6748602277743765,-0.8354066437756643,0.399509891577835,-1.7741461029330166,-1.4580215367737777,1.1991968909309343,1.18615848349609,e0
1.1462602781437985,-1.2813218705118012,0.3006312921505879,0.8681095575249467,0.8699424195458807,0.2737782144923443,0.5917901516494696,-0.48797635649312726,1.1031849161072949,e0
-0.17357665399708633,-0.40429265410810744,0.25505023252135767,1.4226624342361354,-0.7911998521747894,-0.9780268280270532,0.26474916059722137,0.8978117352621887,-0.4870478663062789,e0
0.6436785228602263,0.05103865717653414,-0.26975328518802894,-0.9990423440120623,0.379375507733021,-0.7938981768211026,-0.6998817399445487,-0.36763268308073177,-0.7117269482455743,e0
1.5837666833494848,-0.8886527469348778,-1.0651074617030105,-0.2997188045968619,2.1663787061427406,0.40073259475623646,-0.5076193100640639,0.9421281407345922,-1.5590836380416695,e0
0.34669198541499135,-0.2328555527723943,1.8474093048439182,-0.20687179065043404,-2.7283836710129217,0.45681329643684543,-1.7013013670460393,-0.17662088847228702,1.3427357941209168,e0
-1.332310453719282,2.972574292632735,-0.08603980226964797,-1.8161107426728278,-0.8829039210795858,-1.1645666272568644,0.8627878073942588,0.012319205628171633,0.19173487964230326,e0
-2.1035974026555126,-0.8972527922939801,-1.816210932219823,0.7399743541434156,0.9591738855315974,-1.147217317530638,-1.9199511869184505,0.3063224444694511,0.44885502536008837,e0
3.314413014174642,-1.2495516359503271,0.7380884815139209,-2.5814709960992626,0.6776745590417571,-0.17587423592591395,1.4863565019736626,0.5968648171204536,0.6731945530266346,e0
-1.111277073798183,-0.4917046991442157,-1.3978138518935639,1.4429504502962915,-0.22985424582618874,0.7281333770033717,0.7144413996742288,-1.386628310688693,-0.9809568219430949,e0
-1.0483291032219972,0.6029065332890343,1.3562849937251804,-0.5609180928454356,-1.3122546045210273,-1.8298492844431529,1.1267088563844765,1.0600164392621683,-0.1690760182173529,e0
-3.0119707613071913,-0.14856091003083488,-1.0413232879022336,1.1641070946769414,-1.053952579075767,-1.8179132247570622,1.361196247658805,-0.34497139826697054,-1.2572391168522856,e0
-1.3696757625045466,-0.4521661262575571,-0.9884736390729141,1.7947933358194583,0.12429785221821182,1.9200354347123116,0.7222048117230965,0.10581974821721664,0.31037752006366603,e0
-0.12588369490629248,0.7457116224752653,-0.11588777892905626,-0.4053933863327543,-0.8189551408305737,-0.27163733647068494,1.3317037425743923,-0.505960509460212,0.5998376899771444,e0
-1.421546894831837,0.7947061704225461,-0.09672805085973521,-1.3102731170539217,0.5717820104058233,-0.41728535597151045,0.5932740598510438,-0.2438513601248428,-2.153009802738899,e0
-0.6941509256304413,0.8038925576717754,0.4938599588913577,0.3082087569416259,-0.834118616368674,0.4671493010937334,-0.5019481048807021,0.5749597171663189,0.09553976042427516,e0
-3.50841834559958,-0.5900245428919259,-1.021383518530686,2.276424306214492,-0.7105651603384259,-1.05696946453229,-0.569328858711162,0.41083615698176723,0.6004891077667646,e0
-0.9484872495687989,-0.8735687005905115,-0.980930891103818,0.15217304151866462,0.35037303428440775,1.125830269812455,0.37314908171292444,-0.2282835568500504,0.06433315145680416,e0
1.0111466926406916,0.15319185916557274,0.31180943695060304,0.2165752581844036,0.8207447536740397,0.5623565268593742,-0.27727835054438915,0.2635598382876176,0.05964869941978189,e0
0.548124781712007,0.9844398229225825,0.8318435841868139,-1.6068255367237594,0.11574667066526334,0.9026613873972709,0.9953449320253114,0.46204763521257963,-0.43161573086949906,e0
2.248379978450333,0.15559869557708508,1.3212871249585205,-2.7521164300822445,0.4653771045340829,1.609506870053344,0.5420585474967836,-0.2123310203452093,-0.4201588367582122,e0
-0.7134458863045595,-0.6601788486563873,0.3728953192089073,1.5304336616742413,0.35327653488010013,0.5786142628133414,1.7071801575442103,0.13986129382345042,-0.5831598081293464,e0
1.189243422143419,-0.6150119142208297,0.5044417860912749,2.1534328788708583,1.1188000898622557,-1.8823859012027069,0.5589791338045053,-0.5930736896572463,1.023621929685403,e0
-1.3717790655598496,-1.995526817691164,-1.5294663354463633,1.8306805826410386,1.932563120357254,-1.1882952548356058,-0.6494459068408787,1.3835610452552984,0.04964533831611432,e0
-1.5139001018191947,0.6059405171917763,0.057136995831530174,2.158292207663356,-1.967677077684597,-0.8072506446914023,-1.240111169448063,-0.27536744137430996,-0.3884783149974409,e0
2.4095312707342793,-0.5572828299398546,0.12768052704088945,-1.341951036693648,2.0091739613909136,1.4945105995662622,0.3012308900064734,1.1574271587400786,0.4556941535592351,e0
0.8496990951598157,-0.15099527052383033,2.209360370190684,-0.19627908027798208,-1.342335460598554,1.2328236591263195,-0.27334225655403777,1.2110826986306193,-1.7416994119891838,e0
-3.472479012680772,1.1243166512598795,-2.0579632532701306,-0.18731940529581315,1.3839965327480392,1.0604685237108398,0.24143344925457505,1.284050581535801,2.216438936995267,e0
1.7540475704182417,0.20734331055592942,-0.3288242971541765,-1.7586222927221533,1.8939335349415543,-1.2645553679662478,2.5591226548281623,-0.902832068383905,0.5476518627401669,e0
1.1808610852565509,-1.4869443938784914,0.7308994531229568,1.4890327918759838,-0.36628619429728804,-0.043686761284621525,-0.1655823408369813,-0.749554371059307,0.09453313929961675,e0
-1.1492859328453278,0.18633173380661447,0.14116667147142845,0.9170008643632983,-1.2399516096848868,-0.10151258858080281,0.5321765454357598,1.6395435930693123,0.4577905164048483,e0
-0.4125194026910909,-0.4401475385361945,0.8512766946432606,1.1663724019305208,-1.2275352566629136,-0.21468097281158052,-1.0033205984711078,0.49080973891268287,-1.6363709534235298,e0
1.2392432166875766,1.122518095004468,0.6778847166902308,-2.1898826888887974,1.2031730607850937,2.175956047451429,-2.074257468032301,-1.5511868223239949,-1.1522202183142367,e0
0.4391005217365104,-2.309464326331448,0.4189440674086477,0.037184120062269344,0.33496369328835257,0.25990524102256474,-0.2944486257818544,0.8469605111846839,-1.2627784984786055,e0
-0.7402330760945043,-1.0134884618700573,-2.37669350358787,0.975928741765213,2.9453261793884544,1.379756499347672,-0.03517743508551657,1.946915992828142,0.5654944684935982,e0
-0.4838031294039449,-2.0175689885349133,0.13603239438315368,0.7772631637530562,-0.9671075771534419,-1.4421992142526672,0.9961053033848544,-1.1977493393883782,0.2966840865261924,e0
-2.5736219534509996,-0.7969824176258454,-0.5132521736359497,3.416277060724302,0.5040786319800643,1.730914004678323,-2.239687619823384,0.9096789973770604,-1.24905589708424,e0
1.568697995264746,-1.707559964644277,0.6419954901669896,0.5641790014267206,-0.605587072410103,0.17500299265769342,1.1327389545980966,-0.9909552239467868,1.5003589738753214,e0
0.9320076198462905,1.3427902285178765,0.26141252516203256,-3.0123420336594036,-0.43539187426802395,0.5175447956383256,-0.28665124533026,0.7691371023243577,1.5376755197692331,e0
-0.2106835322639623,-0.034936354045610386,-0.7672009029446151,0.5778809262201585,0.9379284834336798,0.9264294977175774,-0.17073095626927703,0.05174122041413462,1.8584614604674685,e0
-1.1603715631978213,0.909275164471984,0.49927450966537507,2.605780994108192,0.5792422768535503,0.5736833831618241,1.2051804232145304,-0.3281953579409903,0.021143186922731386,e0
-1.1500544962379893,0.15304376370158032,0.6742957080790709,1.242862362724995,-1.0105989719950044,-0.6974592361021965,-1.7900736104604162,2.518067863155976,-1.0342841419975166,e0
0.8676893481373384,-1.3632272214342096,1.2954278036825653,-0.48052035125991854,-1.2544391278873044,0.5726034653398553,-2.028613317683618,-0.27215212318189563,0.8744355789514268,e0
0.9387874235025548,1.27747109256158,0.5123995114257037,-1.2237835729755333,-0.2701488877665007,1.656275759911186,-1.1714908267239672,0.0960411123691642,-1.1864298772188848,e0
0.9693623690468881,-0.7986120053137304,-0.38710563775972506,-0.37073208199385554,0.3078837492414726,0.5385576155507746,-0.4363323759763857,0.08729226679051433,-0.8365565852243696,e0
-0.4404434858393841,1.2665075317988943,-0.6587122896523435,-0.6164347096784154,-0.2388629858490358,1.1693778929448715,2.5588866434508453,-0.6095425300373166,-0.23338781122102673,e0
0.6334418085578422,-0.9833875285453708,0.16236948488296493,-0.11367639443189814,-0.7348636156949707,1.3253230505301357,0.40435975000599045,-1.7470818653679507,0.8524997077635643,e0
0.5639640668152925,-0.03672898371564723,-2.0124277486129234,0.07168929023695553,2.336215508309738,-0.18952682360224268,2.6512020022688527,-0.9079001708868434,0.6140100586646065,e0
-0.430037065148615,0.6362764606962646,0.9607582392164066,0.6161257833883557,-1.064014408227909,0.39806461327049614,0.6946908936141938,-0.10112297043334574,0.6431989961493545,e0
0.6352742698252312,-0.6982478146812553,-1.1941224273951405,-0.30777869630562243,1.5323031245272936,-0.8443715560323588,0.961361427030175,0.10388557380115612,-0.015835361567764314,e0
0.5725309322842727,-0.05978020947413174,-1.1088162007272828,-0.479570249624096,1.206271766648686,0.053813260276166126,1.3266378390207907,-0.5176731779931971,-0.7545402579185571,e0
1.5196180300281612,-0.42068516552334023,-0.22715485563516793,1.925465116199619,1.1196779949301654,-0.5639850498654044,-0.09662131043962179,0.7712153735728257,0.5056985109911092,e0
2.102672172166093,-1.19376937645547,0.04416480094424114,-0.3326511364306096,1.526772177577925,-0.9962746702150209,1.0299355316503702,-1.052226301226976,2.5112777845677976,e0
1.9633876306809972,0.11758097572993491,1.577340197855133,-1.4637797108726749,-0.8322960990034607,-0.8256391838263462,0.035277524914237905,-1.5861342786661063,-2.45294065134355,e0
-0.17602516673254986,1.8389756240215607,-0.25987046345502507,-0.4785237274718198,1.8451364505283838,-1.1186231262586175,1.6176001555690274,1.9665170406579338,0.17283233555022567,e0
1.0401997169370205,-0.24571939646416646,0.23449978567046992,-0.25835722689943647,0.41068940598012227,1.7431515416937362,0.059969957850666646,-2.2218791473272623,-1.020595472851332,e0
-0.323983679271095,-1.6574176312572906,-0.3745975000338426,0.27939142332322553,0.41601337783414744,-0.37397926304949225,-0.9237324251657613,-0.5732114693743733,-0.6277432777150306,e0
-0.015555992738210622,-0.805880707837097,-1.5386224090074812,0.5998160959874521,2.131370131031731,0.39077696782593624,-0.2894890564808601,0.529139661320874,-0.2679877719383789,e0
1.1705692558394654,-0.28362421572976154,-0.10006154947690524,-0.40743052307051564,0.9222975153584348,-1.7660976616919617,0.6600403363976447,-0.22600699357843204,0.4507147981947749,e0
0.891338166239588,0.8716082453402966,0.6980137625618634,1.0202003159430642,-1.5685921942308876,0.1262047763366081,0.2619612582756026,-1.129331527816269,1.756724086480893,e0
-3.026101146450932,-0.26160933924521274,-1.2689167679318696,2.405140285663614,-1.234231669954296,-0.4720419850406675,-1.7968292919754492,-0.6019132953386296,0.08063448517360405,e0
0.012071778483671747,-0.11135366006178223,-0.37696802835704085,1.6674056575900245,-0.18291924224578632,0.720573906698157,0.19608628496066782,1.55928819547938,2.5848587573324044,e0
-1.3750375072309624,2.4026457687284952,1.2043778879770297,-0.5181944832047775,-1.7829074712821131,0.15912024051638798,-1.4902178475939212,-1.0348345867499964,0.7523313337326158,e0
-2.609443499038703,0.9653592453758061,0.08372292029940466,0.8500000561154892,-1.2998682868771299,-1.128936354489835,-0.29373060405497614,2.488480471759748,-0.33135887909695877,e0
1.8872922713351061,0.682450780774036,-0.9434616378734539,-1.9782964708962711,2.3291106859795296,-1.2294283557000831,-0.24024820641827002,-1.1073464116196523,0.4910819576415447,e0
2.811086099334642,-0.002208076052777415,-0.09330515131268845,-3.309388673169364,0.2554692379981649,0.5161679139691103,-0.4298755142945709,-0.02587903451432053,-0.3470734989165953,e0
-0.5883222807484825,1.4180197800829748,0.4469932254006761,-1.4042690137977898,-1.2822007617933078,1.8125751855630061,-1.0347419218187135,-1.0305115219716976,1.5941716285392955,e0
-0.8908596625762043,1.753403265098641,-0.3782402206450462,-0.27628056937713985,-0.04667132456657114,-1.6670705412107183,-0.12580197335180998,2.445167175415374,0.21664289471393713,e0
1.110221402936601,0.7401092227972748,0.6814564299746181,-0.2612406851573863,0.1364134918199686,-1.9262216776702,0.16035546399393952,0.561784759684246,0.04228509220379356,e0
-1.6393752135005162,0.6690029042706485,-0.4549783330436234,-0.6728164607264802,0.6471495033368868,-1.01668684602243,-0.7556639368008926,-1.5964623427471334,1.3931429698157909,e0
-0.39372690051934967,2.1638510328635854,-2.0576004084556314,-2.700977247746316,2.821304436166903,0.32113151993581757,-0.49316226440061406,-1.2197685257742816,-0.9935863279825818,e0
1.7774440240890286,0.8602201684545382,-0.4682797390012056,-0.4995524057439409,1.5763337861018087,-1.4318752041798992,-0.2329803880755124,0.5695394845445648,0.8636508645439894,e0
1.5154360080117106,1.012374832032778,1.3777174976857975,-1.887938766363358,-0.36588489746876274,0.6973655769067179,0.8729191440502043,-0.06186381528363371,0.48670098146748214,e0
0.04582943847868959,-0.2981457046162906,0.6532010045278908,-0.327085579752625,-0.9003619081657273,1.1276657514403863,0.09945357503779942,-0.034965741571866125,-1.0842912688210582,e0
-0.8431075984631387,-0.6299631111269391,0.43217004254422636,1.9410959809242296,-0.6644961915411325,-0.34292076641372754,1.0638708077079664,-1.0445211667681,0.8142445360771996,e0
-0.6669544916710839,-1.546774122240504,1.8233698923898785,-0.28928039814638207,-1.8174926034156695,-0.5069674837987819,-0.6435804296071216,0.11778833211557162,-1.6976885065019591,e0
2.0093576576972136,0.019002539626430587,-0.9101761955244818,-0.8189331167598891,2.0257834063477085,0.20255155163003535,0.6908938021130503,-0.6853937018416993,-0.2414092286569966,e0
1.4434149412321153,0.31767868347720385,0.17370064040552524,-3.010252300379748,0.17121736591854336,0.11719444186721333,-0.5470528130996539,0.39364236029220434,1.712908363687187,e0
-1.0178431302524322,1.017322611233772,0.3526765818233672,0.515474449015529,-0.7103078253086201,-0.26862283806228615,0.3545172566429221,-1.0665274710294206,-0.8005175285920186,e0
0.23801838281105436,0.7424188269086631,-0.06118793832906891,-0.8587700297213917,-0.9211415777020225,-1.1843740302898227,-1.286588910003021,-1.6629122110501864,-0.23933931548678075,e0
0.5640983504219594,-0.1380482794049329,-0.21232244933899982,0.20171189444288673,1.302926846244287,0.0210380823776658,0.29107321442975337,-0.5026103180014341,-0.851745812111334,e0
1.1385976300707519,0.7217662560270699,0.6578637215609583,-0.6851960188082801,-0.2753269561233745,-0.7786974694305476,-0.49232164810067647,1.0808259321988867,0.27078537296001903,e0
3.4138787262612613,-0.8228571384518001,0.12333992418363672,-2.1811348074017913,1.440382238084558,-0.46696592464714437,-0.5395531409926168,-0.09677450778523389,-0.9750795515518792,e0
-0.9968129176783133,-0.7984626718106753,0.35953085666022006,2.011744308530181,-1.347716561990577,-1.6217403302891407,-0.2703182652562617,-0.7797987922900536,-0.8049311200559992,e0
-0.621372835270258,-0.32083435244196806,-1.0597480078775687,1.2240996378371867,1.0911586455096864,-1.6095309216340714,-0.060209202871725036,0.6045387157565826,0.8002652412823479,e0
-0.9533535793343486,-0.43596572967082836,-1.126197493087839,1.5595537536739394,0.34476180558589153,-0.5710369316537269,0.4316109047638508,-0.7454513422747754,2.1128916344832525,e0
-1.5748943595069271,0.6777548807489477,-1.435334844821135,0.5335786372877149,0.20260348075740364,0.4806465458493219,0.5274637344590744,-2.0623174479464574,-0.2896419650158041,e0
1.3651216229006466,0.5753457873268919,-0.371170967331473,-1.600044045996817,1.060516391627163,0.0016493361739755286,0.852140894818557,-0.7576625339722317,0.9506239109770058,e0
-0.15319088948637938,-0.9554385776107818,-1.516275864318276,1.105770659438263,0.24662902448008106,0.10751067594347956,-0.31110981123011733,1.19373469479458,1.046601757383353,e0
0.8106796212122679,0.46436038556072073,-0.42266268901464443,0.31288197212575164,0.6811350628663386,-1.877124320647736,0.13940858161290554,1.6435768388677647,-0.03813018414842416,e0
0.32910055626834595,1.6126662502710187,-0.6842079243385594,-2.0640476862324526,0.7669122097393034,0.21136825223866879,-0.6395740957523889,-1.8937297827055335,0.2526693587601337,e0
-1.7475914310435847,-0.2352610234958714,-0.1565032198102125,2.162709102862674,-0.5934558552897605,0.5003618824343374,-0.47579459117225187,-1.254703600159896,-1.2020227627211886,e0
1.5200259549903397,0.10802098770050343,-0.6237071122674999,-0.5306876489473068,0.6930321643384703,0.30403466156092546,0.710303668529703,1.2485357836511943,1.1153177306963604,e0
-1.1427824577606667,2.3836315957076137,-0.9833967930506964,-0.9277584887418338,-1.3456053386225562,-1.2807781049631952,-0.9259839068112518,0.4736233007647184,0.002448888638888113,e0
0.6912362914043246,-1.516355483157991,1.2841847413845697,0.8353897522182654,-0.7958216935581364,0.09048572691043155,1.5945703485694784,0.35573188128465305,-0.7939435914714358,e0
-0.0483014102186885,-0.36060262349669925,2.2853345894283197,0.7248844646093638,-2.1201194612737373,0.6007325702451936,-1.5666459708192788,-1.047422032134662,-0.9303757672246648,e0
-1.5109419688000993,-1.1740556500307964,0.6327317884736099,1.0085645258537426,-0.30816505076439143,-1.7973649955675688,-0.40017731600642675,-0.03670772506922313,0.9834678581747583,e0
-0.3767340224260415,-0.43105257545580605,-0.5051419631912648,0.5968678274365846,-0.7372466855977964,-0.9512604582948685,0.777638347204499,-0.8975700926025482,-0.4459476069793834,e0
-0.15083226827144283,0.16308912622690294,0.37465429444307086,-0.7108872019038192,-0.11352846363476908,0.7520818757861596,-0.14186956962092723,-0.01027102776789443,0.5526530680538775,e0
-1.4471516276853342,-0.2705605961464571,-0.22318167231610825,0.6872727534224001,0.8269165295056734,-0.6413184011662508,0.4503232628086928,0.28376534385658636,1.4956366858575958,e0
-0.18997585366579872,1.0661412820827518,1.0011425989104707,-2.620154150670723,-2.4918985278591554,-1.0394129764193187,-0.7679388487735086,0.680408737439401,-1.133988036020643,e0
-0.3329694996538196,0.5821204229915965,-0.16580710200261511,0.9721188560726003,0.846125203154592,-0.5305574736759213,1.0177976721056012,0.2868211482781443,-0.22797345996980317,e0
-0.9563181381761336,-0.36119510004055716,0.15174992047012,0.025499543349710496,-0.35059280137715787,-1.0504339196842483,0.07801470690489919,0.2993821681714397,-1.0487187466700578,e0
0.25593131382877327,-0.6249575292851167,0.21098328572318412,0.7877315752127333,-0.688248651122398,0.1003852936445118,0.7565495207317502,0.40955136746577686,0.39816723685596594,e0
-1.4581381627011711,-1.5028513180680123,0.8560488198380214,2.4571514036770656,-0.9735150773684398,1.6345509482254639,0.38968366766114976,-0.7743181110095517,-0.4577562514637076,e0
-1.1968258528224565,0.6896240335278586,-0.0255884235768817,-0.22950322688326835,-0.016694253525837047,1.0769909842279743,-0.15891516532667804,-1.930013860778563,0.1637845419171908,e0
1.8595631100204009,-0.018340150271273437,-0.010103822600866907,-0.9364670360371224,0.3913737320018562,-0.20252555633844876,-1.0132282811592563,1.14616672789585,-0.5703150183735061,e0
-0.31038312840808613,1.9012765796234417,1.2013507593065542,1.1555949560135794,-1.7876406428682319,0.7324283906401677,1.1123383800780098,-1.674066531870293,-0.0923057128105607,e0
0.20201953201470751,-0.09136049677570367,-0.7654582616185529,0.69683153361713,1.5144493534611982,-0.20588990041102204,-0.9599856992825272,0.29608848970633106,0.07537203650134028,e0
-1.8574765523694439,-0.8628700790800413,-1.0115259840204927,1.3189228772988257,0.602213056602568,0.7487816382130157,-0.16837381365592605,1.0396783363797986,-0.1320002418266943,e0
0.36586940193894013,1.8871580461934296,0.4618817250501865,-0.5955566859772359,-1.01199353806989,0.6603116531547669,1.9382469872542638,-1.0586892925258387,1.9329050591616663,e0
0.32846416398385364,0.8874397746680266,-0.20725003522535546,1.2400864868419337,0.997212150188751,0.159167903264871,0.6907862431417072,0.07623597150847458,0.39776554084164023,e0
1.0839817284872937,0.13858029446789108,-0.8236691498291207,-0.5298700084105252,2.3726628783655626,1.0605993929900768,-0.1870168394497086,-0.4823362717131899,0.9601989277843755,e0
0.654631685474715,-0.35253844111411925,0.6574706370791706,-0.4971098082752019,1.2938148686936588,-0.4037062446022612,-0.5723287218550178,-0.08746492182189941,3.257199074716764,e0
-1.1519212144854816,-0.747573601267125,-0.47974275486484425,1.6353673510269404,-0.8030500537814507,1.416426297211753,0.8856578662811329,1.501047882596636,-0.38606923058570836,e0
-1.3516520498889972,-0.8729168475734732,-1.2260017238339829,1.777857701971009,1.072167566059452,2.1418280128720326,0.738457692785419,-2.1865836841480757,1.0597017435194804,e0
-1.553130450871129,0.5736104270965086,-2.7655779246670567,0.05434813850848896,1.3411335355315235,1.026807304760163,0.11382232682878204,1.6089894922905934,1.824578054930774,e0
0.5172277899959024,-0.62744358681017,-0.3664373169105649,-0.6761178472058657,1.1611084122368258,0.37476565216467417,0.5695038082281503,-0.922937659714148,-0.8851197713906963,e0
-0.6202017283842802,1.7877017834463647,2.661205947199466,0.8392728634618556,-1.9812507080576853,0.49815759398503895,0.6945195944129824,0.1642509844687974,-2.0940803838257245,e0
1.511482204517102,1.983027453146224,-0.3368725502133775,-2.9584143805594985,0.9763176342062752,0.5411390095865136,-0.48986640228500844,-0.058973969630420287,-0.7842351299597102,e0
2.4092109450847374,-0.7697505004049378,0.4427839499450758,-0.18699626194762553,-0.12770794259078325,1.6230543899046477,0.24219279158200022,1.0426020706033752,0.7745799450845614,e0
-1.2797855395802913,0.21256468115985777,1.4528615414307142,1.1933487768575364,-1.5543901899627661,0.9564937800140482,0.8170655578602324,0.5984597023301317,-0.7344396871802495,e0
0.05068058568355398,1.1880876404572724,-0.713284566362473,0.04323605353244575,0.9108755902569631,-1.2780490190910927,0.1287480784987166,2.4950131871728485,-0.0787557193315917,e0
0.8275494963061436,0.44806905870215924,1.5653543484628831,0.08337526694875441,0.17176077228338038,-0.11674109467348516,0.8201884352086035,0.8635276212957119,0.9222601666068166,e0
-1.0995413105966982,-0.001427968279875479,-0.2503167311911046,0.6103846169550068,0.16231684503342036,-1.9472798859251375,0.8662751217621971,0.47932447991409655,1.4513513380054217,e0
1.2078063315653853,0.47142232096413794,0.9699476124142469,-2.108629709226575,-1.2393120803502442,-0.3894591234025015,-0.6599708433139979,0.5643689201499958,-1.1599671964468858,e0
-1.3756453188968407,0.16156558080063135,-1.2712779824717215,-0.2727490674510126,0.25987966533298645,-1.180526459763615,-0.7320993392205094,0.0813297688185714,-1.451934571321874,e0
2.703764561791077,0.3709514132734059,0.2715569675197484,-1.1355894811773464,1.980393769991638,1.3019073272176465,-0.7542448954043626,-0.6227593539594851,-0.5290852783797475,e0
-1.2020145604227432,0.37752099130610356,0.28545297126862895,1.141344598497551,0.1065775463245763,-0.22574884649058086,-0.8039795412089118,-1.6201353530972067,1.1714576009859077,e0
1.5402635367055233,-1.4341400627923468,0.8498698970150325,-1.1326940513512334,0.4921635900273341,-0.44270410404633015,0.5703353931316224,-1.1683697144921645,-0.8992520478253128,e0
-1.1959589861642457,1.8056491900002554,0.64493437570627,-1.160322604288258,-0.6434830167419864,1.56353585091093,-0.8898497718803172,-0.5093866357812649,-1.8297978906213315,e0
1.5652690887141874,-0.9199545784789896,-1.0266428268850034,-0.7297641421993326,1.1409054699643124,0.8167286805746939,-1.440762427202922,-0.7521490784673149,-2.0154953872997314,e0
0.10249930971175569,1.2401394628911044,-0.7500543319303509,-1.8272644546508938,-0.33454208778888805,-0.3114738530208609,-0.25660356304254406,-0.2679666507531389,1.9090180124828737,e0
-0.7842154839786095,1.7184840406988335,-1.021828410381641,-1.8278441359368982,0.42296500763383915,-1.6550681996704129,-0.3089426622692039,1.647814874937013,2.0066816575193047,e0
-0.5803863382073494,0.5502955851475098,-0.28029518746909443,0.6354692870781291,0.15271710529313998,-0.23390181430336687,0.8220069067261765,-0.192865875243735,-0.11459891682585936,e0
0.6752673628466541,-0.360453892004851,0.9782301660508295,-0.18166672562484373,0.6864193587045141,-0.11686194744497216,0.3288854064432271,0.8520286603384165,-0.8705242998530732,e0
0.06392813495209848,0.09707247015026695,-0.23763555243350679,0.7983389550771436,1.1240037486330545,2.0043593399998576,0.23604178783271865,0.39954329580652165,1.6620286704458818,e0
-0.1102056461404134,-2.1954906284696616,-1.650991678988067,3.4738853420694333,0.41694288257807455,1.499624128634236,-0.13153091477817547,-0.6582132725487072,-0.7164094620878635,e0
-0.735668964242091,-0.6352736952921346,-0.6511898032531555,-0.7023445430933297,0.6836431796538455,0.8276465583323251,-0.9478540406370173,2.0048798923308797,0.16417140964217247,e0
-0.4333157244645917,-0.5144504149391631,-0.48653299247849957,-0.5688824790406385,0.7873933124450979,-0.29282813207845093,2.36304961143567,-0.055963272327248154,-2.8346457150856743,e0
-0.5579402050793325,0.8266013430612893,-0.36951606785988844,-1.3439852604419462,-0.6429305882624701,0.2022623432668724,-0.8517580046625051,1.0777029441963177,-0.9286497219514857,e0
-0.9541741620930793,-0.5158492403776349,0.004951081544247763,1.5196412753785582,0.20054796539758352,-0.07976981421325445,-0.30623816708042473,0.7862149057710239,0.3488761622243512,e0
0.35999223565479077,-0.6155454948111717,0.13310434159700021,-0.02603374226539032,1.2261948861022365,-0.7795688779970198,-0.07271146132240519,-0.08653939004521116,-0.7586897202825249,e0
2.565946485269027,-0.16096102716470223,0.33489659076106887,-0.9647209274532799,0.6323995405295417,-1.8665798382723995,-1.4835015786962824,-0.6018526296603287,-1.2072152849045878,e0
-0.4896155487359753,-1.1009922259726674,0.6584217198719567,0.10102472236009419,-0.11064705518577633,-0.25129878981797993,0.6450893116025315,-0.7346027126740062,-0.2947264850240668,e0
-0.8082476400385818,-1.964767157638069,0.5456016418690188,3.062210637886774,-0.5118477562720065,1.422668373561009,-0.11254769138152877,0.9075277941520566,-0.6594046413890496,e0
0.9671639647892514,-0.4542737540365625,-0.023915467112676326,-0.814447956073864,1.1551105553931622,-0.06452763707194308,1.7487788076827728,-0.23343451333388332,1.3044781165780952,e0
0.4102874966907362,0.2931695691419686,0.6440087363883328,1.0419219093096501,-1.1400237556469888,1.2188454739168209,-0.019984539204202907,-0.07811126352847579,-1.7185134630816554,e0
0.41292891797298853,1.0455239413357826,-0.959148422996722,-1.0676889622747543,0.8293824469131745,-0.3730545087800135,1.043733812378075,-0.1036501744271033,0.9036201897234318,e0
-1.8852358100910875,1.1080180574086291,-1.4858683213830857,0.6450392722739295,-0.35643307444275607,1.6103460461036636,-0.07248527946378823,0.7251461744791782,0.05805529088165072,e0
2.8542971199409055,1.0952828896545337,0.9046283703940743,-2.288194427237392,0.9514687872126065,1.2830828809539845,-1.1244191668388392,0.7765744529618045,-1.3547518418941187,e0
0.6074865117837978,-1.1709554231872266,-0.5376260115033302,1.3966572837013298,-0.4014045114468554,0.197842693842566,0.014107587112294151,-0.10110657409046479,-0.3096064280677949,e0
1.3539430509009982,-0.6870621928034999,1.4661232166224887,-1.9112343025337397,-1.459258148376077,-0.11400838921516698,1.3908301812721573,-1.0167416301682375,2.036081202677209,e0
0.02715297534127248,-0.43586026824178764,-0.31373153605900495,1.0665770833535033,1.3831778899955474,0.03499089772374878,-1.2707408417072217,-0.8331624892156104,1.7698052874901204,e0
-0.5629273272447805,-0.9132881287051585,2.1009811972856474,1.0504876816498971,-2.0092101257903385,1.9861330302507458,1.0752631431836257,1.0346331120355794,-0.7191612719508601,e0
-0.19231668210107933,0.627297624140658,-1.4823024270447942,-0.482018715343966,0.3699720755394602,1.3005532294476239,-1.1484151607969204,-0.21665681679723878,-0.12575208724681924,e0
0.23384083667278555,0.38516132259998165,-0.7487124155706065,0.7763259269764445,1.3164165220544934,1.0483950640879145,1.9820334343714416,-0.3301447393918376,0.9518369572558141,e0
-1.6636283517457564,-1.2241850348113432,0.44282877224399236,2.446958368161024,-0.8223593662944686,1.0941230112190463,-0.266630814281278,1.4055018451122432,-0.8253111302717803,e0
1.4694864781026737,0.4668209498482655,-0.4470117958942953,-0.8351247761955153,0.8808718805751949,-0.6411520511801317,-0.246396305260956,-0.4945539661075617,-1.0872770173760133,e0
0.9057574033763899,-1.8579592884273426,0.08108277126837858,-0.5214007756402339,-0.4772765197596679,-1.6904959076346031,0.18543196122324326,-0.4386634141582629,0.5343699760561508,e0
0.03964254710254746,0.5443034196733468,-1.4538069684296901,1.1446629124263468,1.3725882337801099,-0.7886935703490402,1.382798590891012,0.7349469038302376,2.2792562264275538,e0
-1.465095011953989,0.35948817956383455,0.5470083934748569,-0.19119764173618004,-0.8001771016182727,-2.2065132133343393,-0.5101821499374615,-1.5474105458913645,0.8543062668521177,e0
-1.2380828554621142,1.8582428705989178,0.9545151962342889,-1.347319817888955,-1.0354328165008386,-0.7527246846963376,2.234641044498409,0.7170967046959333,1.00825971920278,e0
-1.4587760678048307,0.24607568131308913,-0.7731639359773783,2.3878965720045993,-0.4269198047989052,-0.42698110024590125,0.7245180384503283,-0.35540372569921813,1.6506478440651045,e0
-2.006727935246893,-0.032254747631714716,-1.0230602802691253,4.014457726125846,-0.7541158906302334,-0.08430481529998661,-0.2693745064299019,0.028488060759631763,-0.7936544095683674,e0
3.4364324567676006,-0.2626195397660918,0.9432952243429817,-2.1502886346929433,0.6262869044392033,-1.7096167640183537,-1.2949115702403755,-0.40499679983976056,1.4983971545747208,e0
-0.671464323764328,-1.4154995397791543,0.1691067232211646,1.6913298679828357,-1.1027859963940818,-0.7745125996354381,0.9285856337887466,1.4247820029558043,-0.3427063373804111,e0
0.8443586888602954,-1.1348410373297997,-1.3352059585868652,-0.8086757627397734,1.909313504323154,0.05108059027968784,-1.2391526008636429,1.2639962268082108,1.1926589723301089,e0
-0.37364422680505804,0.5778280420722762,-0.659992021765272,-1.3466025753839839,0.13861954674166566,0.36188973116313145,0.06879474805845133,-1.6986744817112698,0.5592575446035339,e0
-0.27144384437362223,-0.459142890450915,1.3374585424631027,-0.12010181182345903,1.077986511793839,0.9804291237371938,-2.611063829076305,0.800918505476355,-0.5618160151207174,e0
-2.3766149776951275,0.4418989720749097,-1.523956699723296,1.7804335024492288,1.353157657923275,0.7350970642760396,1.0243929175623487,0.6673570092858983,1.451267059706092,e0
1.7560759111703534,0.23069108232594224,0.3585355445063219,-1.5608078400563035,1.2366188540949072,-0.7816229762798613,0.7148879837757196,0.23852612819676336,-0.180412175762313,e0
-0.9985674428877609,-0.7042682684457762,-0.29829166995884304,2.2018404100855715,-0.1729548022852955,0.04024210567789211,-0.41238195661827837,1.4285240679747322,-1.2978311792247235,e0
0.8746780372028254,-0.8191351248960623,2.220554391153228,0.3960171217502295,-1.0472693755365647,-0.06618076644095264,-1.1551878386258785,0.2421192632657444,1.3657903702789063,e0
0.7980995305716843,-0.2337634725205693,0.07527301103635846,0.8576665999578907,0.49265392796070334,0.5141404265891116,1.086718953158833,1.2840751093859675,-0.23927265201940362,e0
-0.7189362206251418,-0.9152378596661588,-1.5337005012069842,-1.0724286713031144,1.7017934524655587,-0.21486423035017482,-1.6776627210416695,-0.5347588522782529,-0.09270346511911429,e0
2.635099779929172,-0.4548851431271364,1.0228814840016744,-0.6456412480822264,0.11227883948443296,-0.9280056973851141,0.6999575474864393,-0.3029168692678301,0.27613553549872516,e0
2.214893438727314,0.17962237828737762,0.4367776930586244,-1.9395883561778016,1.6929899829501878,1.3896849270493639,-0.23586413816331792,0.10549492482724246,-0.8159720106914474,e0
1.627786975943853,-0.1745596896831459,-0.35800178342252115,-1.4588693977911389,-0.290058003149431,-0.5302232687002802,-1.0650632068535606,-0.7158738016380587,0.2750041506953522,e0
-0.45705779461978047,0.7201031206553316,1.0204157052300002,0.7837451506422397,-1.4496523864581645,0.8610306300516435,-0.7223670304645953,0.9073398629395589,1.2639776835933891,e0
1.869780431173279,-1.8854105134160066,-0.2343968147272289,-1.4318452538488167,1.9854656042619572,-0.9071315356980361,0.5542605002521576,1.2052225873268263,-0.7360326300969797,e0
-0.13311301762924366,-0.12000888058148483,1.5438607811141836,3.200750182271599,-1.0564417544474947,-1.1626993370766627,0.17367463359034285,-0.049056731356075876,1.516466862844481,e0
-0.5443350466452204,-0.4466080719354503,-1.8592791617339104,0.8620163655666253,2.0972313871728048,-0.6270122668355295,-1.4304511286753279,0.3767978515358077,0.032565562763368895,e0
-1.8083106122566086,-0.05701672413286048,-0.7119340656917184,1.72903438170471,-0.556011908923395,1.0582469496017735,0.025507886862343756,2.062511458144584,0.3653619167581576,e0
-1.4087901499242723,-1.2706670287802038,1.0814759699523593,2.588510042847291,-1.9975036740756804,0.29681617903135293,-0.5625273431874573,0.9223909409464411,1.0575499439894094,e0
0.5242917589595996,-1.388716060407611,0.9869541036801033,0.9840057763710843,-0.7996716935508354,-0.3562067271757426,0.5098757535518946,-0.8703903164739037,-0.022818063548104076,e0
-0.32932349618219914,-0.1739307617526841,0.783615390327434,0.6129864775653189,-2.598607291304306,-0.9735728238959631,-1.8111095641483628,-1.6917717794702287,-0.3786071144162989,e0
0.63158539444411,0.7557236509847577,-0.5890349673017673,-0.15451396179255683,1.216439641604936,-0.14527593571597733,-0.028478999635070813,-0.7910426609549602,0.7538783256796753,e0
0.85974765716232,1.0975689513009366,1.4528664567966567,-1.0598829350612076,-1.267761558990999,-1.3090626769702374,-1.1238379573999742,0.7733164613684648,0.4008378860159627,e0
-2.82470884258314,-1.8519560808607491,-0.6080448236823193,4.49225226366434,-2.2324581616293377,-1.1575238811145065,-1.314148842366975,-1.2136171105831217,0.8077034362886826,e0
0.7838511679260641,-0.8873977464919448,1.4547656996288243,-0.16915287567582374,-1.6038327052745815,-0.3922972942188005,-1.9370399314878064,0.4861388451964542,0.4325042444657452,e0
-0.9545548468357755,0.30042820824437666,-1.5346322907794658,2.0060676837908837,-0.5125068528526512,-0.04865398979239048,1.3155863207787655,0.6704378190590181,2.6469742710792383,e0
-1.6115508543996748,-0.12948855935407674,-2.082138148512983,2.3776693528293773,1.3124199062989186,0.6648478704482357,-0.6954271963493657,0.355879403407508,-0.47613077260484704,e0
-1.3571009335179587,0.3710374234744504,-1.125896840724333,-1.020809548058998,0.9511193609196733,-2.6718903163848395,-0.7936744918086079,0.6268909258112757,0.3873408123020811,e0
-0.48983027168812926,1.1248531568212718,0.6790911281318788,0.0013776499676220189,-0.5489553247956326,-0.849536395167454,0.5027092516359372,1.332167821746232,-0.15681374469892978,e0
2.304478054813142,-1.6653016180402538,1.9798825891184093,-1.16644180367344,-0.4586843146059889,-0.11524947263063544,1.5427620117516458,-0.6410343515433818,-1.9596974538261593,e0
-0.6630054859328292,-0.9806726203969757,-0.8977603289754029,0.21866601885504167,0.27743340683583023,-0.6636469062716297,0.19621979328801015,1.3731161828139702,1.5084347454293465,e0
-0.6815152693488524,-0.397231911663223,1.3659577035315549,0.2859156075247935,-2.0380769201529807,0.11667699988781602,0.4147576376782547,1.2674866114270573,0.5667638434177877,e0
-0.8930084320103001,-0.9364426044939379,1.531704957823405,3.021007116746417,-2.4317855019656673,-0.2317951708600078,0.5914339959000707,1.0003030882028427,-0.9595464279744295,e0
0.7670083311102057,0.8592535683570122,0.5479692525794585,-0.6784403639886593,0.15077036484159584,1.099225372672436,-0.3536025540570447,0.31170325757851086,-0.17965628959479454,e0
0.05936847273974789,-1.0686865405546684,0.6947029025791882,0.20312678009426688,-0.7060680139186646,1.0912458666810272,1.220704849878001,-1.4276868077050426,0.6213235058439185,e0
-0.4362446855884619,-0.4246036672246278,-0.11549777306102986,0.699194142423141,-0.9860639837799166,0.29839891899840504,-0.5471607072010067,-0.11287491537080012,2.0042078372572196,e0
-0.7784019822937778,-1.0233717732061334,-0.6574128262635768,1.7735966117487065,-0.35023641928469745,0.5483145662936254,1.3529287833793409,0.2764625397277454,1.1970672076808728,e0
1.7855242541676248,0.17999308098155878,0.8929245638816156,0.042847202300832166,0.03048582043942205,1.9183627962728154,-0.11097305036393153,-0.20933190000394747,1.5076109111269744,e0
0.374158560646054,-0.5509807185863327,-1.5075414346160194,-1.986153493242969,2.068522836754594,0.4120228293099419,0.7645200645789197,-2.3444936234341336,0.9455324783763936,e0
-0.9588231464143224,0.5637933944149491,-0.01811734146905885,-1.3060397216075113,-0.7512509376204898,0.2508532341706283,0.6277760900469196,0.011377948752959718,-0.013290644795423946,e0
0.16250983920927156,-0.3900700481226863,1.8202473236863954,-1.991898940468994,-1.4303402801412686,0.6802023538088559,-0.037686386371014374,-0.000779356962951202,-0.5057449386567255,e0
0.8282580267951242,-0.6121273840217935,0.8588870190411525,0.9832654532722144,-0.754533838884676,0.03937576276288168,0.7085914166433753,0.3377492216225801,1.2080852398747641,e0
-1.205384888982695,-0.27085074500420736,-0.2553360680303895,1.0054564578648466,-0.5391559495213265,0.8338179786964953,0.2702178911983805,0.7066704706653196,-1.1476127592211927,e0
3.17631093465838,1.2291748224027053,-0.17646197300841898,-2.5818701154628907,2.0646231880888886,-0.38307778714358565,-1.842717575701965,-0.29378942151061055,-0.9459230544449477,e0
0.24846205630573465,-0.7823798082112428,-0.7271142211311408,-1.3018870026751377,1.3474064668064694,-0.4089966721220217,-0.33228249824748257,-1.6888916110969794,-0.02970534066471153,e0
0.9322467965441766,-0.43262718865117417,-0.0992231510778338,-1.0502147868980645,0.8071645357936077,0.43636589774120177,-0.04323686691903995,0.9778405003154235,1.3804572319446486,e0
-0.05120820201232035,-1.5748418613764703,0.4657234305759534,0.5086174834451798,0.17379638333624808,-1.7691367001785772,1.1522425345094096,-0.3380955056234605,-1.2608899370733992,e0
-0.4382171032134564,1.1161648545850933,0.5860086447165617,-0.7333256548496538,-1.176856518795885,-0.2791402505767867,0.5016503890802598,0.5668334501467879,-0.5991003952833986,e0
1.7142083482941215,0.07911893838346667,-0.4746196042126568,-0.4604843853289978,1.750265096107681,0.48287606257049087,-0.1880097916919362,-1.3508350113578285,-0.07584698570430753,e0
1.3613874063919462,-1.8766756644662612,0.025338563219483374,0.4037920395055147,-0.7469160329115125,-0.695134915330777,-0.9856329807340457,1.248943822990438,1.2328448046253726,e0
-0.027031173869040637,0.594252641390894,0.12135170981315928,0.22479240572734993,0.3993688432458588,-0.11578611923951772,1.2946976931704326,-1.0801299116746133,-1.469046305527483,e0
-1.4500966745735195,0.877876112974522,-0.1546807152461687,-0.07469621359239487,0.015530363301675953,0.9585910347869577,0.2148426585980065,-0.3597688079966724,0.010091056291948354,e0
2.910364128877088,0.02096000246545687,-0.8817634618474278,-2.976951188155056,2.8890912115101752,0.4288755718974923,1.2737363923902594,0.5265692698599879,0.9290758163398316,e0
1.1289562653292768,-0.11759960380311243,0.8607964614665287,-0.07983434473762319,-0.20514881570504245,0.34168683698209396,-0.2240104588182567,1.5590365721373993,-1.0513811966960376,e0
1.6400679476249413,-0.35069318672396477,0.28135695010667966,-1.1072003318981622,1.1851699105650442,-0.3296894746424323,0.356671489539977,-0.08624413714104995,1.0383386719125165,e0
0.2154293399281966,-1.6826383329114245,-1.7271260028367474,1.4064632326594553,1.7890499041060077,1.5717097355802465,1.2951547055244992,-0.25575381301466954,-1.057812241873764,e0
0.3048665740712655,0.36073192287193484,0.43824575998187754,-0.9505885301976779,-1.8648222365779292,-0.47614158773430976,-1.2512449302513773,0.6557021031414332,0.38958424590538715,e0
2.847032521293023,-0.35222298035406674,0.7870640875986685,-3.118985501595917,2.248721030292524,-0.9269288617023669,-0.3736171789746098,1.2115660300001556,1.3496123242478373,e0
1.9678929772605391,0.08000222030886488,0.2527511029362161,0.23315558856386454,-0.40712614049248563,0.5224367769049719,0.6344224721680322,-1.2603949068274007,0.788291121573126,e0
-1.3427612966652709,0.12017359957134775,0.06331529563166982,3.213985107155846,-0.23208222219545838,0.5231693450841454,-0.45207247775512943,1.3749986454866818,0.6243798021671022,e0
0.18807297735639328,0.7702476199396494,-0.794087165992927,-0.46380506021598505,0.43611742261829745,0.1955048944392664,1.9538500004427917,-0.12583866974793753,1.8191099913420035,e0
-0.4735772877382198,0.4565678322356099,-0.1223011130609372,0.2179818430836966,0.08895768084051131,-1.0038097075065384,0.13865852133699402,0.6326616520867597,0.03765240539933658,e0
-0.09887515604686414,0.2478261451829933,-0.10891055402805783,0.6448599515293278,-0.667071769719562,0.2530942831893156,-0.3764107482260937,1.293749146609544,-0.6338624561146666,e0
-1.099606044611024,-0.5656097770977558,0.537949715762216,1.7134724255679883,-0.9850490294596972,-2.8616161313735775,-0.19815202528235956,0.07641646940542185,1.9169262876636333,e0
-1.7920021281299654,0.9430535070282755,-0.31744531679970406,1.2622531791183125,-0.5235966047116143,-0.02719187090361734,-0.30628149491960255,-0.2514479861897928,-0.26853821522151256,e0
0.30898309169641236,0.697052780317285,0.6708834943442314,-1.5967631942836098,-1.6117285089492681,-0.40372728316884066,1.7189745703182766,-0.6604054702659213,-0.03674221337784666,e0
0.27414238595886,-0.38922145019917315,0.19044505399297396,0.3609267004250403,0.8976909212405275,-1.2823418679908354,-0.31809914143825163,-1.0264424491694983,0.08317571966225303,e0
-2.2374396048927463,0.7572305913717826,-2.733097616373824,-0.07434893756217464,0.5970766237975926,0.028369152699415742,-0.4742000793918845,0.12374741645519106,-1.7814033529551212,e0
-1.2795624612962413,0.039523629728252026,-0.7799786747165076,1.8710033748285786,0.5284422070299151,0.23100361391248206,-0.5249519955935139,-0.32457640050728637,-1.3444235086054073,e0
-2.6442310203056434,-0.14077430376057465,-1.0881178530682865,1.7004792462800455,-0.9666954829848362,-0.8692014328051114,1.3860767014115436,-0.5109229372142976,-0.6042829116103362,e0
0.14582629837850422,0.1632505455345435,1.1383840078212057,-0.6833189813515523,-1.173273266448823,-0.14816722339955007,-0.9704194747851735,-0.8444536956244313,2.150023700388638,e0
-0.8299003416500803,-0.3073023507720191,0.8518501610860655,2.1241676316529237,-0.602551749092521,-0.47005889239477555,-2.5571325692708604,-1.2034184667356131,-0.07486047214567183,e0
0.25175021313589524,0.6932473930106466,-0.6644812729002213,0.3666008323776705,1.5566978041077966,0.8729369304596774,0.06885346048103753,0.03710579526816638,-1.0112371272103753,e0
-0.7390805585747088,-1.3233121453213363,-1.5261164621322951,1.5473561744940505,0.40233696179651757,1.4362926238115572,-0.9830421772630477,1.7546299648500399,1.7021374462025134,e0
1.7363001103321443,1.8502202496434128,0.04867037391984344,-2.734909166670316,0.8079972389952563,1.244595997385773,-0.17423122428996252,0.8686595555394742,0.49137837688047153,e0
-1.6538300455037334,-0.16341715645267557,0.9985084705750036,0.8703823512762623,-1.5582419775404033,-0.8385984021337847,-0.17900320977498027,-0.09514380566752685,0.5644449422601195,e0
0.2525063667854375,-0.6763488175491719,-0.7160988642295504,0.7917718885156718,1.7940326785048117,-1.4093592094092657,2.2053876672105,0.260750562471983,2.2855149630326372,e0
2.2647647540296365,0.8584806848318568,0.1385257637716613,-0.3813219078121075,1.0618358029050774,-0.28400931756898007,0.7734567826057341,-0.7035167026864906,-0.7010127191657648,e0
-0.8336391623061392,0.8500254322497961,-0.2639474783975125,-0.6414515772266373,-1.9691364984613284,0.379966812579444,1.819288396576843,-0.9219305960914035,-0.36339653971236213,e0
-1.0828564717115532,-0.4109411170081177,0.22381685400611034,0.4430601413257603,-1.0424356918744984,0.7538356537043305,-1.3339161572178222,0.9285291673562599,0.39808245712098494,e0
0.013853223952383087,0.6568234458896183,0.34497424700155455,0.03926718539777374,-0.9076498940821671,1.8087233127912132,-0.17997426216138818,-1.8898354181744326,-0.3503825653384761,e0
-1.033748405893032,-1.7223248100966457,0.16439813307545068,2.1793316502648787,-1.69633957957813,-1.1804827732401302,1.0162421188767252,-0.9966559197219987,1.0884827659837675,e0
-0.902003626907544,1.6078971900309347,-0.04543322892797016,0.1225247658323072,0.6331450483688114,0.2042377414647344,0.10726752475092952,-1.7719450308000035,2.8585979656999236,e0
0.17985774837162238,0.7211750792474709,0.9147172462080587,0.08774824808964066,-1.1640028838808814,-1.362458577307839,0.8308333164143247,-0.07464868079830758,0.6910071648741474,e0
-1.01925637090271,-0.03070237679243795,0.323099182805655,1.31810637423509,0.09372238405404379,1.0780741283236503,-1.330525193162176,0.43813121639020736,0.8764545909407153,e0
-1.8372851645553272,0.5299527987147373,-1.2966432055124548,1.2908896288165217,-1.1233562971693996,-1.049070936057912,1.1251809342666657,0.17996250229127406,0.4396782068382143,e0
-1.5210117221060557,0.35174355840377786,1.740081325950512,-0.8931793831927222,-2.3098113608947237,-0.311228176888852,0.4770488510654715,-2.041747925773019,0.14149671530317903,e0
1.2682356077759724,-0.538286812551668,1.7850584339758502,0.6647417910546635,-0.6810991478206957,-0.4039348400273383,0.44037500821631703,1.404471621493243,-0.791455601146694,e0
1.319718693755692,-0.8507480037661025,2.025626865735815,-0.9312633497542839,-0.9631448595442664,0.04220849467148485,0.9584897276941814,1.2576454952525746,-1.6701035433476055,e0
0.650561267418386,-1.5339967887163426,1.2831120280166595,1.3818003343301146,-1.0162780435639556,0.2985905914287804,0.3266989109928565,0.6064299986412706,0.6163683319845028,e0
-2.028187245480011,-0.6546123036063867,-1.7990588162315395,1.5186699497862315,-0.3961261122927746,0.4666842551225972,0.6156939117729879,1.615470186451837,-0.26971180967815006,e0
1.839632999020151,-0.5523864694047592,1.5800649593120368,-0.8848208383578158,-1.9766999036195312,0.4162780056857366,0.8701199807414691,-0.8540279886533785,-0.36826879964738324,e0
1.5956135620387761,-0.961985826145586,1.5362863858833442,-0.6396496195506598,-0.4980971451756996,0.8586126023246167,-1.5426570167933316,1.0887052208025034,1.9515739480005385,e0
-1.6497233186345337,1.3858694297156433,-0.8400406772234785,1.8163641372141472,-0.2531058186286912,-0.4444107616426947,-0.8053650220211703,-1.337260325066792,-0.4919140789794038,e0
0.04113345602082019,0.9663545989110829,-0.5592912123370627,1.3589713735578877,-0.45098399308289167,0.12061989602237062,0.35567607127824963,-0.7663129142946954,2.415316651798363,e0
1.9041127505485285,-1.8082478952995302,0.8928875898994336,0.8807352642719573,-0.6052256892802814,-1.039101761051824,-0.5186216351763445,1.4224218762037422,-1.122291268923287,e0
1.1878070511952394,-0.9749978839006951,-0.3987535926692186,-1.3127547372869124,1.4944545577334205,0.6028006092437372,-2.0603887156857867,-0.732395043558428,-0.962329952201341,e0
-0.49463184350219425,0.07089377673167703,-0.6106162528750159,1.0440967836825337,0.37694830689152137,-1.1016458800114697,0.5003045952534272,-1.3259669807318013,-1.1216140494661713,e0
-0.09741141764109046,0.4372726463306937,-0.3001357195904667,1.176768945315456,0.6150674394292416,-1.4863476735472898,-0.013925946619032141,-1.104553155264238,0.48633191154790084,e0
1.7900373743619433,0.6118699732286594,1.0618738043359743,-2.719652069881913,-1.0395527115361904,-0.12828012555535387,-0.6852092714929678,-2.197126722224778,1.4034914707640416,e0
2.0737991749811315,-0.6107779579454883,1.3978085699158789,-2.051762675899999,-0.43471055410685505,-0.2772770820530849,-1.6527491581509406,-0.7738390468984984,-0.8762330686531263,e0
0.07933165557316801,1.0163888984985674,1.0165696672795417,-0.1811779514748071,-0.30023226857876356,-0.2835455741038901,1.964552760550972,-0.9060573013486092,-0.41635734913756484,e0
-0.053558162000044096,-1.1449953672078323,1.7335239098287896,0.7037198271203505,-1.3375102511643706,0.5643292773698346,0.2758525561487414,-0.015393312213343767,0.37992764848386973,e0
-1.1459948600431127,2.2778915459559883,-0.5410272387369001,-3.511024908062411,0.06437518597641956,-2.080830266728544,-1.0941952103373982,1.8020515141645708,0.35754916226844297,e0
0.18887719655321134,-1.6832027862091463,0.05047252940024478,1.0003111457752862,0.5562926926327081,0.7839275489455202,0.448426002317663,-0.5392189824781984,-1.1225387511078075,e0
0.10333680116950472,1.5696513100576008,-0.02765300273185963,-0.8764462480254176,0.019511206401909002,-0.41625628221468103,-0.8621743948450644,-2.286367175277335,-1.1019802774528595,e0
-0.48166448030252873,1.5268608127580745,0.3937214755246577,-0.5312734922936376,-1.0329446779332647,-0.8336233677328573,1.1598203120802306,1.446720128108003,0.26063367581837,e0
1.7002026608956293,1.1783971428450872,0.8304156740282364,-2.2901610711900138,0.2308239622889524,-0.09011518986615577,0.3904757837546792,-1.3247307549832017,-0.35158341327072884,e0
-1.1141460978564277,0.9119715655856999,-1.7650136429759054,-0.5147010139860548,0.8597223520995256,-1.0738326695173428,1.1548946837655936,-1.6627568254469964,1.372233130538867,e0
-0.8382722570027532,-0.030672656969910603,0.12553828639928888,-1.8115871269366326,-1.2726895010437607,-0.8352681036409204,0.4805299899069581,0.12895344746461762,-1.2054323655624235,e0
-0.8218122049722516,0.2600550470459234,0.4681726665187209,1.3311412902911266,-0.7320119548594696,1.8793044989810523,-0.984242624864253,-0.1907969938855821,0.47549661281167027,e0
1.0791162053193728,-0.2840120617597195,1.0329070152332727,0.6427483428158434,-0.5155123317650291,-0.21433150002594084,-0.9516959775235637,0.563341274146899,0.12787654086808042,e0
0.18807635074389606,-1.5765573722674289,-0.13561753977918176,0.9671869553731255,0.9247317321086483,0.296953594084981,-1.3171479309618008,-0.8041984695433642,-0.6529177487482352,e0
-1.3959462729590448,-1.370346434511886,-0.46127265483491975,2.5876976750693697,0.24338819760665,0.4523740208316086,1.0560216469121941,-0.6544234770626864,-0.8952390708321853,e0
-1.4212046227831845,0.4629615273618325,-0.09698410459098653,0.60963033400088,-0.0027963793182557775,-0.12750308706811422,-1.0519470377276068,0.3984556993805996,1.149447049047223,e0
-0.8282533857298965,0.6657730361486578,0.22607390040673775,0.9947278351292457,0.6324890649748972,-0.7857572348363998,-1.2200568505264007,-1.85264301626736,-1.1239609090484584,e0
-0.379179446733088,-1.4842693062630883,0.5957790743115208,1.084818670595779,-0.7189576557611173,-0.24201459742705186,1.8606596148460497,-0.7698640113726936,-0.7600639044699513,e0
1.3682790012987445,0.3680977422004587,2.156358127000011,-2.7972661946081248,-1.584896095360009,-0.5543002618208006,0.48459670905359803,-0.9618159874039546,-1.1824994576165886,e0
0.057617007882612384,2.6453249132509793,-0.6500379281957305,-2.399181017011667,0.5503111823171535,1.072855402603799,-0.20215103079842814,-1.682536587535701,-2.2491068629150073,e0
-0.67533504278555,-0.9862378210356774,-0.02335688174672407,2.008780252170291,-0.5923214874296376,-2.3107166130199808,0.1282133164981938,-0.061096545563065506,-0.5241280647610682,e0
-0.13724202506442773,0.9412957611969588,-0.8716320634800236,0.3721096223504037,-0.08320086940689331,-0.8911883858893562,0.872570953746222,0.5471461045676965,1.0581030070472957,e0
1.7711548927357361,0.626396111818194,-0.3588941831771294,-1.859858268331302,0.6143398967729636,-0.6955407158162352,0.8248060355822778,0.2834080742218767,0.1672540629694133,e0
-0.20688126712888355,0.06198910903250188,0.4865337436053918,-0.9093534943866881,-1.1506883392920608,0.7156334167824315,-2.7339527695362054,0.14222011166354412,-0.49685237062465215,e0
0.16336567577986394,0.8912576403483092,-0.04521436719245333,-0.42154409099476814,-0.6444552693737494,2.1703964394182402,-1.0418141991444732,0.17437575735719832,1.370384729193147,e0
0.1947369586633512,-1.46238550711306,0.6230124691373001,1.5180484465596025,-0.13200654168879147,-0.10670579924529132,-0.07410343806440557,-0.054817610113884314,-2.907135038689612,e0
-1.536786146737933,-1.299275677477901,0.19054348276054792,1.5456068262798186,-1.0131641139130128,0.8505070567573506,1.16011263984958,0.16119496261177085,-0.25031804277184594,e0
1.006243281992332,0.8058556060044332,0.5766168641329703,1.7593445151631593,0.8375228464239598,0.06829486431353234,-0.03126686753153765,-0.09574092018695389,1.7780944993983283,e0
2.6615682241711975,-0.30210510567634075,0.1963276468152644,-1.6745999791971622,-0.7769542191625833,0.034275433267960065,-0.0727626467330604,-0.3052214668550055,-2.5150731103631294,e0
1.4055605401882723,-1.4722759536781236,1.414677485545278,0.9098004622948099,-1.0062046252359704,0.3097507355908218,0.5310199465171741,0.5336699988016802,-0.22145882056649605,e0
-1.5815927228339424,-0.7682161259606666,-2.344420710559351,2.1903647320413904,0.868902469916151,-0.3264299782642841,0.14043973683119332,0.5772150948341226,0.5403652367284397,e0
-1.2246483670630945,1.3005943197217342,0.08587386853352728,-0.2907135499398805,-0.21239328888305192,0.459745568826702,-0.5915911917375276,0.5384180047743888,-0.3708532828761673,e0
-1.8156580814133003,-1.8004978491384591,0.16154044665955486,0.7632659015157466,-1.531565003962158,-0.8902670576404096,-0.8456686715173378,1.3382526734146805,-1.2301576932438987,e0
-0.7412252570534122,-0.4546746103091034,0.27333905365930283,0.9944519818833248,0.24434780649433446,1.8043738646427387,1.254112295522845,-0.21053997798599058,-0.012368035617168089,e0
-2.3966966340477445,-0.06580777159989583,-0.8192190651197401,2.162326247305819,-0.9096148796095164,-0.18706619450283798,-0.16891042234057288,0.6106977224089264,0.9824560008303272,e0
-2.2209208524535566,0.5567978812931553,-0.30662016424484156,1.607283063582538,0.07645169061868635,0.215666683209043,1.8080214198160955,0.288929309633805,-0.21944487375719535,e0
2.8617220161699994,2.0412487890133084,0.041903672560744655,-4.458310388538883,2.8163958171974497,-1.411004973819507,-0.8078647033079692,-0.8898054288293535,0.24413608407991888,e0
2.298147931321764,-0.6889447584548009,-0.48188494493847184,-2.1531387337440475,1.2745369562917532,-1.7635267838985305,1.2070523882483435,1.024658250742765,0.15002327406354174,e0
2.014638179544924,0.7499371740148698,1.408794680142518,-2.052698453541006,-0.6733196910510029,1.7016770806788362,-0.7468416599835583,-0.1613683974863092,-1.4354952108425554,e0
1.4437601043004198,-0.6278404117311889,-0.22302015436520212,-0.8732557738263171,0.3506294224799986,-0.6283809035296388,0.025005585579034116,0.7389850864687237,0.729236319744328,e0
1.1115726266046326,0.0890670549517557,-0.3466393639498024,-2.1920543953318368,-0.028671944127694804,-1.0282833066774104,0.9450378525474185,-0.5009430730038784,1.1968419709293165,e0
0.11443097778602485,-0.6333480335929187,0.8396161157457099,0.4702275419951135,-1.192450021262422,-0.45343193751468186,0.5396290105771586,1.9676533003691246,-1.2526087498574385,e0
-0.6850373283937847,0.19825659277507618,0.5905454778421864,1.2417813684823773,-1.122091137539548,-0.18099933629386686,1.0515556946716345,0.3862048642575062,-1.1864944066778194,e0
-1.5274946281273967,0.23009128007650745,-1.1604463847998203,0.8036162954354324,1.5138920534186022,-0.137694828822043,-1.1470401061063675,-0.4974098008263113,0.06865697467368038,e0
-0.6245982445389561,-0.23603705933321958,-1.3427926157992074,1.2320935968328461,1.8749329684098297,0.30963702409763777,0.6351726500386259,-0.028224627635289656,-0.2907518252382916,e0
0.448632660869674,-1.3324662810592132,1.4575765884553231,0.023868014705815455,-2.230166217913319,-0.48187837603896544,-0.7402310511005127,-0.9154601878840106,-0.1210849797514341,e0
0.866052904991666,1.5382914565155912,-0.9583604981065786,-3.8556701546473136,2.2303072571058538,-0.3005202630096768,-0.09598171836896041,-0.785298507295647,0.48868248114884844,e0
2.208498111449405,-0.25075686882081993,0.91031524754555,-2.0228167547859544,0.6871277976666396,1.1160880354494094,-0.1315002804024823,-0.018796888134503115,1.0819995344100102,e0
-1.0179105697659785,-0.4071905083403651,0.32674318894848875,0.8596714454601619,-0.6077372319475184,0.8002495596883616,1.0097357927403958,-1.1647211384449876,-0.5181518167869503,e0
-0.7413950750604454,0.24010338861232058,0.15411655345255398,0.09732433779000493,0.21118597251035465,0.08588854470205555,-1.570758092583084,0.6437446954469666,0.5144021944638553,e0
1.597005438358479,-0.8272539836647322,0.4797800702357028,-1.2033829313570976,0.280676713313613,1.4851525037939144,0.6925702759258696,0.359210982977116,0.5080895347438006,e0
0.8180412433858744,-0.011431023406185542,-1.2219285934512878,0.3627161384469114,-0.9057651694377656,0.04952498490606016,1.6098547098067524,-0.3229749259757947,-0.029141223768936853,e0
-1.2146137317097168,0.6196241066287784,-1.2536604503441542,0.05903748757487093,0.5578219815295588,-2.3785050645783348,-0.05477281127954939,1.7735846329071263,0.6662635634085484,e0
-0.8667131912832772,-0.1664442301943276,1.0018726521513532,-0.48734268913114187,-2.1983469487556695,-1.5082052942840927,0.407843666815328,-0.6264807249865447,1.8862149928196594,e0
-0.5559462305409584,0.7947359068526352,-0.47863275313859494,-0.5370151853519167,0.5718795519570269,0.570035292894286,-0.6719734068702858,0.4156017553495371,-0.8762072955832613,e0
0.6238462035638245,-0.6694799162004839,-0.106333314340281,-0.8623376596556003,-0.2946663656970675,-0.6759633895371264,1.0044784958219735,0.2831608229913853,-1.2181479480305453,e0
-0.9740183025760534,-0.11973114602135047,-0.21616544500229978,-0.698410053224053,0.1442819869813027,0.8758848891955331,-0.18456585754553803,0.8060368251734269,-0.7053283095670259,e0
-0.33636057776696393,2.2177219609955836,0.561017856861266,0.07618548369653855,-0.440656342682393,0.13751510032046674,0.03227253716377606,-1.0112002316191993,0.12357190187326043,e0
-0.03916263956068845,1.7275485268782895,0.9288089235432924,0.14803866669096832,-0.8625692257601034,-0.9012646051446322,0.4878094537334026,-1.0224836137350402,0.3825445522057758,e0
-2.0970362179633457,-1.096470373981059,-0.04655791308048773,0.41020195495943645,-0.01633430721303915,0.9619851398787281,-1.1950264231087628,-0.2361537744137739,0.4786980311114613,e0
-1.8682393456866377,1.9081542874952,-0.8953598431502828,-0.4718270352397909,-1.8915945700152643,-0.058982896407814726,-1.8300900357369927,-0.11873189896981334,0.06729040035828757,e0
-1.1670340952846203,-1.1026359595078532,-1.1793034642991678,2.389892762965156,1.3848901230653041,2.132076697620988,-0.4088226114954344,-0.033550260720329864,0.6232771134878783,e0
-0.7836750941369629,-0.03441787634254588,-0.7252840581689257,0.28678446870963925,0.9253214476485219,0.217619980173025,-0.5427259879308596,-0.016976285435259576,-0.9949907087401675,e0
2.0386308664633708,1.7102129096623213,2.3102284578228756,-4.993300515585373,-0.5006079472056972,-2.376711552490317,-0.6250997562518558,-1.3727322263448112,-1.1330304739510435,e0
1.1001018019504443,0.27151766372052893,-1.6283415477175365,-0.8771630185526103,1.6606191942352728,-0.0628746848872143,0.33208957907428494,-1.5769732685651392,0.7007378231729129,e0
1.6220173672187348,-0.9057363119052492,0.3016834493906729,-0.2539598736792997,1.3758447588114808,0.7084549710855782,-0.05599374289479682,-1.335551236708289,0.16404841335147347,e0
1.4835674950452276,-1.1864765300868063,-0.5855016396763887,-0.3935726939247611,1.1652406148753367,0.8189046947441059,0.6007542241199991,-0.46909279178685365,0.6517462419805842,e0
-2.3173903826887523,0.27504709024010704,-1.2471107834068345,3.1396657163761983,0.8910953776840629,-0.44890514374959495,0.7846114712739486,0.09981276218191751,0.7741677981555762,e0
1.3040048609586075,-0.35737447856063964,2.0663935169441157,-0.5844721847607217,-0.4765324995769974,-0.03534031522176369,-0.6138999786115971,-0.4138770479680879,0.3876231486568542,e0
2.2020511867576893,0.6950448621476188,-0.06262096858296952,-3.859647531694275,0.36905063403160476,-0.5319431940815927,-0.6914440935429091,-1.0106685041690442,1.8522896359293481,e0
-1.6124012375746308,-1.0196053022137486,-0.6642174738478936,1.8957235490426958,0.1521596940190144,0.38351449935982906,0.05278877048770177,-0.2445638634290118,-1.3842989763908196,e0
0.0009516154814800393,0.18317790586788849,-0.870116543062807,-0.31700035748667377,1.2534298214166362,-0.25890823764884646,1.0742756334339991,-1.2922844427561517,0.9902922868428218,e0
1.9390669068390967,0.399104104044843,1.2760647818084327,-1.5846552880253082,0.11767071741281254,-0.8281443700866924,0.5278289566742228,-0.18891183981316084,-0.17626709083807002,e0
3.417460815937692,-0.16259516043620126,1.5849439072488234,-1.1160441908599645,0.6666064856737949,0.3970069675276826,0.2637977435019944,0.8615678935860794,1.2482433206699937,e0
0.6891104420578017,0.1497745231149252,0.6862340446844348,-1.584807017237726,0.38454496062696586,-0.03331585512221169,0.6131273439154762,0.8986909410769821,-0.23680756438668565,e0
0.9673819818718007,1.3842652744132178,1.0403243919395633,-1.3632821172994747,-1.1303734640550285,0.13095637638533064,0.47522606636435716,-0.7644695943105205,2.546891511444466,e0
-1.5776239199821758,-0.7178310304527525,1.3179770642544768,1.696415282448206,-0.5932544895813915,0.16580738690805527,-1.1500428543436627,0.6257537682734967,-0.32412468234509867,e0
-1.2231226957877244,-0.23147021488520161,0.04872794541302399,1.0121474462106332,-2.664511097009659,0.7934048701213494,-1.2338680689552939,-1.903739818446728,-0.40952093373117876,e0
-0.9474967097710154,-1.0941060573441097,-1.1546549746933945,0.7060234341721422,-1.4714830416097886,-0.3284760558609878,-0.7235499622341532,0.46764757982164346,-1.2999095193605996,e0
0.34417021274201987,1.1510787625330094,1.8236209931295488,-1.9295245947649904,-0.7161410633621881,0.49113627779249514,-0.5826893969593365,0.7045394035124825,-0.06630005035135095,e0
2.583034333753107,0.007048398560035492,2.043961220792293,-0.5586794014953063,-0.6357903146836803,-1.55799320255295,0.4274470556705355,0.5509512901197425,-0.4298956988996997,e0
-0.10784507223554093,-0.5784502098708149,-1.369384242414392,0.7689097158336011,1.710686330638727,0.7572898177990453,-0.0381562236600698,-0.05607081080576413,-0.5783020046961697,e0
0.17505784246678324,-0.9070049082514908,0.5178932140129915,2.4312122620696464,2.8211180908158062,0.41109630647620793,-0.8388834146245684,0.5971841789460826,-1.960132890094264,e0
0.27470528607151945,1.3754969701149797,1.9619357010705283,-1.634805166474145,-1.2015677419482678,-0.6318495436541489,-0.2622875323447206,-0.19659134925584745,-0.9776364936383733,e0
-0.937973804836175,-0.6898181404380442,-1.3281476462528723,1.5083213080794884,1.4697658648253529,-0.4433547246502046,1.8342017723244304,-0.19351640383800955,-0.12047553970524398,e0
-1.3148607175814637,1.7869333863363976,0.13031504504600813,-1.040517789533195,-1.2546847949054376,-1.1374921669323856,-0.025414594693605318,-1.2523228411562854,-0.34426153787535735,e0
0.5685944572363728,2.0592949272404657,-0.042513277040888725,-1.6414920204296677,1.1960241704115084,0.6523737788240278,1.1041604734676596,1.0559118380117405,0.018756229611577233,e0
0.47114725466722895,-0.529230524614774,0.9236127708373646,0.07368870179222908,0.4702613985161672,0.44358027524872157,-0.4585261124377761,2.464418167478577,-1.5655208637195612,e0
1.736978014194495,-0.6150061055930278,0.9576466510147744,-1.548753889952014,1.2003261494735895,0.2458574845237309,-0.04094636688532381,0.47062644297770295,2.9833894379190955,e0
1.5467292042997993,0.46394441779751977,1.751886985052868,-1.991332754613851,-1.2958709303775733,0.7130397703061591,0.49775480007818906,0.8907259517146154,-0.583369149683392,e0
1.7010032106105517,0.26838522033198225,1.029228143893399,-1.177843966930964,-0.31132019928298227,0.9494384560164661,0.09626909529097544,-0.3155418571922409,-0.48559376310489816,e0
0.29255251993515446,0.7401640552014878,0.8709512932160394,-0.5548926101989684,-0.2930163060387062,-0.4912948108551079,1.6339197173889881,2.0025225530407256,-0.12294856410137892,e0
0.5696176550205259,1.6040935935764749,-0.6625721132679258,-1.183211886742578,0.32388730312491926,-1.3518646296168104,-0.09355873334457324,-0.22633359998187785,0.1598453758071879,e0
-0.6740560305453215,0.41063178768963354,-1.1001781725271558,-0.6714925509528173,0.36610668223468573,-0.4939002203829446,0.4286012075188846,-0.7300097913682219,-1.1861660523820066,e0
2.4280311550270137,-0.047883754379255156,0.5266615038618933,-0.24163348414422026,-0.21027047309712732,1.1356771872884963,0.6901706998825478,0.6347605631316418,-0.14139865716504438,e0
-0.7622185040908513,-0.6065991794895672,-0.6497758353015953,-1.7444320045326025,0.08194195230195711,0.7523491713904532,-1.4511034620643033,1.1590057191542922,-0.5202754780219898,e0
0.34039598659277714,-1.2278680992202808,1.6660815369242534,0.9627256497651093,-1.0865099764905717,1.2112146901047098,-1.3820362093163476,-0.38441088038394355,1.9600039376867153,e0
-0.43123806057454306,-1.0784304733417065,-0.8750169192258553,1.9227530675439466,-0.05378724417984537,0.5334272595378821,-0.16159921274934014,1.9189773485060944,-1.0085333519835789,e0
-0.7004267804277831,-1.9058969324991244,-1.4470634859754008,1.057908917858808,0.8150316552288637,0.9065842674290061,-0.9170328390536499,0.30803068234967573,-0.8045237669124284,e0
-1.9638792702202923,-0.8004907681161323,0.060456003852225174,1.6925606451266217,-0.9915165293093596,-2.720281686357495,-0.28534576922530025,-1.0950254703010796,0.12454751047024852,e0
-0.013511043262131817,-0.43117151119161706,-0.24247734272985363,-2.6868298681138345,1.3655877007610884,0.44139726935327905,0.8867526049949548,0.30894250996058087,-0.5597961310576572,e0
2.1334858124287948,-0.7887361051176027,-0.6131702133477465,-2.7265962952481804,2.6698289694434103,-0.4800356517717609,1.1325950191427856,-0.5187150735584476,-0.024382592805268746,e0
-1.0374460252164095,0.7783513519910651,0.3276260293208265,0.007781767768597958,-0.8715361818836453,0.5156262884864269,0.011670210810349253,1.1200471274434658,-1.3432825481397304,e0
-0.1576710186354805,-0.9814197534486474,0.36746691893357103,2.0394882147397824,0.6800293021921988,1.3353595140128347,0.0656402635957236,-0.28535159983433533,-0.3596530883773175,e0
-0.590799015569502,-0.27887592282528423,0.3681305633532176,1.544056538934401,-0.6148989782186849,1.5688394832587913,-0.1993966806929001,0.30172888487859606,0.45501999919976344,e0
1.2359110037709669,-1.6558401517033707,0.09122990061885293,-0.8667202216883358,0.6471680152543787,0.4661214181942398,1.9086216909731735,0.5560387378461227,0.6418347133942626,e0
-0.014881396086541432,0.6724519554656232,-1.3068973630198473,-0.8363706292531965,0.951948840858206,-0.436252879237638,-0.24330907198690596,0.8747004379889748,0.7732343401403553,e0
0.3235685502472362,1.338041871630432,-1.62488916956462,-1.4182966738225105,0.5199644585711254,0.11457944705945408,-0.1116896528158942,0.991659259728241,-0.566288618945631,e0
-2.043219866827746,1.5724562060609335,-0.07558170124229302,0.4382836033641383,-3.2259145538654685,-2.5532699420988965,2.080940800570486,0.06951121987314063,0.47392679117832415,e0
-0.24215564536783044,-0.659805897012425,-0.34558288428821404,-0.2582829962592972,0.527311418893963,-2.1315294515167063,1.200271521895297,0.5124850265606915,0.15314858751043786,e0
0.8410159016981085,-0.541272506978438,-0.9079618445333331,-0.3817325169989969,0.6850446255471438,0.10083527272255458,1.1628673919487047,0.2378543873908669,-0.28914817447730157,e0
-1.2180547808785642,-0.4166545283231311,0.5098335781186043,1.1592040527397023,-2.26294604514923,0.025865574926051623,-0.14916691243894517,-0.6157257183378059,0.7745241725683295,e0
-0.8442331223585525,0.09787263792718683,-1.9541318778850534,1.8604320243034087,0.5886709300897405,0.5118100821693744,2.246000073629822,0.5486945451875418,0.998723219218818,e0
-1.7236216803467341,1.8048229164790963,-0.19093375069249402,-0.8362095576559541,-0.1425750590338274,0.21470282806856217,0.12924103504211193,0.42779634451223725,-1.8474387319813381,e0
0.7823795307773056,0.5868377091583172,-0.1953569603031907,-1.411034529732696,1.2665124231641292,1.87210046136324,-0.16548509595736302,-0.21336029706506526,0.997611632858939,e0
0.18575568534131848,0.8948409908828259,0.34663935213464325,-0.5669321906828476,-0.4098803443224455,0.4602403294179066,0.8032257565487442,-0.7180158000275497,-1.0186745546749054,e0
1.7037252227005573,1.3481958716408091,-0.8772314650405127,-1.7221453851097388,0.7875359480809154,-0.6829460101942734,-0.6180583619115448,-1.3978090276927966,0.20887835555904757,e0
-4.043458961501827,1.9453999691429091,-0.7941123619373108,3.8253418187766597,-2.1342788363686322,-1.0833855406676098,1.638599272852354,0.6057232680883616,-0.979320414595731,e0
2.611063248145212,1.0501873252254308,-0.18075253544146777,-2.601655132198354,2.105729117709984,0.8505625339178713,-0.5474781463293389,0.41201092956079255,0.805687759424575,e0
1.1719673218487945,0.4948297857785622,1.2496807863846255,1.3207395148524979,0.07108415855823602,-1.3146513234570365,-0.38976226372532735,1.213537424672956,-0.6158038692492745,e0
3.3134606630442085,1.0069979006541268,-0.8194086268176927,-1.9831684736433244,2.0336310695352458,-0.27209568366740616,0.45056444103252,-0.07038098720324218,-2.342660580411108,e0
1.4534026562031077,0.9192769959596893,-0.2519884010209698,-0.16431297708101078,1.5243138568559138,0.8585900100484971,0.37879337225088283,-0.25192946027897006,-0.6858994341868284,e0
-0.49213803803348016,0.29540206289486615,-0.08191141323165552,0.29553567003834375,0.004130130951245273,-0.5966546326979624,-1.2168563771462877,-0.8726448445852037,0.6376688628124313,e0
0.7999760451963905,1.7881034987321023,0.3451378068442934,-0.926090604387574,-0.12390396650803877,-2.282662957733808,1.1389834419458686,-0.4369927505727724,0.5672600307513223,e0
1.1161805935412632,0.4180412837625702,-0.4279576211338014,-1.141170061333329,1.433505858964023,-0.21584854647104715,0.6754205112108499,-0.41251189381791636,0.22042159778034853,e0
-1.2890801384459154,-0.0578681936103723,0.22887136581604095,-0.3808652821119132,-1.2114476178798645,0.6854227023322733,0.5049261540392316,-2.0356008465381263,-0.8310300364709639,e0
-1.9688622963602183,-1.3500394592185785,-0.32809485030881225,2.3975191366800566,-0.4959899569912716,-1.1810211079209054,-0.011790873614865851,0.201800345462838,-0.14538793442442302,e0
0.23467720576396645,0.5249195401690187,-0.044378248892358425,0.06264343543574136,-0.6269156530559822,0.2840215889042409,0.1168322351837744,2.030989015744685,-0.7494871113901295,e0
0.5504827930548388,-1.2610589999589839,0.025777755886112922,0.8880484562130614,0.9610166580177452,-0.22471243527341458,0.5715437498485301,-1.7921281278525063,0.41986484629477777,e0
-0.8444973014385349,-2.0314018428424863,1.2369482297790004,3.49828908107348,-0.7526842239343049,-0.36424821641807276,0.3352492381428094,-1.2755960067759904,2.0691062156714426,e0
0.2425299599578133,-1.2549435813260432,-0.8061364438896188,1.743655016684893,0.27017291832680307,-0.001691729198492103,-0.18291414771055833,-0.7475029729604722,-0.02114501545067028,e0
1.288656774484193,-0.8122610263008476,-0.03194792368544933,0.9821250493115014,0.4627562887395563,-1.0185944589264158,1.4823277375028459,0.24768392839470924,-0.6327103115748142,e0
1.0840747683133851,0.1966436459934124,0.7906719177193158,-0.3469010293424267,-0.7455747475315302,-0.1650524959780886,-1.0756260269058093,0.23423512021192475,-1.939196656457119,e0
-1.3046282896754917,-0.2500199271949672,0.22077607686245324,0.6306350083134079,0.1915939965067356,-1.5256694865242315,1.6275585612552603,-2.1222015237520955,0.5203735046154362,e0
-0.6564476654002269,-1.1851767203709613,0.20953175154336895,0.9039160917381525,-1.4860638839711553,0.0818480600847666,0.2302072156201483,0.30665631588466846,-0.872434125833956,e0
-0.3110598686372497,0.5534475628847605,-0.32319167281232386,1.5212624389104814,0.8924699038744457,1.5820676362748807,0.5741295524709016,-1.3900629685408368,-0.5527674805322,e0
0.9520892751097032,-0.7732397261681412,-0.27376524309347733,0.45407971215193754,2.071556922461839,-0.36041273375824423,0.1035895793853726,-1.0627973682197416,0.7568345966776382,e0
-0.348919660466051,0.17792602193588256,-0.644176359939283,1.6420008697193342,-0.2800424866962673,-1.3156076448668863,-2.069700474917739,-1.0913891175865051,-0.8545126382013141,e0
2.1902008236320922,-0.5132071030454861,0.20714389066470656,-0.5668894671762065,0.6940953304969446,2.2212313275959197,0.108567936509457,-0.2969001109022522,0.5275628937127912,e0
-1.6842569553765219,1.0940434506110805,-0.26318877653116607,0.3717361381894375,-0.15336317724263032,-0.8519511366512761,1.4859913397402162,-0.3140121418488738,0.47884351099281225,e0
1.46774815004748,0.45721880277169413,0.6362573721293171,-2.387962018012376,0.8252346282839862,1.4040202246664548,-0.7720297530308448,-0.6239294544179805,-1.2367549993605975,e0
0.5255582955419753,2.158585835722887,-1.0678883659294347,-1.7141023174865093,2.189849974625373,-0.13264611192043665,0.49467339991686965,-0.3596905943991102,0.6867195539129263,e0
-0.22508185415898863,-1.1786900247028056,0.06443915036617667,2.7728527025013023,0.5111241512157496,0.701016720688937,0.7140996344642937,0.6160713163986313,0.11455125089049206,e0
-1.4059887799429944,0.7965714530113462,0.02282759175006958,0.8310737050132391,-1.307436769134287,1.3154222445207562,-1.4771944030383093,0.10218903373640888,0.5971456545846134,e0
0.45021729189385634,0.7441689107311019,0.38389976861986036,0.24600395833894306,-0.5467764614711945,-0.5301680509327631,1.1448238037357723,-3.3715845859179647,1.1947489668823938,e0
-1.0688696288315955,1.509342037470403,-0.02451477291399355,-0.3072447190794451,1.2040368315536711,-0.6344805758433701,0.5114709533746296,0.7636331664040051,0.20941919048872285,e0
-0.6139972432485696,-1.5112118865510122,-0.6440960855569963,-0.33432698251992843,-1.0143249670856282,-1.5537112049480126,-1.4321720548570174,-0.17327970813452648,1.007471723080775,e0
-0.6094291906170983,-2.6063363206975025,-0.2190920576723498,1.3316875229393543,0.021322188176722448,-0.7130923958950983,-1.0188467509864534,-0.23696094229792475,0.8650097611037918,e0
-2.2831118575029903,0.7352662992329034,-0.3076613369441386,1.9898810086247858,-0.04730951617167942,-0.10282578418832376,0.31772292620940434,-0.2628049673425535,-1.429493197469998,e0
0.6154197472465966,0.37997758631638595,-0.3054770384001093,0.8687173070921649,-0.7136744796873412,-0.3782098808110585,-0.931392935205823,0.19408293427464726,0.6346751173867724,e0
-1.9471168810987365,0.30613412970625553,-0.4964231454372657,0.06633297703877372,-0.6299502654026107,0.10947489881032818,-0.2927659322192263,0.2540839927510981,0.9668921595668971,e0
-0.2769777019657709,-1.3581601236790586,-0.22068311884888622,0.674029348976277,0.3873741069197629,-0.12523533651330843,1.2205995950556545,-1.4255798144949285,-0.1787679514303327,e0
1.227343041429319,0.07471997767184528,0.25787947016407314,-2.0541294047417136,-0.33523904441171615,2.5074332277115063,1.1328247461926597,0.2993293920542826,1.4675926467316445,e0
-1.61351061813938,0.07280627588676547,-0.383714531405397,-0.6007890150006319,-0.937162853569708,-0.34098742479163163,0.2602642040386135,-0.6993100907446509,-1.3267416544598734,e0
-0.3773689066712321,-0.05395232711634021,-2.0545459572859355,1.201261201704462,1.1264815631631961,1.293304549141513,1.102290650792728,2.1596366050333806,-0.8378314135695397,e0
-0.42432260487922385,1.3132324479835829,0.34479413340077203,-0.6385659185865257,-1.381259397451086,-1.733151820800394,1.0326990180018187,0.5775494487383609,0.3962215611231522,e0
2.1808536372626546,-0.01121456839605998,1.604692973816882,-2.8259140175075297,-1.2747000644905144,-0.6297501820393554,-0.04638122944035481,-1.37063754671837,-1.593680487853901,e0
1.5223790940056234,1.3902498897103408,-0.14810869456726608,-2.412401349302874,0.7874220688350309,1.481066718881521,1.4965462726777015,-0.2966170059539525,2.23031011746327,e0
-1.124395728160452,-0.5870267683301942,1.0715985554265768,1.0136197495224397,-2.030725353933714,-1.8597516175113025,0.5949620944801178,1.1678255300671305,-1.076212326049699,e0
2.582053169668941,0.20979082134600094,0.6461522692781784,-1.9849980915655874,0.8835090414820035,0.5633579958737207,1.0311336945301535,-0.9294346234392616,-0.02862718200440748,e0
0.789226801449272,1.8584231597216416,0.4576524655889924,-1.1285293580279037,-1.3045138882173326,-1.7334492522603033,-0.29137234852959254,0.4143897014525111,-0.5608785432136665,e0
-0.32056521912252456,-0.0723477564082164,-0.8962475524547431,0.6145638591847478,0.43049656560540905,-0.7473588253939085,-1.0117167483884713,0.09625019804272292,-1.033494399420149,e0
-1.2205909721244492,-0.053611721612246,0.43014234769354637,1.9485266737256448,-0.9071264836459381,-0.612511752827294,1.0575202534602974,1.1279132379517864,-1.0159102985712227,e0
-2.8487265428014554,-0.8067425950537898,-2.8449439414716124,1.8496948018390444,0.3125303927590428,-1.3350266919827625,0.2909813116160298,0.2828416484440783,-0.2418710614560707,e0
0.08116659984052965,-1.851728614381277,0.5613971421505025,2.0783478331543677,-1.10820393626264,1.3645947596044328,1.0445777920304251,0.22166323778159963,-1.8153470189888772,e0
1.7153333842325482,-1.2054306052072783,0.13928921462042662,-1.7244791576977307,1.716726950150328,0.31071467715343715,0.2889508226259827,-0.865886990208648,0.8725304541229377,e0
1.1037270854959484,-1.4842127087248003,0.5711015033710192,-1.3587108477346796,-0.47829886165554336,-1.5599938156066275,0.19532437371269365,-1.5963246307027312,1.1226343440023039,e0
1.0923640513834993,-2.2133785704232456,0.04194768272737174,0.45014572862846935,-0.3334862749552425,-0.11538830073117007,1.203648914155179,-0.5623451020022544,-0.2972661507637556,e0
0.15004453359371261,0.4798639770088394,0.9873392839055161,-0.4114779249673599,-1.4424042346923895,1.2791145839002753,1.8835872835020282,-1.6472766978782833,-1.378899322866432,e0
0.782998172852514,-1.160805789212841,1.1021941319579125,-1.4356420369923244,-0.9330407177898064,1.2896204143735888,0.7450576190746485,1.1377363618664629,0.669285425468686,e0
2.3803886850709466,-0.13786656471142225,0.03705233744609598,-1.2711211121959243,1.2964014211946084,-0.6988690026019633,0.3095852712895455,-0.8933179803735266,1.0803869944296847,e0
0.6920354548132726,-0.3821340915249826,0.40525808090696425,-1.5894388997384599,-0.9981075682038438,0.9232987773161978,-0.985994007658882,0.5054574895619885,-0.22965557886303192,e0
0.03405671951620359,-0.1790102418706766,1.1118225930713055,1.5534128476784959,-0.2644604721134455,-0.14054973241882115,0.7805917642525522,0.2589970546989306,-0.021731746304781255,e0
1.2740934655525578,-1.838530583081131,-0.45819288919160567,-1.5157607835496596,1.1579422264706847,0.8606327105656802,-0.6740495017360947,1.2642214490577863,-1.8035275394426944,e0
-1.3190815394537385,-1.1144200945131688,-0.5523161683467058,1.243597871279514,-0.3525783998472905,0.79609704533243,-1.0517823741443353,-1.142528365259432,-0.4290638086134209,e0
0.8325604458061389,-0.02828482374859004,1.1993120165875535,-0.7883286489124686,-0.056251669418798445,0.07591364499157509,1.3492223537790526,1.6780208328503208,-0.8931067388422252,e0
0.3122091461170562,0.3343196758508657,-0.915669047698699,-1.3457898462614237,0.6902674605128285,-0.9999532788052986,-0.3889644320835205,1.0065811459982636,1.6965267722437323,e0
-1.050841119693403,-0.7679942589623888,-1.0833472536004745,1.3608758312555955,0.14354437920370366,-1.0665486583892865,-2.0439993883908585,0.8083238142783151,0.2255459970535078,e0
-2.6358393043599038,1.1982863822838767,-1.613150612578735,-0.1669775533969271,-0.34393202468159445,1.6674782809025035,-0.8599034407639915,0.11537388365425133,-2.7968361163083695,e0
-0.5048371632041824,-0.7996634582105953,-0.07467223640960811,1.6001018237708282,-0.08385276112432855,-1.4024630878865838,0.22923674785544088,1.0736833003622377,0.11890920207111465,e0
-0.9197765517910799,1.2903367626947715,-0.6029352428614283,1.445880740013176,2.1413617618059235,-0.8014800402812792,0.8694507597535477,0.9719486356909585,0.20886479844780573,e0
0.4378506324533313,1.0491549095590451,1.14367880946858,-0.2890643035339576,-0.08437586958676746,-0.8351898531726218,3.0677047855390014,0.5888847691161043,0.01956663052161912,e0
3.0320434702063075,0.9759042824762983,0.31676247732894974,-3.306858831493206,1.6178220930949738,-0.012120202479426457,-0.45169953317790956,1.2798249140112465,-0.5166249881301586,e0
3.1763223253447292,-0.1483358806275014,0.8150720185701984,-3.51321148675666,1.049436510545802,1.0686759958736503,-0.830303488520227,-1.730477949665312,1.12922100030189,e0
3.0561584642241453,0.8861320675759768,-0.1996556653052279,-0.6557895525696735,1.0836404372452269,2.3201475470758686,0.5198689946949363,0.5195331575583639,-1.4728441262724534,e0
1.3681184573859961,0.4032242624120969,0.9779052002100767,-1.4656468362732142,-0.9094065647140823,0.1898022639298075,-1.2207817994486294,-0.6704207757847632,1.2836992877611901,e0
-1.4323794250026276,-1.0559524753324223,0.5259979268197932,0.05808334509083646,-1.6201389143232223,-0.13267131967322687,-0.09148442935461479,-0.23364586897923237,-0.09123959214481306,e0
0.3030765027045901,-0.201423192747,-1.6792402460182156,-1.3170088379619806,0.9730462632001935,-0.6541748658958021,-1.443732242224689,-2.7065975442971535,-0.0909545429164134,e0
-0.32817271767571743,-0.5833687216157718,-0.009027998304400748,-0.19644639350365722,0.05104264527977185,0.7628607940041744,-1.2756787573638788,0.574711441307834,0.9317233474329644,e0
-2.236052384650667,0.8948859188874989,-0.3043484474761759,2.771197653589941,-1.1858398372543615,0.4860587247584519,-0.46948105124563727,-0.6513527991931966,-0.011324917036541015,e0
1.9263369646360688,-0.12293253771076083,0.018953431497240273,-0.881631061907266,2.4321937505975355,0.29143892391211834,-0.4028190028614453,-0.39357353194111483,-0.07067865466290213,e0
1.884792391846774,0.629189543031323,0.19922656725704824,-0.5958278047520216,-0.17469763667771598,0.04456103103998685,-0.7410711653636127,-0.40909219533293373,1.1140989522396523,e0
-0.6433811840715774,0.4945430955929027,0.08120700098780345,-0.8037830348089448,0.19379604291593727,-0.18001890742089371,-0.6639726542737268,-1.520430833682199,1.168909987406188,e0
0.277653135065583,-0.9006180013899868,2.2711639692489403,-0.11116487583392654,-1.2537282236853062,0.3076281676466192,0.2732942601166886,1.3663385688847929,0.6250378305674158,e0
-0.4952132051128607,-0.2411401768668394,-1.1357186678769475,1.0750123821427477,0.12257215527707488,-0.5914733985063102,0.9423722218111704,-0.6537863697520182,0.4016264205584141,e0
-0.0905730665418969,0.9411891786767056,0.9574724242525375,-2.087974046293745,-0.3422304283778872,0.41273997974184634,1.8796719466336793,2.000587585141152,0.5144624162735023,e0
-0.3544515380812172,-0.8880442759696568,-0.4755552786364959,-0.2081894362869432,-1.8239343633136977,-0.22868069668295535,-0.5287955178877228,-0.5064501990474023,3.131706397480297,e0
1.667815788315429,-1.0035226089370333,1.8429636250177956,0.3181971038351801,0.14996655727547026,0.28325219256999656,1.2489186264063012,0.3964223916367688,-0.6886299151231645,e0
0.5746994472358381,0.6196716235210122,-0.3093583673868803,-0.2081786756885622,-0.7308710024318001,0.21880920656414724,0.6258990826753615,0.37787002696168553,0.09393571835283059,e0
3.1150390999087927,-1.8778555415511815,1.5286623124737924,-0.6028410932850259,1.0773825319437902,-0.7244229517884948,-0.9453991469436691,0.6896534786711318,-0.6270820951197159,e0
-1.966218624065427,-0.08832196702061733,-1.7764843014252854,1.1629430460178616,0.795544910547468,-0.11161113688834,1.4500468548645122,0.7065550517445632,-1.04536133116196,e0
0.01660140984527686,1.8470384759796659,-0.6997837436279001,-1.2910517938440114,0.3013143491534589,-0.41989758640515645,-0.681420052260719,-2.280675785505396,1.5096463385387802,e0
-0.459175354850324,-2.301884854561675,-0.2567532645501102,2.478861866135561,1.4153219868469882,0.9514430107622973,-0.42480186251788304,-0.16131687142019113,-1.9216336013574014,e0
1.8815988686765326,0.1856682062546264,2.0507350775276336,-0.017574699532516114,-0.2556173344794699,-0.26325230013903855,0.5039301663139278,-0.6429398356830719,1.2105853319376407,e0
1.432872212350062,-0.9266785188467704,2.4096473805312093,-0.17308411750763658,-1.7437078537918613,0.5020422886342397,0.1096770814049518,0.22191281846715438,0.18358313788814484,e0
3.2821929226873223,-1.1088237264940115,-1.2119936653640695,-2.538124689317507,2.9311721530958863,0.10348690077918904,0.987576266011813,1.574379556108464,-1.6649972593982734,e0
0.3190457202385928,-0.029110620729540477,-1.1988842641498894,1.171863808494613,1.7232752954048403,0.23656677035696838,-0.3635136204117589,-0.5760884093233263,-0.6545075513087877,e0
-0.47315853911117356,-0.455540651685238,-0.286778599700687,0.24429589905078147,1.2639179169034556,0.417391221342076,-0.40962819439885173,0.0786193419213635,1.2254826403500825,e0
-1.4314045077827027,0.12910060700995993,-0.01773026536021832,1.226019904369179,0.9234327582850147,-1.2733137560343408,-0.44047528970701444,0.03669773467329524,-0.2441852330703713,e0
-0.7078029951575873,-1.3358015319488885,-0.43102700409446537,2.053349722059678,-0.015557972363077988,0.6128970367720971,0.016059035082305335,-0.5769844633542107,1.0012146945059128,e0
-1.8422545121748755,0.45140712600457317,0.21024066978537626,1.1477766863876753,-0.6763958565491722,0.36600362368753137,-0.8697699959743228,0.07233557712791237,0.4171213124611103,e0
-1.6234009788821422,-0.40196428834642633,-0.19994899848094014,0.747931149839055,-1.0930077111001955,0.3360004071883816,-2.5085576273005925,-1.1916855356074707,0.705300145183623,e0
-2.364351613439719,0.3208117923675389,0.34142911967387585,1.519999736983418,-3.393579133455046,-2.238450533674857,-1.9500692782198112,-1.7354235000125975,0.6739209495367547,e0
0.10856371522133573,0.7471352310054418,1.9135363947744422,-0.2959556112907137,-1.531161921082469,-0.00807106209310429,-0.5053876761822875,0.780763039654064,0.0878182332685132,e0
-0.6029992177901555,-0.9472362231836579,1.0015754090777933,-0.43743629097925263,-0.38270774639683913,0.0523996747383183,-0.643742400267778,0.20693020756670827,-0.04391969462474065,e0
-2.158133554995549,0.27820853037961585,-0.5124365796528658,1.6137292672841708,-1.2729741172745377,1.4668781370170476,-0.6242087479472368,1.0495383696944711,0.2698379257160437,e0
-0.15245657061064982,0.8884790570018929,-1.349671166643705,-0.8135796487451792,1.0362918611067844,-0.5874423096737009,0.4146208658417544,-1.4305732783334493,-0.03624966554426234,e0
0.05488129837543587,1.2491905731450852,-2.1606549185055535,-1.8449747324900656,1.317010707942283,-1.5551817312310832,0.7997265259966928,1.064627658520146,2.4283898583545236,e0
1.1416350489354359,-0.7333153395806742,0.698291902672886,1.170015263319903,-0.8379350117328623,-0.7470989061469195,-0.7587764658672373,-1.286726322205128,1.731440870360637,e0
0.08428119328659156,1.2258454366302487,-0.5759343863130707,0.44051313402912473,-0.45539339661177136,0.7958905135157135,-0.038327906986357754,-0.5681563406526189,0.12126274390927325,e0
2.5821232523271767,-1.1151282366181616,0.45336358757018586,-1.3503647652188766,0.3652880690238272,-1.5587035084087522,0.6337654820180199,0.36683567698971564,-1.2730455135984948,e0
2.6127116581604155,0.6463633799002803,-1.4980473723766088,-1.5833266059854654,1.7783503650355115,-0.494295090010801,-0.5199968120121905,-0.8794661163245185,2.5859165715218184,e0
-1.0813299016545987,0.6766599542915324,-1.6656138961275737,0.9590530859074919,1.6834550809735669,-1.226063152493979,-0.7875213200388435,-0.25395343624908856,-1.38878554073886,e0
2.1503954218441312,1.4405806562614953,1.6193202783009253,-2.3683386160622844,0.3436999695557237,0.7861602434659074,1.4286240567945256,-1.0894571830439315,0.3184291963095786,e0
0.8796351828498086,-0.529116275589842,-1.7225198774647552,2.006332499015633,1.3134121437780581,0.11178667821391818,0.10538823087622701,-0.667255923235353,-0.2693958783224604,e0
0.9738761568478133,-1.287052771573653,0.5744243026020002,-0.23357870516409554,-0.1415767349401286,1.2206937521005263,1.2335341823024353,0.4530785793970337,-0.7826598441840806,e0
1.5381340674359807,0.31525985243274807,0.07862537390650515,-1.194454643563605,1.839798531540994,-0.4832204560532806,1.6268628547477797,0.5601434847749156,-0.9545598772429468,e0
0.8667920857778949,-1.356343335700661,-1.8658352567275684,0.12539379986024593,3.0918747107922036,0.6123746913662517,0.8839149476711756,-1.6530463596159752,0.3347294111122677,e0
0.7568330559917812,0.8180074644033908,0.8705206425439944,-0.8709176817736908,-0.5938067760489123,-0.16395119340090886,0.6169604780638555,-0.6672362254934093,0.7661186807265065,e0
-2.01933472379736,-0.0751299373535665,-0.4713815695590485,2.4455158713587424,0.7694586228201876,1.4621914712601842,0.3522064427439881,0.03507444007102282,0.6832949988451713,e0
-0.03312502261503081,2.230384701480328,0.6951690191247147,-2.509345227415188,0.1553295452999915,-0.1830138782140275,0.10143431288355965,-0.8292926569364107,0.45729719278798775,e0
0.9221666570225353,-0.32236911693308834,1.0486602864399261,-0.8381327548444599,-0.41101427452576134,1.6612753762717214,0.9335490701870579,-0.3247339826565966,0.9692711212709444,e0
-1.6382345904939313,-1.3094369536169224,0.5135538872019542,1.1965926090585306,-1.3147542210195804,1.4707650669875223,0.4447534177975681,-0.20076878480043503,1.0818484126723793,e0
-1.7163924652075748,0.0934493761529209,-1.8331318380034165,2.484770010100515,0.13900750596971945,-0.5133907702893692,-0.9094077262722179,0.47563984045698693,-0.8119384511574317,e0
2.016901969446253,0.5719630429294134,-0.3094414260736177,-2.83072291769058,1.2374736970382973,1.0473734748116146,-1.9086556125432645,1.550565059722154,-0.11210995734872328,e0
-0.5602447834320194,-0.6710525044892844,0.96834066504793,0.7104218708589012,-0.4294899436311862,0.647475342683883,-0.676620268286187,0.9066728258114041,0.279469487200364,e0
-0.14969929216506106,-1.2434917763364837,0.7003515504186721,1.5461359683303089,0.6872423135784992,1.2261745500267578,-0.8406978958104248,-0.15040751332815172,0.908773335938248,e0
1.4683835665852754,-1.156504928249191,0.9621291229266673,0.5343731897638038,0.1825576986464097,-0.8054596451314211,0.21684334512481152,-2.42341483320977,0.19798373187690418,e0
-0.6177026044180856,1.0895755562214813,-0.9553226986392186,-2.231019815658061,0.7733555481757236,-2.7579051462136865,-1.772411047558875,-0.9917906896022249,-2.0756359332577907,e0
0.8613458223787533,-2.486352891873218,0.5033638041785332,1.0188636057779308,-0.2330390462819587,-0.7028817968022694,0.2782702280955328,-0.930159954386161,-0.7383124826225396,e0
0.8488458468488587,-0.21860260057058375,-0.6980553760965941,-0.3980644347045969,1.373562457645864,0.800528815387874,-0.8685814408825299,-0.03400587082530809,-0.8882434973517501,e0
-0.6286621681301683,0.23718699950489464,-0.8720064016116642,0.8023957546110257,0.7634968991840321,0.9064423044002499,-1.3945272039213772,-1.4110987589279393,-0.8181760601797392,e0
-0.89239307213474,2.445050266307841,1.1956138348200793,-0.05146087495835805,-1.6960513038898728,-1.567719528836826,-1.3138076980003661,1.390080892278474,0.29881194454088505,e0
0.25137194390400563,0.364250961647172,1.0294086943917156,0.2187478608719864,0.4282495413500259,-2.1037633316640347,0.29286518583278204,0.777864791334225,-2.761021789150741,e0
-2.1079237423702386,0.37856043283906676,-0.21073494061977843,0.6047074699255803,-1.1713465435357533,0.6716078510982797,0.7721789791452774,-0.37181737538514925,-0.9499920138249447,e0
0.289217816714029,-0.2981796983970019,0.03041966815183195,-0.8136016944619521,0.6132154529402626,-3.261725150516743,-1.4156185792986906,-0.13557944528675903,1.3911692032875915,e0
2.7407526419622843,-0.24737361767448027,0.2795050557783562,-2.046272318877677,0.21033563823561172,-0.44685766455686826,0.9946549106650353,-1.048681453304926,-0.6849433211421042,e0
-3.715135373726145,-1.6506307406020173,-1.518084076836918,6.173442233967046,0.2755457473564681,-0.09103708534191234,1.257292763189969,1.1190967305686192,1.1826717488715743,e0
0.7546993475508679,-0.16659299645723083,-0.9421274632412342,0.7461946467851299,0.9070969655126984,-0.9719059656997521,-0.6713199371886681,-0.5370546133896054,0.8755933856318007,e0
-1.9752738948600013,-0.9599946692211677,-0.74867455830049,0.40578533695901364,0.0019162338271916934,0.648324377002746,1.864967882820993,0.9555763907297471,-2.5178930424594927,e0
-1.620287357043121,0.16074087917551397,0.2134697712468312,0.12866273263178463,-1.0220958459029341,0.6099338314116917,0.38294015969550566,-0.4448494274207925,0.23516193986915485,e0
-0.020522340877271728,-0.13060651798718032,-0.24989626179733915,2.384334912728328,0.7639798441143462,0.11718846725705595,-0.05968285351794318,0.6097103729617582,0.43143819624635804,e0
0.6694010124447585,0.6621500669481077,0.2748677775829553,0.976913263486686,-0.0018348013474051295,-0.4806851000255033,0.588998195964491,-0.2550062729165597,-0.9527245200431813,e0
-0.005714274366861449,0.6743050413623947,1.8337705508868885,-0.42869366993158964,-1.7648321226682848,0.2616394367195087,1.043579036057395,0.7780249190219272,0.8333989248477588,e0
-1.2653166046489113,0.8346480844014493,-0.6848138765820934,-0.1520317507282638,0.103893379152182,-1.1402658667978713,-0.0650890343485636,-0.4759123967585098,-0.5790088942872834,e0
2.903407490598588,0.39714161985960234,-0.6494600006713873,-2.732180124468574,2.0924012625172423,1.6051705792532152,0.09751985369709823,-1.5417208315681972,0.6318821521505432,e0
0.3024508539835653,-0.4213021305093489,0.3662657776559848,-0.3917747441562507,-0.4887139323731532,1.0063309674198115,0.18279816629304174,-2.1354052356041358,0.7327975728524404,e0
-1.228225710566756,0.16847325862392887,1.286748535899425,0.7503710526154104,-1.877464281228392,-1.5184845340019213,-0.3189166228886753,-0.1495762369287017,0.47773860580401994,e0
-0.8928138033732429,-0.5433665883399932,-0.7971079633059535,0.13487084174280306,-0.46696474908930286,1.1928890464662345,-0.24506299305447835,-0.5364414617408891,-1.3743173473719097,e0
-1.9190790991049747,-1.2419603228248666,0.05242573014608292,1.8926959146331377,-0.48045865227621215,1.0915067855721048,-0.037075132563439014,-0.16087250953600446,0.48484570481200073,e0
-2.699679803585525,-1.6418522124044348,-1.6470251552137736,4.327756704881311,0.3823291690388043,-0.36365899791351103,-0.4156390567219646,-1.3054765741508192,-0.4923163446734455,e0
-0.2803437390701144,0.37822180985962245,-0.5035060170367996,-1.6320577019172464,0.25648567488721,-0.13699044339997832,-1.1764667075867918,-2.085841034480972,0.5665372645484569,e0
0.23382150943516838,-0.078753645080414,1.151855024280478,2.5778809536432217,-1.2526802712217395,0.17579105204630463,-1.3163109235452661,0.2890123007509963,-0.10081623858832893,e0
3.1833934447700125,1.4655619584263633,-0.2767572402359316,-3.117172094881914,1.9316165529834544,0.4730266204762847,-1.8610136201935927,-0.29595477239759915,0.9828086626114151,e0
-3.2815342942266943,-1.111765909664042,-0.30281453097190014,4.310431884224273,-1.4361337136874524,1.3679033087772243,-0.014514869096163825,1.0543708805144616,-1.2516905575801833,e0
-0.6671129459852472,1.2762486824393842,0.057628972130133155,0.010837029369340945,-1.0060044141157263,1.3534930790443238,-0.7131263869765545,-0.03423462959449568,-1.4783733860143793,e0
-0.46076364926214763,1.411619797332298,0.9573095779474321,-1.7436161426069803,-0.8618258431499417,0.16485092894796438,0.9858221744799405,-1.5479062079865717,0.2620000935446995,e0
-2.024989869813908,-0.4260102270017444,1.3295194875345817,3.1178098591367305,-1.948720882310296,-0.10512383178982725,-2.281188608648547,0.20395612299162055,-0.8011464157431383,e0
2.1020986425865607,-1.7834240494954858,0.18243293285104947,0.4276523293852366,2.6263530516608053,-0.1772788815257021,0.9197362110582074,-1.6736052392758958,-0.5530488055722801,e0
0.11972611259964294,-0.1916672898428329,0.6011257323074461,0.5215443316983409,1.4652379734321657,0.4096224016910564,0.5992816041346767,0.11621085706976005,1.366094016952331,e0
1.5450721914843464,1.248391481491074,-0.97451647906998,-0.9999390473245109,1.9839384234222517,-0.2945478557209295,0.10486263781781453,-1.6297308752508943,1.1385235045179354,e0
-0.8013578755384297,-0.5228613619100961,0.003076122290779238,1.3707090868617793,-0.9845387332767173,0.20576955260314092,-1.5802071574136913,-1.0436520835568608,0.3024215278758886,e0
-0.6940103174425798,-0.40571111166942003,1.783169664291744,-0.2170451349525372,-1.4497817381914655,0.5762310115103036,0.5947190290428552,0.14589570218449346,2.2715584305228305,e0
-0.7622934320243208,-1.640099125386126,-1.5932340977029271,2.491460367569584,0.12139206477789843,0.5609664070733356,-1.4948840299884498,0.09315688147267873,0.8401718071225025,e0
-1.0692796238667326,0.6701046040906905,-0.3943033286257279,2.319012529191073,0.5670832552419096,0.702114253467733,0.5247971815623106,-2.1109316556401803,-1.0577928759877229,e0
-0.9012485395503647,-0.6988229068349868,-0.8484209084381052,0.4946885446788115,0.44748644316223357,1.383492575516043,-0.5304998246391437,-1.0629057982800785,-1.096901114977068,e0
0.4457709973365649,1.0866432114351632,1.5915281144467068,-0.2992234837468666,0.0003293540226025904,-0.6001927825453756,1.985009897439486,-0.4398588749437067,0.6297721828226099,e0
2.0554975921441034,-0.4348475542058224,0.6664646345943099,-2.233185582116783,0.17179196781102013,0.06243437535408327,0.8391643370544825,-0.23247682672322428,-0.2886670651756932,e0
1.0489247549596237,1.4825044304048838,-0.6963295628027351,-2.854541606499894,1.1680885964848067,-0.11790114511943675,1.3497951981604606,-0.6662586869680558,1.354229042657945,e0
-0.44764608211653034,-0.3893938992235058,0.4715748853727155,2.0622930501251915,-0.6944698127847493,0.044027520584134006,-0.2063870748534761,-0.22504255910514148,2.1440482628871873,e0
-1.6527495562335586,0.7318607999474861,-1.2741077160394811,1.2308572880861273,0.008894036081002588,-0.1559020441389771,-0.24341218454431798,-0.9940054460270098,-1.4826354170063627,e0
-1.9809272782862908,0.015775369709603103,-0.6004494403676993,-0.4052722307943073,-0.8999531188558891,0.7535477298973884,-1.1654768901948187,-0.5960632914753003,0.9812895711896412,e0
0.8106444188786972,-0.007726476384495225,1.4005383647679845,1.5685780717378637,-0.5319733343629987,0.6995120264336018,-0.5129337517210709,1.0911045466052032,-0.4312795605614408,e0
-0.9108446988763909,0.6115113685537378,0.8865629303454127,0.46437438093104133,-2.5168268964846616,-0.3964990563877948,0.9629960258274121,0.6025905525105221,0.3070659837268771,e0
-1.0947478628054654,-0.7704297152994258,0.44851724963350514,1.0616149134686297,-0.40151539276030135,0.6055886819726172,1.3732560343482394,-0.17588381449220794,-0.6523730076694711,e0
0.233477183537391,-0.4430631288566891,0.146587694865588,1.4075162177780534,1.773404649018405,-0.9299570475270031,-2.2694768231805176,1.17376807209053,0.4158408506624306,e0
0.4443392736246715,-0.08836156878124729,-1.5991583409888304,-0.08318533037562545,0.872440227469824,-0.7384130987135095,-2.03033750853974,-2.0834015609250582,0.5984967524777416,e0
2.092947885422649,-1.5969573516861193,0.9975797956912301,0.6282100124454649,-0.08178822463744928,0.5231626535924533,0.642665025668551,-0.8196204451455014,-1.2814082609262023,e0
-1.0558521282964077,-0.15261943311570123,0.44564765227241093,1.3351337895472266,-0.42363947522795525,-0.39430720757639753,2.16844188703723,0.5816239086502962,-2.5267659159603544,e0
-0.7957228768321247,-0.8535832192473483,1.4115949300978343,0.39434663768052625,-0.9321929625623555,-1.6392427253727488,-0.20819527783594396,0.5570170167194205,0.13310830082029623,e0
1.2765031677250003,1.151720268450256,-0.6205632260034818,-2.9531322648904474,2.0108426527246177,-1.9097201497311345,-0.7175353211580985,0.06329329167683125,-0.3280412487546607,e0
0.17914166983009094,-1.120361148996069,-1.7043564501241197,-1.6830239599424406,0.5656059531895163,1.633025028431028,2.3431441836756624,-0.18306205102042603,0.09249744420967496,e0
-0.007469948175355845,-0.42042016008783345,1.2926693357118484,-0.13318459914649772,-0.507901967719901,-0.28527592696766957,0.04786786579351694,0.6847399814703968,-0.15545376821843598,e0
0.5618738295427207,-1.6724215289820177,-1.2810338981337832,-0.04284732283805481,0.3495993575866668,0.5170701289379382,-1.6303975215761768,0.352991602859302,0.8572915397113816,e0
0.7086480948555895,0.40550326763711647,0.01808952510533198,0.29348634952465236,-0.19970201784298533,-0.5615747094818396,1.1784880362982042,-1.2242608045181655,-0.4623701523866437,e0
-0.38473091943277715,0.22368274479778016,0.6452017912580771,-0.0534872298513312,-0.21346078147838812,0.5698798409808823,0.9003756348574997,-0.3323814977728704,-1.0667437986208506,e0
0.5927309485250113,0.5585908691566154,0.9594371505791109,-0.4610942525886767,0.6616977506566001,-0.2665846798562183,-0.9373011684989028,-0.7269889351505597,0.409302298807682,e0
-1.4847929885269344,-1.3333263431483868,-0.985379094431571,1.5177686657606833,0.4671171964324706,0.9060563381237707,0.8404289536528483,-0.5834330234225741,-1.8452275357637515,e0
-1.9178400919162815,2.0491244711713392,-0.2848081554991043,0.037814394694537554,-1.9533172233460336,-1.5784047155845267,-0.2487982862184184,-0.9045854291772258,0.6529072181790244,e0
1.029554660605871,-0.783648353598062,0.06677473743571392,0.14460879586587932,-0.3456335338674738,1.2632823329258958,-0.7156170207501382,1.113261756412282,-0.5183524264825323,e0
2.2949035753971274,2.0465144337881105,-0.35406008884048423,-1.9790529661834901,2.2850881184505822,-0.14838435375006703,1.598259734573047,-0.8838398421771306,-0.6847256530055119,e0
1.7886692638060935,0.9803048078609259,0.9233214713355887,-3.129086186983466,-0.3763346651898754,-0.6189940136190609,1.3356081860568159,-0.8125934407525781,0.8953401918189763,e0
0.41734780444770303,0.8776081883090293,-0.20659044070132057,0.11856734698128801,0.014147586851937774,0.27988903655072617,0.633563568134546,-0.41960356743839566,0.9613512591937029,e0
1.3381812456195972,-0.5138781009878478,-0.2903854813642459,-1.1166810856702913,0.07780369848054244,2.6825573684896793,0.9321208300712027,0.19939175407330412,-1.0605225644741898,e0
-0.4631844463960747,-1.748523121836323,-1.1481203651651724,1.3844564773137442,0.7588740098778035,0.07223304801551253,0.746565311866281,0.8409436372825361,1.5458954974738048,e0
3.469982917731297,-0.8095376058543055,-0.4432032396780015,-0.962350535863703,1.7407345265335739,0.7494328607403078,-0.2768874968235341,0.5522841891005531,-0.13657182318137814,e0
1.8388139433630133,2.308544203581618,0.4084221729533196,-3.545295026188824,-0.023703832729949692,0.15107744775665471,-0.18002362680461523,1.0008746695961648,0.8464465091126933,e0
-1.4435077028968464,-0.3005329570659956,0.1218091856841438,3.071026077103471,-1.5190061475104597,0.4963629933728597,1.4793663098565089,-0.9354081186451548,-1.2065059449631501,e0
1.5621658939765521,-1.3912278046446638,-0.19329734587190064,1.0454895541967633,0.8832261063758823,0.7766518000991504,-0.41215946516857227,1.129959643263342,0.061402768290391034,e0
-0.9233862148398847,-0.64891088345262,0.31360062066738864,1.417297868973689,-0.4662172718208396,1.0160501379826228,0.20549841689261145,1.674066887506671,1.885459942419238,e0
-1.170337890503656,0.8342503286030392,-1.620713643488324,2.1352771294280424,0.6039349083908407,0.8659963097935821,-0.5996297022803695,1.1092762571321204,0.027583613675989327,e0
2.193648894640566,-0.9684216471166244,1.0337300556672733,-1.2274565094483822,-0.682246461011666,-3.351345911530087,-0.38541871399418803,-0.9367242884701419,-1.1531159084720775,e0
2.252919460891619,-0.4000289835352769,-1.255565307570756,-2.023017246368791,3.0326063597840234,1.2534644616989303,-0.730911707786551,-2.3755880855659752,-1.5693681335653422,e0
0.41846307059721827,1.6183025590139297,1.041214113737223,-0.429997635093885,-0.5285164504663521,1.7144863724492743,-0.28558245853618525,-0.5697118386183933,1.1995006720558377,e0
-0.7431540515560074,-0.035657368038566874,0.43950909151564055,-2.0200616504003817,0.31473947256479395,0.9458248809663602,0.6698782341103166,-1.4544268099402338,1.1735082534457606,e0
1.0365208761185407,-0.8153166570793674,1.0013891146237273,0.6848461788212241,-0.7076381603387805,1.0128442859830322,0.2007976280065122,-0.48956603615318744,0.7863781258751545,e0
-0.7700650116173113,-0.023697336554237402,0.07493443535203291,1.2592325401591589,-0.07311865280979313,-0.5085237917093931,-1.0861529678579027,-0.036232860190974304,0.7283056718523293,e0
1.713918030624589,-0.4576245073788007,0.8030938798671687,-2.24376563285563,0.7861511191367225,0.046578508738891744,-0.987363574460434,-1.0125009858183789,-0.924386335440197,e0
-0.8673577823942583,0.372352695247912,-0.7825776493886673,0.9690205283647547,1.0956529829931592,1.6154279945114407,-0.26889300682730005,0.20041432621866553,0.5460594579025493,e0
1.6553656103612613,-0.4541410712417139,0.22552955219462575,-1.7616155141382746,0.47654359213572783,-1.5975984662334035,1.249385130855276,2.4128284203063055,-1.1692157302304176,e0
-0.9058916137466567,0.2204889630675716,0.30207167117941236,1.3297461694681734,-1.1057075315385043,-0.46408143901563076,-0.2157271646290295,-0.6162205541011072,-0.7215636665857033,e0
-1.7634270007446469,-1.6663539693411142,-0.07076437915854769,1.4849844798074252,-1.0024497843846123,-0.21647311289606738,0.00012520690888274055,1.2320714936502912,0.887749508019852,e0
1.1472216953169143,-0.1925321987397248,-0.7711215606717653,0.14263948630966206,1.5361833405864433,0.10089717596531446,0.8807595885536224,1.5966119338698925,0.049024473127251715,e0
-1.91429651387736,0.05580551765079563,-0.2808350600677953,1.2234266144660395,-0.05646931379758577,-1.641201986748805,0.7662680314577092,0.19414788614525075,-1.1218039704426375,e0
0.8258507905574394,-0.5192525670598584,1.1781928126474857,0.7138606152869197,-0.9120247649270182,-1.040735339180056,1.2503190963983666,-0.7741137959104165,-0.7741305964812595,e0
0.8026338554845098,0.7367705016561322,0.7013248126287529,-1.704864980313943,-1.0993939870587441,-0.9804344645548855,1.1476127480352833,0.9047056143139406,-0.6303561240913232,e0
1.9785232576788843,-1.047114284993594,-0.06870753510357579,-2.0812117882635066,0.8671306234419399,1.8632719400874211,-1.2972195942607478,0.27892937888013614,0.13215001345722682,e0
1.8864145662601324,0.3750646430677444,0.9586953369247302,-2.5360722984900006,-0.6159579132816434,1.0134277812167012,-0.19260003900523368,0.7533949558021039,-1.1753054512877037,e0
0.2981007633960221,-0.4425531093058118,0.9544363294131731,2.025540538318489,-0.583396523921145,-0.5732032911537442,0.5905220867450987,-0.40658138108513886,0.8604688095694375,e0
1.2510164150496446,-1.0299345474707777,-0.16633677617727793,2.0970826636931057,0.5307302582938506,0.13066522477133946,-2.917479262927422,1.6205774093130816,-0.020552782446515205,e0
-0.8718528381815641,-0.5272259202153813,-0.8846087544547684,1.8678655884179354,0.27108752284634074,0.3089308767918349,0.04684564365992958,0.36128357644396114,1.0888310730237545,e0
0.8838468028518675,-0.628561632775066,1.3876058476597204,-1.2615533528329148,-0.9860430968914742,0.7811828787292799,1.0768336353861494,0.48252315936935763,-0.31844134998592166,e0
-2.5459868036004742,-0.00310079274014703,-0.6079870080481139,2.5583622628037173,-0.9644907847763524,0.6584427885960523,-0.22474093213721658,0.3067414310070817,0.31076598789299753,e0
0.7238553817897099,-0.15763246624952776,-1.8944944419442238,0.2452311395631771,0.9655000468974062,-0.7812439429881243,-0.5381609540049892,0.46922288378454613,1.194214172999859,e0
-0.5862696885588967,0.3228414684792625,0.027986287459365992,0.5334099837558187,-2.0029639186012065,1.3328923125338603,1.1359383744953502,0.783946801879878,0.5572109075175219,e0
0.8173584715451694,-0.025891328896369383,1.3356008256107232,0.46199160943383233,-0.7257939932303138,-0.4709603780834352,-1.3714249261428586,-0.38587280105151256,0.3408792129442226,e0
2.033313732577252,1.455435690082468,-0.8530089106160189,-1.8416859642248382,2.472651852812342,1.0901426155051248,-0.3235810154059048,0.4114494783214273,-0.7531794931574025,e0
0.745245863349238,-0.01676947933305517,0.14700312893253817,0.40715430679890685,1.3416485691683981,0.9088046381919404,0.7350610520447046,0.4388145243152364,-1.2094890127097262,e0
0.2233618044160438,-0.17069876576126722,-1.3462165865762057,-0.3205118156754489,1.555364592439295,0.72590392635904,2.3212608979378886,-1.277840421110083,-0.48349244216625653,e0
0.17165153534333177,-0.8844766283113383,0.7254241409913056,0.17658081736103098,0.29017968668009936,0.314024271684702,-0.13795159021542744,0.9909229341481931,0.24452673304707095,e0
-3.5004548211154214,0.08239789833626505,0.2923629411683117,2.820910726396972,-1.0820937986083525,1.1129470807012414,0.3727415521844914,-1.6213916162989057,-0.9480495736483838,e0
0.6806305955513217,-0.019819390195328798,1.3673314192813524,-0.36444501737108936,-1.3326256502636096,0.260018589471077,0.870366484221263,1.4803890165090334,-1.551101784818175,e0
-1.9106567489647652,-0.9144875052767079,0.9560185292337644,1.874308609714214,-2.061370778502165,-0.3415191289730814,-1.3734853774200513,0.8330872052574139,2.6813560826494602,e0
-0.6256777761295678,0.41914319936100136,1.2886601644670201,-0.019023440019723115,-2.1767890614715646,0.4486312334590981,0.2551548740844903,0.7670555727475319,1.105298692090581,e0
-0.169939106506398,-0.3381064448892744,1.1817823883142673,0.20433047782058547,-1.394663506170339,1.2180177141743942,0.015520869187927435,1.238390670709468,-0.5690454988762371,e0
-0.6384373036310977,-0.12496563310019945,-0.3043845635882055,0.9147262770652891,0.9295546002994624,-1.5430642136540644,-2.2057520533826698,-1.259754248824083,-0.48454697874456704,e0
3.276995378133664,1.764738018374514,-0.020228477855080963,-3.936580420845421,1.446599753659719,0.3512190117800568,-0.5692525177207846,-1.508854967960195,-0.3321601533906726,e0
-0.3032641902410571,0.7820541750994825,-0.13117208538038116,-0.046966673778081225,-0.1288868790234204,0.56541791559944,0.3986244610240294,-1.0370048927378381,1.9728474016747457,e0
-1.7738015106960061,-0.311847197222984,-0.10057341058578904,0.6435606471070782,-1.7091039264359276,0.012961887093896613,-1.6610783866248793,1.1069056450922696,0.40055835674649104,e0
-0.7971248263168366,0.8720858885341745,-0.9241394294502658,-0.06916066890757469,-0.8144809178803635,0.6759913107382979,-0.6182399530466413,-0.8884236706823253,-0.14161765620839128,e0
0.47922136369403934,-1.0591749151948509,-0.09591908314058165,-1.6085401604252993,1.4747224039841453,0.9732780741124712,-0.8099454505613957,-2.0319411900173714,-0.9999828259145137,e0
0.08520847741433166,1.038887090653799,0.7002181940055408,0.13761017087332594,-0.5786493460217976,1.4281988741345486,-1.8733633526127658,-2.793076511397055,-2.3844184858707163,e0
-0.12187228806832723,-1.0493670965078807,1.095893294728106,-0.8167258710267433,-0.7584206085741664,-0.42364792789719896,-1.0413472254299792,-0.46308430116581767,-0.9204205432684728,e0
1.296225366734137,2.573386717364101,1.5656158754911262,-1.0805407043885003,-1.3905948396742875,1.0678921576805016,-0.5437275095377491,-0.89173030482295,1.4560266850452634,e0
-1.9634698716308385,-0.5224641594888152,0.34576933474950533,2.925324954569642,-0.9950926266849908,-0.15528840941820754,-0.7316676509442644,1.125798091404075,-0.46874703151226943,e0
-1.2062096417636479,-0.9273545236908171,-0.09554710611282388,0.9054304798511945,-0.1816208111805101,0.38223200929460427,-0.2134691427181971,0.47045517117403873,0.7054972536462752,e0
-3.491323330070502,-0.7367345766045631,0.023014393055845326,3.751219081487539,-0.6290663660036591,-2.9398689138564795,0.9666431185428946,0.6251798187412115,0.7647645248108588,e0
-1.5262361456923959,1.2819105343722823,-0.5224899291752946,0.7918847474804454,-0.18663309176474135,0.32915192893972495,-0.15130744387255135,-0.28520465763315983,-0.14868266133840732,e0
-3.761461329268707,1.1419171404895685,-1.3526476720550145,3.3756749550382965,-0.8519568587506499,0.17668774106701615,0.6599089664197952,-1.3381466440895893,-1.2015580226070526,e0
0.8146464885653849,-0.5833495101678178,-2.5162588141175513,-1.177396426624175,2.493770177675768,-0.7440102212763895,-0.8336666437215315,-0.6137849673649209,0.882550641173284,e0
-2.432778013674749,0.7050896092622422,1.7477579908627587,2.737576885425252,-1.603274751669738,-1.3770058808364831,0.3335432391875226,-0.5122584614780819,0.7762797229926892,e0
0.9355781325897206,0.7830269987606007,-0.06096810990695777,-1.6090528545708196,1.016802777192698,0.6239128715269819,1.5342604089642824,1.9236532494303507,-0.5159042702208005,e0
0.018298585322358618,1.7104604046229979,-0.8860644467669041,-1.3555976006855601,1.8241267935195489,-0.37176701157300585,1.0407119433304723,0.03180593225071032,-0.15494130754750546,e0
0.8302194640610532,0.2347088000998021,-0.6801139953267729,-0.032013988695216766,1.4480784784223855,-0.0399110917359872,0.32698439359792525,-0.8028165766190901,-0.6380537808495369,e0
0.47372343198388744,1.0103032129058072,1.5943308046320528,-1.6740665902770435,-2.3903204235143605,0.17019066831514132,-0.013058328596545226,1.0853038671185853,1.2150108702684477,e0
1.764291218385522,-0.9116616453937018,-2.019644482394633,-1.7683980613226093,2.234422515355232,0.5757964662944328,-0.3073839653836085,0.34302069619594544,-1.60996782736307,e0
0.9777487376263339,-0.36270741696470993,-0.32140142764190993,0.048720143359411106,-0.39621088087258305,1.0589662598009846,0.15965845706944398,0.7518897011367593,1.7527113510737207,e0
3.3500445243566324,-0.6035924643972996,-0.8725320895097953,-2.398454427510332,2.7814304941837587,1.0091511757066989,0.900278988026072,-1.950861948055493,-0.5948138302697119,e0
-1.896935610609956,0.18210081901769015,0.30789878764138784,0.43556397252063916,-2.584711779438428,0.21806625468353716,-0.7815646761164936,0.4081912482692066,0.6403986849620078,e0
0.6057174936708464,1.5433485749138318,-1.5577182845927733,-3.038795168911212,0.7860406568105415,-1.794108952180401,-0.7659535940426481,0.7988697531430792,-0.2425152963907979,e0
-2.2458150150996428,-0.9560923123176468,0.420038782281525,2.6277016933810344,-1.4190425687194144,-0.5602398591049187,0.5497885603533846,-0.1724595227747088,-0.6934770176269267,e0
0.047335063581888104,-0.449263079620388,-0.651114840153221,-1.488075641633009,-0.358405827554127,0.5745655397872924,-0.8035773915021754,-0.6552986617159764,0.18939335033835433,e0
-0.23971988878642403,-0.47070088879799743,0.2671340165504652,1.2433900935173126,1.568412814987347,0.5417984464595508,-0.18282936409334877,1.3610129959083754,0.46574103873175676,e0
1.3868578781026906,0.28569008901106413,0.4236408455414673,-0.7311537810029045,0.48828385332942553,0.4503139573316451,-0.05418569947698938,0.8792524532771494,0.24231835314763986,e0
2.359382684801333,0.493057176093846,-0.8518629557044994,-1.628803023733666,1.0353270722322443,1.248365740011724,-0.8556607193373814,-0.30159262395841424,1.0671763375991106,e0
-1.6427522993019061,-0.4334970734586577,0.7379947328421629,2.0258598669209458,-0.13738010566271336,1.0701993429791121,0.22228590401790205,-0.47561344209851514,2.2790175860227695,e0
0.4669611923456386,-0.7930995501898016,2.0956733930299043,0.638810897097976,-0.9808471497105647,-0.5084006827853105,0.4056212803344598,-0.36770413117404754,0.3052463310375021,e0
2.283960328677084,0.24652633207786048,0.17110532802408135,-2.6198108767437693,1.0554281329082889,-2.55958523911778,0.870270858932961,0.4432949249102426,0.6511922802611324,e0
-2.6550260554480656,-0.3284781552567997,-2.617022631517919,2.5094355371445407,0.28362489750755726,-0.4104564630343389,-0.35197079827719785,1.4314857927162827,-0.6019557820393019,e0
1.547241362252557,-1.6921689020450827,-0.03536495057719287,-0.1521806737373359,1.2124391809930621,-0.06894835563572656,0.3026745161306746,0.7743865865294592,0.32989135960476285,e0
-0.8377029161681575,-0.5430060026097063,0.5322388967299586,1.832193063300252,-1.030061071321402,-0.17714194942993203,-1.58339561661617,0.5514579496936733,0.3833051165996735,e0
0.6569912920498562,2.4685388045772942,0.6756840144715833,-1.9625905079759183,-0.34831456431588004,2.1267326020997483,-1.2215924778086984,-0.9114878305136005,-1.0145593691349875,e0
0.5400023262259547,1.169763000597856,0.2732172384229629,-0.043128259690339954,0.4484322061000627,-0.3304182650961374,-1.1647717615245534,-0.726786935298699,1.7546203130619487,e0
-0.6621769382246057,0.6572309995768244,-0.3938041104358619,1.0750164184505098,0.5391892221349812,0.37644467530516484,-1.1591716181129958,-0.35077054624165743,1.9419431605127846,e0
-0.9675193072373305,0.8848858071296133,-1.7792298679123084,-1.557473060579371,0.35869850962682615,-0.03476006008838234,0.6389918502504817,0.8596131222080947,0.7917097061070254,e0
1.8496094680350765,-0.5242668181013498,1.3451715029005797,0.3764064346468161,-1.669226538708537,-0.7590245445642995,1.1585450075218535,0.10338956044695793,1.83593055955337,e0
0.4072821545788243,0.6665351468277859,0.2573321722369842,-1.6508798377010259,-0.6779089592055731,0.7133718393942684,1.060825424735559,0.6536086064290741,-0.13335286406818356,e0
-0.4358504696129364,-0.7370970607777593,-1.0008375340373492,1.19752625685359,-0.5778235595354712,-0.47834299179703244,0.17492567679345605,-1.2642280784076647,-0.10484667920061065,e0
0.6131779859801001,-0.7167671461084903,-0.7304806249102634,0.8798292606262454,1.6663070780213838,1.3018241456801116,-0.5714833459886794,0.6402079021179616,-2.2872529431837965,e0
1.225872235628907,-2.081594441870451,-0.6914200436820992,-1.1586506984055072,0.4852121620327394,-1.0945891985133793,0.3862150686853794,-0.5474720148533113,0.7541558091986614,e0
0.6262218069164759,0.6352755677792619,-0.9002423446560495,0.7556968502551854,1.017065248901008,-0.6412101853541708,0.8279901476280448,-2.0867326758754894,-1.8378601382580906,e0
-0.2819787409048359,0.10469539951249222,-0.23695169037252736,0.9911977050419043,-0.3579846121106416,1.0683074380375996,-0.6280364385993156,-0.29452020694691006,-0.7503286785107316,e0
1.9608746533372885,-0.640132628050917,-0.32765198387486555,0.11635900270510802,2.462209068103288,-0.6608454409506846,-0.31753492950256507,-0.16820317285802253,0.9230259141151832,e0
2.439404963530802,1.352662057087167,1.2866126261814756,-3.3762222281082996,0.7024190337174625,-0.2028274359230789,-0.3496844124677892,-2.562131615508779,-0.22869775998728692,e0
0.6068391392501334,-0.5634520567189142,-0.1338108405266208,0.6092762499931024,0.3026697867211492,0.2422580358864513,0.03299570032059333,-0.12477430356080794,-0.779972307310783,e0
0.9889099629653113,-1.705491514792015,0.9906691347643868,0.7090000193991643,0.09023338959872462,1.3661973847403783,-0.05561162819185388,-0.3456674509394305,-0.16195250299881767,e0
0.4930200169973046,0.1914577383010605,-0.2920676904815,-0.3868820749593667,-0.3626920813440389,-0.1906170286792352,-0.10578854307313772,-0.1364849858020662,-0.9251515469419388,e0
0.49411239726232126,1.2433119778893478,0.5161529759997604,-2.2060866654075086,0.36219144613784776,-0.6593331797391492,-0.06698592888353626,0.4196744454053498,0.478810746242423,e0
-1.6471892299270414,-1.1977867975908794,-1.066702800807548,2.8304871231573547,-0.2104749573674113,0.675306696578569,0.3630138782575322,-2.585161182846262,0.67921296791349,e0
-1.3747810915972105,-0.7788031548359854,-2.8194158473984223,1.471169262199858,1.0588852314726251,-0.7786329690695436,0.5141850356486407,-0.690827469813056,1.7878912974732046,e0
1.2325761207258152,-1.000507944543754,0.07317838124899191,-0.0882693422597707,1.192701970259527,-0.18640758290072615,0.5246812903647772,-1.088864081802403,0.7526686712974836,e0
-0.23647962407011303,1.676718695045429,1.8371900059527542,0.013721187414987845,-3.3139207451195443,0.5423094157174346,-0.7308678203611912,-0.0054407363680218125,0.022191128248556066,e0
0.7071744847250601,0.0886218055953592,-1.1632456870534402,-0.5424141254969875,0.955283146689156,0.9127083648908899,-0.3850321699409975,-0.8612853557763446,0.5388963095056818,e0
0.1033950538840323,1.0274521026324495,0.9222627999180923,0.03270981105292403,-0.7563068917192769,1.2416761791491087,1.9448969727665828,-0.6344295141634942,-0.2972759529406784,e0
-0.218653457033716,-0.7463547481914862,0.10857683643453554,2.5183290034031263,0.1816985141287133,-1.400034569625056,-0.112858381096233,0.04641704673042764,-1.008002322141311,e0
0.20506592146920677,-0.14324814869326888,0.9321112635797337,-0.7141290258374019,0.16937933337166755,-0.8825046625022989,-0.4493473791197559,-0.03735884387444653,-0.2667117626150407,e0
0.23110929676667802,0.7895272878053947,0.2481305173788666,-0.3639271913080766,-0.3864052666496106,-0.4122574603687497,-0.6461217508293067,0.6998000660382266,-0.5982812618206259,e0
-1.7391720402166748,0.4129946137972379,-1.5418490022968794,1.9184880169813023,-0.13370748359915452,1.2348231583067883,0.3544763178127853,-0.0030031590214225634,1.605505671440546,e0
-1.0893730567991318,0.5849175904245998,-0.3278711199798496,-1.9404887677434894,0.21733050104541468,-1.0605930206905798,-0.38245136551179226,0.24712152058858444,-1.006698727053513,e0
-1.3873527357550122,-1.647109798740114,-1.4206661409170567,2.4992930094434906,0.37151698982958764,-0.5478012165981987,0.21612352488117667,0.8729159201580354,0.11238712070545256,e0
0.4617056218525824,0.28967690110713884,1.218303026489713,-0.4410625993092241,-1.8549864005573884,0.8316852668512399,0.12038297095073273,-0.6053386066971209,0.6907537998168493,e0
-1.156423486111538,0.14128253141819216,-0.2395540649015183,2.2721806623766088,0.09515658162867699,0.7925246755691191,-2.208412655395496,-0.07656521240793843,2.13679169344895,e0
1.4602644706317693,0.37767196017837473,0.8597808402153532,-1.2526471141403626,1.072617039267318,1.1139775088242192,-0.1553096077713945,-0.045435405413776005,1.0640425555829274,e0
0.10250666359296357,1.4937608734410015,-0.40488074393501294,-0.5772990216035758,1.2610996056825148,1.3261948729775963,0.5547755223301789,-0.13160834296968624,0.20380071126972313,e0
-0.5858095713089367,-0.03906728300956642,-1.0983571455440322,0.9272929424400387,0.852832257470346,1.274264976019901,-0.3171317731139569,-1.8889270594591594,-0.8345044700744682,e0
-0.32103237662924944,1.50084649594744,1.6289568386548574,0.7724674658271208,-0.9283728092152777,-0.5943483130669565,0.5355158062857022,0.7791830272620763,-0.29826521589139154,e0
1.5686027561846485,0.9769165817667751,-1.2667555294894648,-2.7552646307697883,2.385246413100675,1.0101645892157884,-0.7692482881342324,2.3209691811910456,0.6189689257753966,e0
3.13431224317401,0.8384954768174541,0.8977801027605171,-4.092256465015085,1.0861953247692888,0.09297664390912212,-0.08255997723620287,0.0723711737712177,-0.037759031095295374,e0
0.9870543391903056,-0.4811524929886861,0.7367239857867667,1.634055536309602,0.14335794118302703,1.795190527438786,0.4553717182085051,-1.4812568131125707,-0.0893025678314812,e0
-0.2622918695827974,2.1546215948231078,0.9731258954764339,-1.5462797572811078,-0.8072052180704011,-0.5595766918507095,-0.30701928481174584,-0.3745497685925705,1.3093406000856054,e0
1.4573107265542702,-0.41689200958717065,1.0740028217241948,-1.0764272377997508,-1.0232533391693481,-0.1654450540588896,-0.22761226620363026,-1.0431552744982702,1.2341066052911827,e0
0.8927939840014429,1.242620881669926,0.06914370771823472,-0.6907675511530277,0.6096021632605902,-0.4272431733939619,0.05815952993053528,-1.0408823673344316,1.0357452193447718,e0
-1.6265979200382337,0.4222173347327113,-0.42201278376386414,2.2449209251704443,0.797988601441627,-1.029334722309876,-0.2421435787310849,0.3452474665966514,-0.5129025232843915,e0
1.551656199502064,-0.7711767970659534,1.3883917775004493,0.4967405253498579,-1.3558010942744116,0.2992812423691921,1.359519948786468,-0.9736355667601053,0.3788530382957841,e0
-0.2690842701723769,0.11241488784538588,0.9844951440134404,0.36356066858825514,-0.7802694674551494,-0.5754655871579556,0.7693181233881502,0.6926990012606999,-1.4671668903037443,e0
-2.516382622094908,0.6836725828937223,-0.2868986346518421,1.7158810564297997,-1.2215403770131732,-0.6982249635527173,1.255706187837557,1.914502409868545,2.0800465259830574,e0
-0.3430126091240724,0.6036514989700386,0.38731390565338003,0.9756989443152093,-1.8836020363186377,1.005226854625991,0.731485800817314,0.9859417649322224,-2.111607091792067,e0
-0.13197572037481803,-0.20969688317740198,-2.4285676530916116,1.0342036439967,0.03412896615676653,-0.012238412520284946,-1.1089667744181146,-1.9219757926839836,-0.12404782389067402,e1
-0.5041135619083084,0.1965095098743731,0.3637573176423804,-1.0180876627322277,-1.3832414766296997,2.449442611882282,1.423346103095427,0.6274912654216547,1.0571386001682344,e1
1.0465806602411394,0.6509103625888193,1.2309299328104932,-1.834757656979052,0.7791225067932618,0.2646500199777687,0.9487718580242854,1.2050787235109877,-0.15938416061519242,e1
0.4930364588946104,-0.9245248184126095,-0.46159455060726606,0.43224152568070273,2.854450286187875,2.3732759782494974,0.734815105468502,-0.6789253179335853,-0.4178360592284447,e1
0.18334387899837176,0.7783465261599388,2.3737804803425684,-0.5199197782167033,-2.4734519412354543,-0.20491708531950406,-0.9038219757605324,0.5205733221538517,0.04106612031917565,e1
-0.4521935844041946,-0.035876954711438834,1.3264031170449706,0.7065742052090305,-0.3598742817188878,1.0424026919158536,-0.7806338191912767,-1.1228887152562412,0.9260014503504131,e1
-1.4653532041453339,0.7198217197534006,-0.3096245064735511,-0.7733853924543358,0.6656728130908898,1.5312977880132672,-1.5309081871108337,0.9332484395203171,0.6899934310567111,e1
-0.6988978655858611,2.835569264043213,1.0893888183662526,-2.556132264948406,-0.9753664086181669,0.9824036971300524,-1.2998422704534423,0.34584615414487146,0.08603503610763633,e1
0.5487474050682892,-0.42263029482508846,0.15739714396811308,-2.7404165708349755,-0.4031839064256836,1.1947187842635525,-0.6225053997133437,-0.18437785498154913,-0.5925447707463022,e1
-2.515628663883596,-2.336294470594397,-0.6392402158255234,4.476172562206195,-1.8909541887166355,-0.4257537494506567,0.25968530268116774,0.150352386080474,1.823247865933047,e1
-1.1386209200692619,0.2776850730998762,-0.2282629257195196,-0.3756835312626875,0.9483641215859075,-0.46384034530939094,-0.33060535146118936,0.17954783175467504,0.49224050907737,e1
-1.4361346374503374,-0.16834014452233265,0.26601584517103827,3.154154324886429,-1.4021714523166278,-3.1081491139606885,0.6053144470993155,0.6306555298151918,0.8291734767105534,e1
-0.4247935915397164,-0.4079280991915662,1.0374828898468635,-0.9387494270231291,-0.8995998552474389,-0.09108848384005765,1.6368954567435352,-2.038546861212424,0.49246511042753927,e1
-1.357724379987869,-0.7445613203652,-1.255790366729864,1.4775462819313705,-0.7002467354907568,-1.0241416414102005,1.4916259154291203,1.175864261312577,0.4535233218987299,e1
-1.3023263494686605,0.18347030677086765,-0.1972230457551113,1.5371048996976,-0.7385013527307943,-1.179835190012481,-1.4886485895644839,0.1444993513252039,-0.8637536069660149,e1
0.46250461064021714,-1.4999967833542136,-1.112871756722014,1.5867217225679406,1.3735575221305916,-0.5392824103694784,-0.10392849195735625,1.1589017686075433,0.5191703140802779,e1
0.6786230942245849,-0.464211978841736,-0.666500469468869,-0.14692627147279852,-0.0334895337501383,0.7534309409681913,-1.6765784830609247,0.32279042111580486,-0.8285633563162603,e1
0.3381582882356944,-0.49821420936069327,0.04405713629740625,-0.04056486793791887,-1.5797326005388972,-0.1786380695829984,-0.4413449622758847,0.3291053673079939,0.8493375333800052,e1
2.6740386289455294,-2.22432364618296,-1.7318059873840521,0.9283092363475621,3.5208391032419795,0.5812862974772209,1.2702193945914433,-0.7535617141898663,-3.407789850320432,e1
0.6756979071131514,1.9318018016148084,-1.0951061951466885,-1.8198807910304902,2.4709464366928664,-0.41659107951907437,-0.6624722165116019,1.058302744159216,-0.9664146341542422,e1
0.649216974806348,-0.6096287861556811,0.5383920100975029,-1.6980153601425474,0.360179957914927,0.2260058307290882,0.4315817395902817,-0.1960373645425353,-0.6132434706922657,e1
0.719005209287949,-0.11961628029651548,-0.8116756748899449,0.9509001126441454,0.5681576151818726,0.5483805148809994,-0.5378094477196539,0.9682914591252347,-0.9131544845225789,e1
0.6811753676977026,1.0541161878050602,0.8310419883415178,-1.186069117564601,-2.6675458045318967,1.3818124770911215,-0.2423241920626425,-0.2095451794722209,-0.1900729607851157,e1
0.83457732991271,0.4085164618997259,-0.8485366371003054,-1.2767975355900403,1.3919931500492875,0.9004528320913903,-0.19403259301923229,-0.31622851851955913,-1.1442935244504846,e1
1.6593395172089718,-0.43800131361018596,1.168060625096499,-1.490953265327716,1.3708052203950243,-0.003119190308919128,0.9720504490577399,0.7549513759382311,-0.6613959904666549,e1
-0.6316944378170434,0.4450827383478,0.15874568307292647,0.0817371262279884,-1.0973801298071937,0.20906457948452611,0.6244382064735087,1.289400930976008,1.2863267530929678,e1
2.0489518218893115,-0.7847926209725267,-0.27285970719939917,-1.0194932734675306,0.05886411505154043,-1.2776708085092554,0.6263459237147007,-0.3061814328499043,-0.6597358271940977,e1
-0.6768450895578956,-1.248500266958351,0.7090727616508443,1.938372314956509,-1.5423157377394596,-0.3527836108833819,0.17672744929086795,1.4380295394633742,0.8867844925978986,e1
0.5154578753060096,-1.1911567438952397,0.7607610505875919,-0.9296197934806232,0.30244850239855703,-1.317271380561542,0.5166298243728586,-1.4527637826333633,-1.2029325145815233,e1
0.9197190939442823,-1.3381112131903279,-0.2886648527250258,-0.5604912982512602,0.47973483913484205,2.2648999772125418,2.3953126143844288,0.6000298825060456,-0.36522925082433816,e1
1.358736030471979,-1.5629656710125128,-0.9902341592413523,0.2075074902081914,1.3383493507526043,0.421408539795455,1.0620106560390388,-0.10637111391544167,-1.3155437620428365,e1
-1.3342950664307585,0.06755186817693297,-0.6559152801697526,2.869787370038546,0.8428579041943352,1.8200595020246575,0.5285541498514945,0.49677796382800515,0.08910558896637838,e1
-0.3158680561348627,-0.019621176998395943,-1.4690684591554042,0.33919540225884737,-0.5776253091474964,-0.6281847164271455,-0.47164353717576485,0.45364263116190157,1.2300661945510476,e1
2.001418448691458,0.4668956821340015,0.8221672965905031,-2.71526330096819,-0.034270614756902074,-0.3810048613430865,-1.6435820082978412,0.9525813709217427,-0.19392363275401683,e1
2.820463911950309,-0.5283596428953862,-0.29640173020500493,-0.9559015762533623,1.5938460725251655,-0.33000765553596406,-0.4730615848366885,-0.19999743677349371,0.03825804158975777,e1
-0.9039039662683154,0.9216891391791912,-1.0217042402362855,0.8919202241271919,3.868685831307821,0.7361328483291728,-0.652242389946594,-1.0076990012245108,0.38298466606333775,e1
-0.6661005409606052,-1.3006440629501006,-1.9031230816392337,0.6588738772272525,0.5769259798081873,1.3902664474554944,0.04838732477615382,0.9858560003749671,1.1490987132654962,e1
-0.11839919404997279,-1.3743063938007745,0.09448933276139819,0.6392568727047573,-0.9407199984558197,-0.7357242742268021,-0.546288594876962,-0.534496904649471,1.0183414625668874,e1
-0.48892093127910113,-0.6604473550311666,-1.2808849968156835,1.9716625305192566,-0.6431861253797302,0.5525677385870488,-0.148785877395769,0.4068795110198051,0.6534708862272132,e1
-0.49492681161336105,0.18270143633627509,-0.20493793149051887,0.5197628167823336,1.3414619123450997,2.7218451484743267,0.3716197762436977,0.6677267859545009,0.9837110647378896,e1
0.4189475532218071,0.8165261649761262,-0.08650380478999374,-0.09446435757086735,-0.031139151926968367,-0.3484848413619789,-1.1311625689445428,0.703348180599613,-0.8135623486772651,e1
0.696044476925786,1.028337189835848,1.870970008535476,0.9960203757128585,-2.148752860264396,-1.4025188159887423,-0.13127825299343573,0.7174541717053775,-0.11523935691601393,e1
1.1381791159060226,0.010494605488173617,-0.6172206950391147,-0.5879582367432487,-1.056877118294476,1.537986043307526,0.17118341836095774,-0.3349966358353018,0.7317613365886475,e1
-0.782126745482048,0.5181866001975152,-0.41790255023755035,1.5507764693229733,0.42892726903627304,-1.396301359613963,-0.042924992559328495,0.8209087480369367,0.19122456430409226,e1
-0.4141722750701491,0.533380408897507,-0.2882822016382709,0.7396657957465472,1.7240590360531174,-0.1465848219400954,-1.4158485033152652,0.3853613520393898,-0.8756737084604558,e1
-0.9247736257229454,-0.29071660073141403,-0.229824502500786,1.9955228062524528,-0.7824070780623283,1.9640504067644708,0.41710215398463063,0.3654178175598664,-0.858176881285059,e1
-0.5232937251831713,1.925327258600041,-1.2221512292059469,-1.112842600478018,1.5602668966166777,-1.2342133866069556,0.8365725542123253,-0.2604280481949969,-0.3022385180258231,e1
-2.050933488223473,0.9146785312016118,-0.6717574219841715,0.8189826849822018,0.22117356931269305,0.5191658963052276,-1.5934967875245587,-0.6031147400791362,1.2633082812380338,e1
-1.9977343826420706,-0.885603915433346,-0.5526022180885328,2.9851990956165615,-0.18075205538516542,-0.3417765518203772,-0.8379472930618587,1.6870856347702894,0.9548708373896546,e1
2.800572423900678,-0.32561948073301883,-0.6884828127300116,-4.520250657742482,-0.4407017223010721,1.2296342623598526,0.4687461478176576,0.5763062935682092,0.24562160557209703,e1
-1.360565000658033,0.771892484972327,-2.858525873811399,1.2534432705881078,-1.0758056276384684,0.02761995004723451,-1.4416270903183834,1.4353013487586948,0.4373236012319385,e1
1.3898593142730795,0.04040237086985113,-0.16363679727817676,1.2911140948820217,1.2356241680610711,-0.7479953754857672,2.0239009661728393,0.3590742613893843,-0.8551859798260858,e1
-1.1882768515317077,-0.08661414848938442,0.8115101502911521,1.6309830164644699,-0.6555112261839657,-1.4915368916821385,-0.344776096726163,1.7040605705136498,1.175488080417407,e1
0.696532873442073,-1.1138501844515465,0.6474139101140339,-0.14805920098232014,0.778966413800758,0.42086574600302135,0.6701657921781471,0.036462608360992264,-1.5776465973296934,e1
0.8397181592584793,0.48859595242967274,-0.0803545648738303,-1.6674788548922534,1.7246633119370522,-0.539134966811673,-0.7786067152529557,1.022123298577722,-0.4665925974783105,e1
-1.2931811067395897,-0.8102490717220062,-0.5601208086485776,3.2766619338439327,0.2014112781476189,0.894921348015918,1.2192618912770332,1.291501975770901,0.15179039275343348,e1
0.4901232570919644,-0.2847461695241056,0.6074842167905975,-0.7540732898975154,-0.6630220369745089,0.5387803070283852,-0.524832283742643,0.5571948618569935,-0.21176074721688912,e1
0.09269952699038964,0.8536548346796551,0.46327736647253115,-0.05869568012988102,-1.0440708636914429,0.7794621945216123,0.7921424932506836,0.6276204727696911,0.9599564422518294,e1
0.6080125691247549,0.8788450623100994,0.6505196139284921,-1.342960556658227,-0.562783583378283,0.1200069555677476,-1.6794786873962684,-0.5034858253007045,0.5479030333481757,e1
-0.683129059719259,-2.4708302372596602,1.6819680303079274,0.7079911916591424,-1.9637857025193672,1.4571603473940709,-0.4380588196719428,-0.11112775719649233,0.5939448836368028,e1
0.3624692067750403,-0.5387413287880993,0.8843508306790144,0.5022379510618913,-1.0121549871570719,0.29662410567122954,-0.48392881304449253,-0.3781906783711014,0.39435250249333104,e1
-0.15646874746385886,-0.8111619232594929,-0.8154725548440687,1.217670493730035,0.3369615781746945,-0.08025718566125117,1.1159192520222927,-1.089207087019014,0.5493896528448244,e1
-1.1681028261513022,-0.8148181096888533,-0.5623999747548866,1.7957281165148196,0.25041334725634556,0.7059896001634172,-0.20617741918469004,2.607100220245347,0.9324338913980329,e1
-2.67595512718227,0.9775157726677443,0.8207882810884767,1.2999231872511998,-1.247401854619746,0.13959218314710603,-0.787196842342813,-1.4009900330192098,1.6300615051973457,e1
0.8628342634284009,0.5480388085232684,-1.265291973804833,-2.6751248659075237,2.3466026414169887,-0.19282530316136728,-0.4035147659536207,-1.1128213452979558,-0.7562079631688711,e1
-1.016091793534116,-1.3105469694804117,1.3644914265753485,0.8704641400789634,-2.129037355753325,-0.3411274217539126,0.07788900949966478,-0.41121489053555643,0.7976047439347189,e1
-2.3530309687165656,0.29658838302613727,-0.3126517522476014,1.4933215572406096,-0.35036757274546104,-2.262740684887956,-1.2590234772346764,-1.163650792036434,0.14377523989728414,e1
-0.01131893458192168,0.09813807410222466,0.20158124969488883,-0.880507019609606,-0.027175593443072965,0.7495132021287789,-0.9998678526820913,0.8815634176267098,-1.0900246095087653,e1
-2.5722966789270463,0.4124240497603522,-0.5348159681064473,0.9758834505353838,-0.9010373214914471,0.3762859238466571,-0.8719858464963407,-0.18123237133389686,1.0874548725141917,e1
-1.3753438549208532,0.6511223762293878,-0.37789152658484976,-1.8655761053493611,-2.3474727261454627,-1.9924780293588327,-0.20930437756407055,-0.07434782530429646,1.3009711571530047,e1
1.2210813387210588,0.3310615492428233,-0.3974252794033152,-2.7524325200636586,1.4421729526436255,-0.23549185660463537,0.8125629114259326,1.6603957165272838,-1.058386377027574,e1
-0.5390971691700163,0.052568801700028346,0.7803818676770496,1.0862032895922036,-1.7598336507137589,-0.4374509167344583,0.013041587828612377,0.5812364421453725,1.6468736910710517,e1
-0.09948511282751576,-1.306862567327541,2.420465396194641,1.6084556976043536,-2.031116087947524,-2.1483940982539,-1.071723818584239,0.3969626998859619,0.6847911630407628,e1
0.9540355150121763,-1.0696389987855344,-1.2070971066278111,0.0163599754319684,1.8113574157145287,-0.9571408718111186,-1.0814674525703092,0.3115363335768444,-0.48608386298912654,e1
-0.7496720057952572,-1.1292184296836754,-1.7284624293632829,2.5394768450664995,1.2199387083519322,0.12775202047639667,0.6261827653659938,-0.24445743682876064,0.8024723702230349,e1
-1.0372769273630393,0.12384010579968618,-1.6674940199427515,-1.0175688337299116,0.8453943877914124,1.5896570390086493,-1.1668051010152507,0.9353954691998364,0.6382995755196422,e1
-1.184643763796297,-1.5482257789970661,0.65045650443455,1.8174690368797726,-0.7101206528309811,0.4583992640178763,-0.0882378420054711,-1.4801232686194405,1.7251157265191992,e1
-0.9252582194934137,-0.3407835138653583,-0.28980624337044547,2.120252959055569,-0.923731955548485,-0.7753991464260828,0.3637666305453279,-0.16364141704108248,1.7752448180744005,e1
1.5641683187575097,0.9397528594189092,0.045005777248375727,-2.065341031640793,0.966579571885591,-1.3200466469079644,1.2030630169380416,0.7779993837803275,-0.5983922758329256,e1
2.8982882771060012,-0.9715685422564504,-0.7174131521526553,-0.5407722231536038,3.209668955069477,1.044070917654015,0.4135954852502261,0.13440952534526984,-1.5849233934087965,e1
0.2320683578099188,0.04183469992189299,-0.9290385553749958,-1.5112604054315084,1.1635357968786693,0.9873178215690193,-0.28331090932640574,-1.200526152740935,-0.4657094345246398,e1
0.9298949067937524,-0.9446966130458497,-2.0725561984251346,-0.13073481844458643,1.7049045399557479,1.5552548414987943,-1.3868902091476396,-1.0026182283135465,-0.9543918709838657,e1
-1.3504770289222567,0.6468178117781286,1.438886330906083,-0.8147519817788673,-1.2736779423111093,-0.007167617362001879,0.7657583017770054,0.23034817747064532,1.673134706721553,e1
-1.6016415407514017,0.2893561629652135,0.616149246452401,2.282218456972157,-0.17927824369911982,1.195176199211458,-0.4631366206871118,-0.6484531227633319,0.8775119773760816,e1
0.8093182855184993,-0.10600158204077105,0.471000797309654,-2.0321280210016655,0.5459570257983483,0.4363915580424674,0.4912212757156157,0.5775943179904027,-0.0258437213236012,e1
0.3995274985210823,0.4697096615843497,-0.5222953882395389,-0.13098185840707766,0.2809056483515095,0.648328746532734,0.10741163823320007,0.3496934821634894,-0.2894449992827535,e1
0.3137029749331036,-0.5633031513985909,2.0227381883218514,0.4942092979743157,-0.2698281418354427,-1.2732679324058098,-0.8938750480851163,-0.6983297558053205,0.2728006845431375,e1
-1.6660822421211978,-0.24155512197566661,1.1539934086082224,-0.1922968843192281,-0.9751886285403385,-1.070969614495971,1.0301251650077077,0.1790391678650966,0.5715821514724855,e1
-2.111162143234292,-2.565686742976636,-2.514892586617035,3.159136757434429,1.717259948753687,0.5828375185084467,-0.8084979536946425,-1.2982756294374056,1.6055502632310998,e1
2.206384514493584,0.20345473306898737,-0.5002162471872174,-1.2938222182038075,1.9104534883588895,0.6024592179120775,0.03842805812790614,0.9772767339883668,-0.6083369235965659,e1
0.7062799027601644,-0.5567506127420946,-0.02568642046464136,-0.661377919473175,1.4689864405407187,1.8282055412499971,0.09967019521690465,0.17353778026680966,0.16177555505244232,e1
-1.0732329421846836,0.19536689835382307,-0.5761402712000447,0.616482985324032,2.1760428451101195,-0.6089867955896773,-2.6519952111414633,-0.24103442464951388,0.50842043293102,e1
-1.1040659350504887,-0.43061105424234203,-0.7294125563822866,2.025265711608876,0.8606288167633116,0.8521891427392442,0.4589276481609162,0.2875147461067587,0.09557588566107234,e1
-1.5022329197639153,-1.0079156552065407,0.7553878967291674,1.3927661911425533,-0.6962034279740603,-0.02542198752583314,-1.6244591919015678,0.8127925005753565,0.28883978786464903,e1
1.29012640954299,-2.0565643301730105,0.8274365179453933,1.2714883864910052,-0.016087780678128993,0.8599971146409038,-1.2332465499540315,0.61029955214765,-0.4988759747171768,e1
0.5169083560976229,-1.3202161776215824,-0.8543759662956092,1.0659310593468914,2.8219812472560784,0.14767359268584207,-0.6712197592943513,-2.303668075986943,0.39206930007805996,e1
0.7067173558393383,-1.02908195542338,-0.2701430100172593,-0.13465465024296855,-2.8109701959854276,-0.5889625991748932,0.5870816881184092,0.7520450537036857,1.2984959233608515,e1
1.0604369606553183,-2.060822832187445,0.36584043797304777,0.15205377481883825,-2.036075878876208,1.0341829295945615,-1.0013504275645508,0.5404072781742448,-0.1303249502206627,e1
-0.7050192492801411,0.5120798702193663,-0.7869400022762568,-1.3287285352960518,0.0308935452057012,0.010519555162081435,-0.8691818064742801,0.6068229261596366,1.11085919841093,e1
-0.6521342674928645,-0.8009550670525656,0.1606859295444336,2.0030214295064677,1.112684560196894,0.16526786010769584,0.9768994707049923,0.04499922805057875,-1.8184008867222068,e1
0.8249325958934276,-0.8818851863106031,0.039937235536592626,-1.4485578946015205,-0.3743894219285326,-1.0107425895365705,0.17695459650122394,1.7362246940851198,0.5918653303428426,e1
-0.5937957184689711,-0.6271182555045209,-0.09654100817547627,-1.535780442599116,-0.9579572622706247,-0.563910932626908,-0.8641697033387558,0.0864207135957805,0.5028198280091426,e1
-0.7913686493890538,0.5090133995287296,1.272022899454053,0.2044666741705123,-0.813985788467307,-0.702699173525589,0.10423665082443906,0.3666151235736171,0.971099295694695,e1
0.4660001583343615,0.7274206964727916,0.4609538503784857,-2.548277288506653,0.012044730982997298,-1.591866746532163,-0.021586973220056895,-0.15889674752663457,0.16953728580650115,e1
-0.2764217150486502,0.20350031026381424,-0.5011992591709654,0.7137536097850282,0.9048346997648067,-0.47822221899836254,-0.4521120306031923,-0.8247778122646856,0.23991833098331056,e1
-0.8999003247156456,0.8956489138060026,-1.1142860897800757,0.2289632436324825,1.0126178681647042,0.43956625187100257,-0.8912431401928723,-0.35796964836724315,0.6450656544814568,e1
1.2370706471743262,0.6593051360028352,0.4333513965315891,-1.0811412156059697,-0.8665736443078247,-0.7035436054196026,0.9071453295827788,-0.18158040763710623,-0.9603322286209037,e1
-1.1852285973238477,-0.464836739871951,-0.8807970627400482,2.831842343769356,-0.4159073362004646,-0.704786807050062,-0.32810098741098487,0.6423826442856969,0.7343195410730539,e1
0.06605902998549303,-0.44376700325339236,-0.17657298272255673,-0.1664482067340634,1.4177579005888385,-0.45939120160381597,0.6117976733300179,0.47988289074945284,0.04555920765153934,e1
2.1046070388931755,-1.030009095804535,-0.4529517073695439,1.463030275152416,2.7465089551310715,-1.1138308775395456,-1.336546394926626,0.48940762075201505,-1.266300506986198,e1
-0.9495610837685876,-1.3592070957237705,-0.2815340901515747,1.7775639453689127,0.7830497854811226,-1.4855679360260554,0.8889928371934229,-1.1382989388658928,0.036485663577437974,e1
1.9179089743046525,-0.03814875591260907,0.606574217567999,-2.3583535752609173,0.26926334267294705,1.369542986971548,0.5465742656924394,-0.8612793961277838,-1.1840690084748589,e1
1.072154040786606,0.040877847977930495,-0.9277236890467013,0.038242265314813784,-0.5445653383780242,1.3979154705176164,-1.0426157194384886,0.7067145181462158,-0.08483855615907486,e1
-2.4892080773964556,-0.17605770698063974,0.6852071968930741,1.9621244251488479,0.8680138481831574,0.029890741550999547,-0.8284900893447531,0.5237389980857069,0.3528534881349028,e1
0.751908349454268,-0.4038879351682004,1.3444459922613645,0.7595900872356984,-0.8034060823171988,-2.0975318515898453,-0.7725051179363274,-1.4950844882651562,0.014483287335650744,e1
0.4318385228502413,0.004573492565858675,1.020505092154138,0.1741811134776356,-0.4803333445177761,1.0390901132633525,-0.4494983048916552,0.8733654560147162,-0.5849463734970018,e1
-0.8423044653972483,-0.4977245119264221,-0.383994919403818,-1.0381449191275405,-0.3955625520595045,-0.6519034769537432,-0.6015703021089152,0.24194106898639745,-0.5775653324786901,e1
-0.9235168840486327,-1.6483455074030717,-0.08070287859570686,0.7298769561664549,-0.44815184935836005,0.5199357918854792,-0.7041147308104708,-0.7234313354817832,0.9708668205689543,e1
-0.3452670158505191,-0.5857547056466849,-1.4195211472023548,-0.1856954369391528,-1.0745129124676296,0.5824553893367254,-0.5730563834029585,2.0199020668876186,0.5173368611427739,e1
0.9150722720195393,0.8500953475597497,0.2220950854889652,-0.6415248436099582,-1.0074284142416057,1.2214283030756345,-0.12715271136798403,-0.09954843120624833,-0.8584434110147772,e1
1.2726205878123653,-0.30737326215847444,0.8775060084455218,-2.139740665325821,-1.6646809047470335,-0.3363227948184988,-0.5855983330404508,0.644631082211452,-0.6216403212197238,e1
1.5809433635893093,1.8542799746972098,-0.13866315801579537,-3.368899654360245,-0.6602540579832159,2.226426787077992,2.650557086751959,2.7076698867853266,-1.5008775906919845,e1
-1.630299251257293,0.7656227614035994,0.38596963582010163,0.5741276566423108,-3.2795834557514247,0.2424972987031103,0.1947198223936489,-0.09543922554022907,1.6999578019361663,e1
-0.45500802231537,-0.8785123926070543,0.5224558772434965,1.0472764142564555,-0.33693467770356295,0.5402268279902775,0.8219282889723792,-0.4492123974758634,0.4485877692400646,e1
1.852799176628738,-0.5372755003928119,-1.2935680198822275,-1.6728658322918475,1.3899772825290515,-3.2389345823389215,-0.6807211938469702,-1.6554249773271745,-1.1413885752297135,e1
-1.4009079613796174,0.6041291874865115,-0.4756587141014602,0.6412371577065019,-1.291212374616409,0.5991660192109802,-0.6212901476205419,-0.7961693656070192,1.5374610363054368,e1
1.474335635823071,0.5986317123670504,1.4238424730860353,-1.8345299245777964,0.5549154368544617,0.9052896331392111,0.03430533821572334,0.26448264704094726,-0.9686276542184726,e1
2.290123914935271,0.6995374312077787,0.8868457972665509,-1.6162926981624006,0.2885022397171815,0.7687835214327428,-0.2630216001113747,-0.34723897846798,-0.8058689956082271,e1
0.2666961739096342,0.5002631695430677,-1.3782824631165775,-2.0876991020099385,0.8530708219320785,0.6538644435011,0.6848623457643223,1.2121070639940654,0.026801812573770813,e1
-0.6884132080649131,-1.3317527385888785,-0.863381531391253,2.067984232104079,0.4810008806956443,-1.9011679284523857,-0.5349922858876799,0.3002049717101047,0.7559123066757162,e1
-0.20460635194475274,1.6355041985490049,0.8619843466110968,-0.7661773866847106,-1.63965116201833,0.06893950527508283,1.0412665161575976,0.21139634521098347,-0.5447852201916922,e1
-0.23058843330121082,-1.4221610827130482,0.5965743978048218,1.20363373919195,0.964497095509709,-0.6189993491930682,1.6884231439602781,-0.1386628325287381,1.3042667433342625,e1
0.5823569144013248,0.9185665732617132,-0.4958623986786479,0.39836636183844454,-1.7948744142664692,0.08327824475478694,-0.3534130237611515,-1.4939699303987723,1.7544123033883319,e1
1.1158801140220407,1.7452542682324057,-0.6924568491832644,-2.1683915842167925,0.3866740982281831,-0.35075814644287284,1.176515088000982,1.0035125533154154,-0.452444437555151,e1
-0.4894164963884592,-0.46185244568542244,0.5795410938016339,0.5059093646716463,-0.5420206943824153,-0.8617044751338153,0.433742230724756,0.6282498820102267,-0.7716610240631036,e1
0.6999436926252192,1.3209773262588655,1.6181941528990786,-1.663817820624042,1.1362800646413442,1.233966562084383,0.19280959159459826,-1.3481033627983054,-1.6161405345598805,e1
0.5122076370946446,-2.229152122764257,2.7935501019103492,0.3504301726471566,-1.8736666563712014,0.04800226997599325,-0.5533543359787445,-1.9868129675500619,0.9628399341904831,e1
-0.36020570478733516,-1.319226270279281,-1.202773935000147,1.0727530047610994,-0.37834971030494324,1.0926644956959197,0.6716386526459877,0.6476158079736194,1.3065946318704629,e1
2.7583645174945515,0.2381242586261297,0.2990143516130528,-1.1276964571020631,0.36340255340375405,2.9144215224447563,1.2260853071664501,0.31817081226105887,-2.319420790035619,e1
-0.33350230968642075,1.0751190284325827,-1.5503525931633744,-1.1629236498347253,0.8001371602717358,-0.7858582151155404,0.863850378555962,-2.1635659202588156,0.7147473051308217,e1
-0.6324270507646894,1.3748014150589793,-0.8794784520384625,-1.1285319743410696,1.2999098949458072,-1.1888052677583043,-1.4198438971370246,0.6316750157109791,-0.6660561294971362,e1
0.46195706452155044,-0.8669805449470431,-1.4178840670001782,0.14764817493997795,0.2115388150404991,0.2702932627251617,0.8101119287913198,0.30334051730273703,-0.9552429044225035,e1
0.9630228641238219,0.5599243855719138,-1.2679440975891005,-1.132611584680026,-0.10296459889900628,1.052191867965361,0.37995670425938,-0.2941952819205521,0.47480193844544044,e1
1.0564756676101577,1.4134538091254394,0.9973790255367955,-2.292862043555476,0.8829725241598376,-0.9335093811536807,-0.14227052724393846,-0.25785791105389655,-2.928864057376675,e1
0.7609611846641507,1.9542906579513575,-1.8825358046470928,-1.516465426353482,2.3260478100540722,2.927726681019431,-1.2940374411944775,0.37301318472187855,-1.4366302660508175,e1
-1.5699016865970288,0.8518910592833916,0.63346592925487,1.6242872831434112,1.497744245673805,-1.2745703117126366,1.4180757827021997,-0.13993298885503974,-0.6644810408089142,e1
0.587489177795295,-2.347867542146326,-1.5489769363244683,0.8412104235197926,1.1097138726511688,-0.16923277325365918,0.4060279093798236,-0.9736295582219244,-0.00957732931616511,e1
0.46528583999545337,0.5858917477132952,0.03664596632470367,0.26516262944195435,-0.00031521257442812534,0.02023186498550064,0.9002176449042119,-0.899897871387899,-0.7444245503547062,e1
-0.7972846978315818,-0.23756193311829257,-0.08165577990571786,2.1911952143085642,-0.013628557058231405,-1.7024938592387002,0.35066106646960077,-0.4283507179923434,-0.015897034033972773,e1
-0.37232827941452395,-0.046900420858841704,2.04945725940339,-0.4668799215186605,-0.302411746389759,-1.6611402838742566,-0.253842247216081,-0.3036418237512852,-0.1763463432194825,e1
0.8847605597546322,1.0641764452779483,-0.36762831998325507,-1.9585328065626006,0.8953295099723262,1.142815063469248,-0.49380475558635634,-0.8108602644599265,-1.1564978002890718,e1
-0.42871863545967603,0.301364075870122,-0.11232072557085628,1.559519717069848,-1.6230409041681517,-0.06918083369242023,-1.6748955598675963,1.7376148473729724,0.06653660026384883,e1
0.07191046083951069,0.9382613908538034,-1.3132876290717823,-1.365323241691054,0.023102429345433745,0.42307538443641657,-1.5103993790749801,0.02891100240755227,1.089069345800141,e1
-0.7599516362263096,0.32897303733965294,0.8140598587928337,-1.2553379145770718,-3.003232357315584,0.4815150725756229,-1.2160500278973463,-0.8060503637539843,-0.6950160475351855,e1
-0.8697251155379079,0.5966979659593743,-0.006127947152018283,0.8626897383113545,0.16318691571726684,0.27168573709257865,0.4494191962249258,0.5883419315086158,1.1894423835128978,e1
-2.7398066519900057,-1.1744385708906204,0.032321162812469134,2.6603542072664643,0.01526304061336159,-0.8824739115751208,-0.7462255273544699,0.2618961753473848,1.7266250014328974,e1
-0.6168467917953201,-0.8387853484084615,-0.9464202871710462,2.2026455236259945,0.6485068956836173,1.898473606567153,0.4436869242216049,0.13457390630525276,-1.1416973236803993,e1
0.18674717875239333,0.7743348207973854,-0.21846029012194512,-0.27993313507244766,0.25847059168778497,0.4717191448837664,0.2795815865285655,-0.2563041717759815,-1.0965516838509206,e1
2.3544531208550383,0.1426176488679534,1.423067625115614,-2.5946628329738197,1.033663187730539,-0.924554549640341,-0.07774210219525762,1.5330424904538742,-0.7890820701798245,e1
-2.13179673612946,-2.6042181104405686,0.2173956786200803,3.7871686471462214,-0.6145415589683092,-0.2981491219123142,-0.4340312390641466,1.317363554048257,1.44507372974051,e1
-0.7314107805820993,-0.3235867506553103,-0.917316945018227,1.8490103769017852,1.8328143742611491,-0.2218703535417421,-1.860567972664185,-0.4072861223541404,-0.2946616620953038,e1
-0.7344196843450241,0.8003315000424637,-1.649378248083237,-1.554340341362975,0.9785778446942438,-1.7100293547465186,-0.7104200093905625,2.361874064148781,-0.42490533717036355,e1
0.34602042478356454,-0.3772485001860036,0.4170869164557867,0.14926748100115086,0.8491349268996204,0.843445513041639,1.704139679701497,3.945549686526577,1.4965100789189045,e1
-2.9614616946781767,0.7341101414008632,0.6913990456999785,1.8274968719541065,0.7496234271248561,-0.6015058752528384,-0.06357238572244601,-0.8171586008122232,0.8658086346395192,e1
-1.4298145621453004,0.04524624323758363,-0.9765019424166771,2.463253165883267,0.7850357765722397,1.0160772856817881,-1.8725962675843266,0.3639815201877118,0.5913449403385914,e1
0.7795381738554972,-0.6779723644864173,0.6578641390141431,0.852246855820794,1.6843070142651944,-0.9927841296066787,0.7387713355834539,0.8312200525401355,-1.2180641659622016,e1
0.6455348824886994,1.0474642884970458,0.8733334995381054,-1.635197225709536,0.792493451775286,-1.1535908577311589,0.01792586769956371,2.1712059834932362,-1.348267180825939,e1
-0.9526394583886456,0.2969334843460333,-1.0877700897226585,0.17554709786103384,1.5572198740866894,0.5858705135095905,-0.050297102603384006,0.3475245792485277,-0.01933486948754696,e1
-0.7926760738813808,0.41999862241807184,-0.4123199741885054,1.0614725593521157,-0.8976993437086234,-0.34027808104907353,-0.6228942062238892,0.781828404634271,0.6523864325371086,e1
3.1919248967766327,-0.7510468762898769,-1.1848240590136976,-2.461924027598266,1.4512164595357717,-1.2987351115191184,-1.7845850133782795,-0.0899262116642555,-0.8751512353713314,e1
0.05577039206134993,1.4285111514579805,-0.3170990748799291,-1.184396020404666,-2.056348384045985,1.1487064710926036,-0.8821152015091929,-0.7101128264412393,0.6124247611243341,e1
-0.9139253046824772,-1.7585552913080655,1.2421730718536002,0.976117037717869,0.2664248330656491,-0.2042245268888017,0.17331252049393706,-0.4520895385541413,0.05712452680238172,e1
-0.24146245976827133,-0.2367937354542871,-0.0924024681348547,1.2766875522178167,-1.183589924585934,-1.0901304476525693,1.8143337517068148,1.0646526248869648,-0.16021469561833435,e1
-0.8105285941401233,1.292107075638315,0.0165957274010054,-0.8658872948901939,-0.5367994501085426,0.0037964167429248583,-0.3916808979961089,0.1173567643259309,1.8019597948748853,e1
2.1203581247270478,0.41022546945842525,0.9749575873045754,-0.8913252273353112,0.1424203158106761,-0.26044947525473605,-0.8782376377468425,0.8566286281168487,-1.905284937639291,e1
-1.3185320517294061,1.9556591371621286,-0.45624582123759594,0.06026515925171827,1.132148068079029,0.5015079929823374,-0.05710915060120753,2.03490321026389,0.9459476399571666,e1
-2.062290314009424,-0.31118066714434944,-0.6681521830886782,3.3827925332575868,1.2048362867799614,1.5348211978666546,-1.4300390355009545,-0.19753208168483966,2.070954333653044,e1
-1.9158502723269732,-1.129624445679817,1.0338225469735802,2.4761962345658755,-1.5228797356265058,1.0423599265213774,0.6926235491889717,-0.3706760366425901,1.0583754432639858,e1
-1.2375346515656076,-0.027485985975962933,-0.885701077950646,2.2954224209001257,0.8753896687106315,-0.32390812120143375,0.4377764036251783,-0.8675253605390335,-0.8521190130819819,e1
1.5432018142110921,-0.20673376613838496,-0.055451399593498304,-2.542322354578009,0.23985551828642554,-0.92128350179814,-0.5450218387754509,0.6759013174556411,-0.5242222563203894,e1
-0.24740954099098533,-1.3860827748063256,0.4961701505405845,1.2305166558332798,0.41473553934366403,-0.3937926837506409,-0.2747053776440038,-0.02845648530926835,-0.7896064282592069,e1
0.7422183940490092,-1.1020477464860465,-0.9456524323763338,0.6028013876433893,-0.5192780603094624,0.8912174511293489,0.15275838766743655,-0.290649759792164,0.39870471333605895,e1
-0.1872124460935578,-0.6453716143902417,1.1683528244859587,0.38967474380615413,-1.4902206658378172,1.135475163516316,-1.5185952349857155,0.0286443621953579,0.9189585892215584,e1
0.7172259999656506,-0.17844761928083766,-0.9055254438599072,-0.24736337940691108,-0.1331563824723907,0.21022921985066378,0.22543406936367685,0.012425341230005929,-0.718720119500525,e1
-2.0298103306303634,-0.0712945992522214,0.45215750325164655,1.714887445185599,0.5132651416534609,1.1093854939096615,0.028467505921212888,-0.15302071758645253,-0.537795003265657,e1
1.3258583865479165,0.12579914816585583,3.194103234604696,-1.7182160381437266,-2.2600650369457984,-0.6273269544542581,3.060774403112602,0.939514099617041,-0.6697732864653001,e1
0.15949380931070178,-1.5053928668681658,0.5261655973800746,1.05524115279523,-3.611860026822892,-0.6498314528201162,-1.048355402958082,-0.4765387357192679,0.6377148769458189,e1
-0.6546303728547664,-1.0893568346760503,0.2060190632999456,0.3284076016764971,-2.2262937879054254,0.09239237068483443,0.485933685017144,-0.11337212402862035,1.3301182645987217,e1
-1.0277619804446223,0.3719614232753531,0.23764402676458354,0.700504511575741,-1.2121296065149525,-0.8396860255759608,-0.6229199036939619,0.22634000731513934,0.31163688033111897,e1
-0.11207733541908244,-0.3702848924879154,1.5863629798867398,-0.10216806544916118,-1.6347258901058652,-0.07751014067757157,0.7999185475934079,-0.5077544251324042,0.6500461794412432,e1
-2.501637988295455,1.182595763020993,0.10865013745849318,1.816199610318363,-0.7764855626126914,1.7591077264351291,2.3578704184342794,0.16075570228699257,1.428739767680539,e1
-1.182074257616879,-0.3056246212515692,0.1225539781728923,2.1833009839478636,-0.455535200328323,-1.475131438579442,-0.6787748108580122,1.0645449609886328,1.1968086168992043,e1
-1.2514723893708215,-0.6527531807049974,-1.1370499039371533,1.0057403025713434,-0.23261754333263146,-0.5660667101007021,-1.299347224020222,0.006063654635746954,1.2302256756248722,e1
-1.179510851789419,-0.6831696964647942,0.6567149491157214,-0.41822476908759754,-0.5587799756861299,-0.5783783492359585,1.5531877216228844,0.9521403671767649,1.1464001302473978,e1
0.6785260225323977,-1.3352387101167962,1.1091574333274723,-0.7706646491960679,-1.5170513652311035,-2.3713067778085772,1.4300384461856346,-0.4618018538021035,1.7779337360649938,e1
1.0505549271696655,0.2176934372842081,-0.31648889877969955,0.08592116334888078,-0.362333562648257,1.113541151615899,0.06230486274322865,0.8843851710510877,-0.15593270743040002,e1
-0.03705286296103563,0.5047731546547579,1.7888061833604751,1.5289017729960581,-0.6667741581401903,-1.761547355902858,0.2519777089884041,-0.3136453215124096,-0.13589819140025672,e1
0.714372043361073,-0.28771254556299386,-1.4986535442947744,-1.368897769066502,-0.7788899769685138,0.44596171996953277,-0.026171536646184355,-0.07663559820298595,1.2009497963623108,e1
-2.144683197874235,0.9963787259340768,1.2444523184388692,0.5241074769704495,-1.627127215357544,-0.4574681302898736,-0.7808451696105633,0.4736396040569329,0.9123803895055405,e1
-1.1093527262291762,0.6872808715240241,0.08834497383187333,-0.2552321328481696,-0.11023857482346325,-0.5140839509224934,-0.8693639412735938,-1.856990435259389,0.32898865626753737,e1
-0.41960836607138785,-0.29956730223387856,-1.2816939468855932,1.1984864122160102,1.6506178447033921,0.9635999177935495,0.3354772543264529,0.9242030102152822,-0.025958258080832478,e1
1.1064523371960635,0.4297147243452075,1.5596329261446868,-3.5700783410399053,-0.2814019487156364,-1.179857003235588,-0.7406578741614381,-0.2095194822959877,-0.7824673155421566,e1
1.1599645590700045,-0.8913411894680845,-0.8651552642155806,-0.05302216725734976,0.26709323078409997,0.10354446288633605,-0.7477080642859154,-0.6772126134114425,-0.759575351368642,e1
1.7297228771603321,-0.8517695348688852,-1.700736528938099,-1.717812608890744,1.2616198591956116,0.5746631707414247,0.40445459244245624,-1.4961479026226654,-0.7089900562435787,e1
-0.7225044380718673,1.0144044936791499,-0.5406699098887862,0.0012009380687238447,0.0004438813750868853,0.5112525666046945,-1.0567455488742765,-0.7599293020629859,1.218896377683222,e1
-0.8735472724029469,-2.6304626210784336,-0.04224344657869915,2.7453503303074713,0.6429399637171377,-2.7708340396282285,0.7875876930299721,0.29781566168460094,-0.4557512312474893,e1
1.6108626368829642,-1.5466023642217266,-0.2996817285979626,-0.15447881777051797,0.42498059615356565,-1.0129002766888966,-1.3133961626909993,1.6058357113244797,-1.3077008910449988,e1
1.2037748709724774,0.5734694990892708,-1.5466429640855632,-1.5351119578391204,0.8842570789361854,-0.1643877424649585,1.0305490768916297,-1.3748399205514967,-1.1582560361890126,e1
-0.4409800398872309,1.3847318135800568,-0.6158660338368347,-1.0301160578487107,0.20635927578933438,-0.9684542082391349,1.3170798590450914,-0.651517141872245,1.2170766002561053,e1
1.1694648013194153,0.05203666750830243,-1.0345293341503135,0.03725082290942794,0.46351485725204,0.7722984203353626,0.05088050643594921,-0.2627053672287785,-0.674116666614427,e1
-1.096069529190463,0.6601643542971102,0.5053240546993417,-0.36153144425284806,-2.5029812610627475,-1.5168337128371452,-0.11307291779831342,-0.13368493808646645,-0.09706049660384529,e1
2.540711612044766,0.8056430131853161,-0.6358905987296793,-3.2169894561979397,0.5057655583051648,-0.20613119188264303,-1.0608032355400703,-0.36723113711513616,-1.9390072624721253,e1
-0.07913194543312535,0.8826588990766272,-0.5997735741095018,0.19425182443724465,-0.31840425143425205,-1.470636118422055,-0.2645081224172747,-0.2705635456589584,0.4201591644560983,e1
-1.2176925660048212,2.1237436749128538,-0.45587093201403206,-2.209401608203306,0.5517960575447111,1.098412820018787,0.1020676452603165,-0.21202942617032802,0.7738680401393188,e1
0.2743586394261003,-0.4579315575582811,0.18199334544503687,0.3133688852529411,-0.5779157716632741,-0.8955676690886584,-0.06868984920985918,-0.8646893221349654,0.5946799938932569,e1
-0.4414661536859607,-0.2560230670270611,0.311770470406947,0.7906114529127448,-1.5145365487405387,-1.408566458097205,0.9959336712737488,0.3268997748118823,0.9506492386730263,e1
-4.175877992263222,-0.530841795718861,0.953175779068971,4.095489785057896,-2.8442816708207235,0.15276329808730502,-1.1727115832428847,0.5951662026722484,1.2978502058833277,e1
-0.8971470277218488,0.3411886720278332,0.19970144893737934,0.033687626123487524,-0.7511654058321442,0.22135500574653147,-1.078515977506722,0.017803128434869746,-0.5099381352090132,e1
-0.9040727381761651,-0.368321973529804,0.2353069494075241,1.749665349813415,1.00044960114389,1.6251439777537564,0.347627111225107,-0.37488277465809744,0.6275501301556449,e1
-0.4421829154205989,-0.019407177160458706,0.1796360371467498,-0.3773226853817804,-1.6845153511136712,0.7873235511296697,0.27532765640025775,1.0622251852982294,0.8645822225347762,e1
2.796464675608502,1.2444184791000423,-1.4874254044978428,-3.931665926669466,1.5178940753421608,-0.5106251779021138,-0.2835910534934235,-0.39525933797487467,-1.9321772129408092,e1
-0.6868107168298858,-1.305482287834141,-0.23930987339919552,1.7096007922437007,0.9185088520195245,1.8335739445706223,0.5144578636733609,0.24241016580246796,0.11199554499462815,e1
1.078899282514001,-1.0647824083646193,-1.4222155272289259,-0.555526140705511,-0.1952321729343262,-1.240699168122757,-0.8743540322842893,-0.5656772822232417,0.7559858167944083,e1
2.505018261778188,-0.5853381901928203,0.13801040784279428,-3.3621224285270594,-0.9834858775929944,0.025708186463893976,1.1503854502539834,0.4160692142085687,-1.4530541357225917,e1
1.3011857927373078,-0.4184105837772579,-0.18509604088716344,0.28581089504024526,4.065996192210399,0.3292563227983212,0.24029713882081927,-0.26741501880465696,-1.3398347683639005,e1
-0.05573073666333047,0.20382328198973831,-0.2026961236515009,-1.4565796999305713,0.9403244248964664,-0.6617971580088279,1.1495475588881514,1.0678016001454775,-0.061566194308899716,e1
0.039813055565254524,0.7178933154058964,0.1533321731464248,-1.6748806663317746,2.1364539863008556,-1.1559265292131036,0.5969544570998772,-0.5666287171691202,-0.25179955255495523,e1
0.6148817170074019,-1.4708390882700748,0.19552871315105272,0.9999010626663287,0.1421255145963395,0.49992330265220214,0.5292492400386113,0.18739302687998458,-0.9284798834016127,e1
-0.36058447853865405,1.0446615322128776,-1.7017564849538853,-0.8678561519359422,0.16506174295220793,0.858561378858137,1.7479401934685879,2.025695863038836,1.0587183162272022,e1
-0.375415995627853,0.6322605233659987,1.912375280598641,1.1747138105838,-0.9130414228378251,0.39975764796672913,-0.31349333232480836,0.4021441894716786,0.9689230670179922,e1
0.44113111574311503,-0.10306049780329418,-1.8055183962271029,-0.5727363309265845,-0.22865076003760643,0.7136469263640168,-0.27997783008134425,0.4848133348400118,-0.3527631273421693,e1
0.7346319270277318,-0.7948900872502402,0.3352537735296158,0.20631630813845123,-1.573878537450577,0.3880217774935214,0.7452435570451756,0.8233929707191894,-0.18719610958674063,e1
-1.394621260091843,0.5987499549696651,0.7382514150888023,-0.3068417533032246,-1.900256108193069,2.1227541619487593,1.642588247730469,0.20668211597954253,0.7699461262980266,e1
-1.0735965426863934,0.11486414224178722,1.5670033765363685,1.8944998095453816,-2.789508825047127,0.09255818608955792,0.09484104367683974,0.5866555461847244,1.3038756688269988,e1
-1.1019149532924175,1.054347007908702,0.1538295606547199,0.016164620528507173,-1.0308409039452844,0.28936113393836516,-0.7617905777775982,-0.9063290630306908,1.3155276027775356,e1
0.05886556941369736,-0.08175406436498438,-0.7214734912272415,-0.9906259801486617,0.4393665384610468,0.16407542870944042,-0.6005638574097034,-0.9194417205441301,-1.0820008755483672,e1
-1.6818624103370088,-0.03407895546242132,0.3788882947612987,-0.5328412260779405,-0.7029391657265136,0.33495143629962104,-0.9798993369757399,1.5044169902684346,2.5396993741397136,e1
-0.3057002629262851,-0.6162394383276074,0.3989743734693547,0.7215489666331893,-0.08138931769960736,1.2254665058930518,-1.5457930317158024,-0.8528469712829158,-0.03390642452618575,e1
0.32888820251040096,0.6116696531170116,0.222201594945255,0.7784266014202739,-0.6416540358996302,-0.9889378875305075,-1.2176944158877594,-0.06576079694701308,1.7401722916299518,e1
0.6126626703868571,-1.2041650717338914,1.3359592950756933,1.1898313135149177,-1.180456296494588,0.24697827086916183,0.6789104989269733,-0.48595573655890717,0.14086124923218254,e1
2.170987341716734,0.5473495992721914,2.72275242056322,-1.4889190979785982,-0.43539341921967506,-0.6218147975489787,-1.319005104014492,0.9432852436386812,-2.5624949191140303,e1
0.4211278921662206,1.0999871955339258,0.5372241326484428,-1.5067788759952618,-0.6191010544082242,-1.4991226616288547,1.4672245698987563,0.23016756970378305,-0.4871150575770019,e1
0.2852581208534851,0.30003051529624086,-0.2985587318641923,-0.8955587127161935,-0.3091764360638156,-0.19779554824276985,0.936944668252118,-0.22467171718511925,-0.6315667394337339,e1
-0.9524478502981342,0.9014412274447013,-2.530228490409653,0.3262653729062285,1.7474902092137818,1.2091649784124028,-0.04812403194011958,-0.06052258275702103,0.7151917680246203,e1
0.13828967111401141,0.3813927376079657,-0.716761543053893,-1.4239955275015144,0.8259454030157177,-0.396449084946594,-0.8023765788680056,-0.3177759643709336,-0.6271581109845965,e1
2.578621965250524,-0.6606381384816812,-1.009818108622539,-2.0461649234488695,2.1956331665004125,-0.27872828641911435,0.5713976403655375,-0.44431418611567436,-1.9098238482147833,e1
-0.30204766048054843,-2.869179451964337,-0.41720055810168677,5.348808182592788,1.7848579271625844,-0.6451239899991552,-0.779043057009361,1.1893829667315288,-1.9931911802127849,e1
1.5505851573894658,-0.7525478003493177,0.48385415750377264,-0.9298187547774123,0.023766148841031176,-0.9146612982505191,-0.23202844681701568,-2.1103078577260703,0.21693518974184403,e1
1.9101717977810608,-0.8877730678439478,0.8989552496656148,-0.01592050579458615,0.9006899310824205,-0.28219246465406456,1.093933910278,0.7177197739215311,-0.4604230614194871,e1
1.7171011118539583,-0.2279209822979759,1.0402511168497344,-2.103266747718293,-1.9572119382525077,-0.8372930875456488,-0.14820586981156894,0.04205259710218362,0.2568760796628003,e1
2.0658619579433264,1.0703960487454522,-0.6491188739267302,-2.967763744235571,3.4705050884298583,1.1225297103161758,-0.4485804982005553,0.44429378433518246,-2.1000997188763684,e1
1.907672116315791,-0.17734849979321257,0.5953212720273666,-2.948909921162915,2.5276854496461323,2.163393087448335,1.1862310937465521,0.9202084353150245,-2.5955501098805125,e1
0.8526390755332909,0.60040144057608,0.5127229230405235,-1.3841961393265023,-0.3846933442325121,0.2687335829752674,-1.26214848477045,-0.21540090343301344,-0.282716071592621,e1
1.7041963276729633,-2.048337520993718,1.806811320956163,0.025590740989879127,0.4161055074625668,0.16043413123677638,-0.28010507495802817,0.7889576986237057,-0.7060734954993589,e1
-1.3682937205960726,-0.10931032696049274,-0.9435353245945954,0.8442607766684895,1.5809013560334861,-1.2214638343441118,-0.3531172977804898,-1.8213984793961866,-0.5412906731115218,e1
-1.2406083595373754,-0.7011084960706262,-0.7452953238724929,0.9530118824562023,-0.7370579717140491,0.502282759041285,1.1033922341088296,0.06013325588771325,0.6621661062934975,e1
-0.11891714544696885,0.7878837207116223,0.4151372527237885,-1.3179445845484246,-2.6842086965754324,1.3143459986184471,0.6275918311211878,0.5825534780602856,1.7206002807126917,e1
0.14696585595537748,-1.8567887587047078,0.2741163983304703,0.5987346560886114,0.8352008957031714,-0.8394506481311863,-0.33229572827220244,1.4454566366790733,0.7068795533492657,e1
-0.10808967650085805,-0.7172193462674031,-0.49121899567085414,0.697142041074917,0.3788647605192176,0.4098018445157799,0.06283467271085527,0.23370909545406263,0.6457497480025273,e1
0.23300218094896197,-0.7114196825863345,0.14251740461898638,1.2289541557128985,1.549516051461001,-0.8203223875784377,-0.3243201179924077,-0.06734471505683591,-1.4670995532860358,e1
0.9973645283395731,-0.6797716306120747,0.32294490306352397,0.36928181700258234,-1.5813622732466905,0.5111812466601227,-0.5136883530623942,0.16217820129770522,0.36800905551575874,e1
-0.36453231441195166,-1.5383826729743326,-0.38484711759395596,0.3082719361572668,0.9908099652445532,-0.3526232353070829,-1.1364057993369336,1.2788510599423029,-1.4895167242983696,e1
-0.7820062147554994,-0.06442202258142257,0.9232010783707615,-0.00681468336622304,-0.7847757847497325,-0.08281006952411231,-0.059885993485552624,-1.0106924896232352,0.7788189851534676,e1
-0.48690167256799094,-1.2103188769258555,1.4181274000512902,2.198746227998728,-1.3555649869919355,0.7048034909652549,-0.5232564381284597,0.7069758613151936,0.6283710475265061,e1
-0.5308516809603976,1.4573227751546292,1.931739545707564,0.22629163339454084,0.7362878824460486,-2.835516704141742,-0.6521261476162927,-0.00022948548119459725,0.01684757410002598,e1
0.8070665504023613,-3.2044650613271277,-1.558253091330933,3.206747284063196,0.7767027213410873,-0.10466531113940031,0.49519008410139687,-0.011672475969048473,0.06692233007338129,e1
-0.775982902364599,1.1980712039539168,-0.7391541067300216,-0.3337279670561094,-2.459937717491249,-0.6626646941315293,0.12814882167634928,-1.4045825416343958,1.0021172083239807,e1
-0.31794044371669244,0.39877039007495496,-1.724584519942836,-0.981752041063669,1.5110840003102814,0.8644161081994346,0.8547139160982621,0.013128131730432561,0.23701653350802993,e1
0.4271252921451903,0.6196769034394483,-0.848453327677058,-0.0691068525860663,1.2530278583842211,2.2262462743805718,0.1433596704163879,0.7164651646339147,-0.5663840966839732,e1
-2.699157465955902,1.7933031181892862,0.1530567140480967,-0.2411078345004284,-1.269816713226585,-1.5597737832617073,-1.4645407787358118,2.259324488334863,1.3303070035763636,e1
-0.4204711408546089,0.26484787367524504,-1.458147488692379,0.8969536751247884,-1.368860983782285,-0.5792485270571246,-1.348322144797766,0.5654142433443649,0.9493207044887995,e1
-1.309703679814239,1.178047922624705,0.5604435503391193,0.5091685421091008,-0.2846979649857201,0.14029021170816777,1.1279667159760767,-0.686550289753667,-0.30308065846187626,e1
1.8943114209207588,-0.5246266288151065,-0.6592967128842657,-1.8201967219899458,0.7536497781893116,-0.7761684108941213,1.2429251672645283,0.7125892795167095,-0.6382562578243661,e1
-0.25993970390802146,-0.527852210354959,0.78725248361858,1.0132617300971547,-2.196674476213352,0.6556525051873281,-0.8051408945265887,-0.007693600800620665,0.4883415323581302,e1
-0.5789044847905787,-1.9147276974700358,-1.325423573684057,1.0203932248427088,-0.47579137855735404,-0.323555454157594,-1.3902019838799515,2.914215280863089,1.05307130397075,e1
1.8532790218363622,-1.057736568953465,-0.3811652391473833,-0.15249132703083856,-1.1308443503687946,-0.0488472189297575,0.657308543863376,-0.9124287781959963,-0.8727949304527843,e1
-0.646890278236245,0.7312684077847991,1.3343822448897424,-0.8273830887972278,0.11268817617501492,-0.4589926501443584,1.3417294124124755,2.073280178170216,1.7363239402758313,e1
1.2323254682117422,0.379590648722409,0.9543759711596509,-0.3682873692816031,-0.6819725947090901,1.1228407824639677,0.6640440374409972,-0.44055367168358,0.5047910574754867,e1
-1.1191099390134518,-0.9030254042571325,1.702636642468533,1.284494154664094,-2.229708070871234,-0.774323844599743,-2.211769143457237,0.9591506138792865,0.3622203901706958,e1
1.9200403892054345,1.0076761307528448,1.8842789294154685,-2.824605253531448,0.2215950114701445,0.33525530680353594,-0.1511005772897153,-0.46925734701336586,-0.28463431227561403,e1
-0.5298927475102602,1.7137098696592172,0.296151896947448,-0.5420462609475096,2.177063278301969,-0.20501978066437843,-0.6391174176167757,0.7332472994104443,-0.7320082016941384,e1
-2.6577225048904256,1.6247662986410394,-1.2285963499341135,2.1728717906168407,0.8333399106291505,-0.7039473084972233,-0.9896844518874882,0.5023647568117607,1.030755394669086,e1
0.4636268415562108,1.1486405810070328,-0.23179390911934855,-2.02869004627102,0.09826375153704558,0.10050060050560904,0.12786538464514222,0.232686944695119,-1.3409974122856863,e1
-0.6490368916267915,-0.03307237107785225,0.7499762807608864,0.42475460473005633,-1.9188152997805643,1.5760348824840167,1.0015647778965422,0.10261061176458519,1.1634219487027782,e1
0.5325469326415151,0.3820952289815661,-1.3666435316473222,0.5366070289620943,1.4385186628242579,-0.9805722490771672,0.8690595192605656,-0.19677117214326498,-0.5701205912897042,e1
1.615296524593559,-0.9079784639618103,-0.9183971872040689,0.7427094722545796,1.4096081626987471,-0.53662755414147,0.37232884730887666,0.43858633303468303,-0.43966403056217584,e1
0.09282457735416672,1.63035122485067,1.0077893372492877,-1.9014978922647168,2.3227611591698802,0.5462293327489223,-0.07385506857425725,0.10173952517159696,-1.2649990264849154,e1
-0.27617996552561913,0.3607401192970638,0.048785278634952904,0.5282484120736484,-0.018065275610332804,-1.1601686178057575,-1.1703970838026638,0.17163093826766831,-0.314558737993981,e1
1.6158923855164264,-0.20601574739700274,-0.7145461080365788,-1.1753319927483383,0.9737152620563221,0.09745489850310426,0.8071557003225985,-0.07103581793865515,-1.7735458235473451,e1
-0.05641442953700443,-0.06557159408579279,2.2397278759234873,0.1979806658408805,-0.2588013193487776,-0.36418660457684304,-0.16952040549292516,0.048947762602202724,-0.3269650765430831,e1
-1.031146257563507,0.1407186932034276,0.44139039557153276,0.527904246983742,-2.1784362354005773,-0.9069075791791495,-1.5027610469967811,-0.563031950397172,0.22919289356325698,e1
1.7782086978844145,-1.6742758766498047,0.6129230403914311,-0.5651838149420936,-0.24419980685493478,0.9908365522411197,-0.39336034537264764,0.1960856847087492,-0.9184425276224543,e1
1.3939570740622027,0.04540696445717519,0.8731105322100121,-0.017727679737635116,-0.31941406935248473,-0.4142261270475253,1.5905761990186769,1.1311779660794152,-1.1671780726466303,e1
0.45927453141897623,-0.056438962054267426,2.533233652902495,0.4907023032631498,-1.462030964351848,0.7247862157161212,-0.2862265389035968,1.12219322232634,0.11103328210297984,e1
0.9576293846189836,-1.6882420649366603,0.9326824166902589,-1.5201723001825416,-0.9646877392516865,-0.07166355514667712,-0.3801191305610996,0.6139970695379685,-0.2189007633399682,e1
-1.0685056852690706,0.25166016318781037,-0.0872252772959106,2.488894526218303,0.41889647980795747,-0.2000884107212189,-1.5464426965569533,-1.3186295304597473,0.2647498957579113,e1
-0.8576778122457885,-0.3952804356842646,0.6370501979723244,1.335350343803596,0.19992618077673785,-1.293230350488724,0.3816421006637702,1.0991941409748796,1.017769812446382,e1
0.889768898127204,-0.17994298302873996,1.9285083029105423,-1.2482357189992876,-1.0491721303038293,-1.325980641438707,1.5716076117685596,0.40423215736146084,-0.08327660638414339,e1
0.49002626943267863,-0.04353442398768899,-0.08043261852372924,-1.460554962670611,-0.6709319083594378,-1.76767329698224,-0.11218734939338948,0.6179839229310542,0.3865974451566683,e1
-1.2130576781818248,-2.957829074017912,0.6796110995489099,2.7103746765747814,-0.6113507235098412,0.37061980347061224,0.05282953201344373,-0.2555046730118616,0.019978755848124048,e1
0.09243441261266083,2.101582034836202,0.2743120733765624,-2.169680961380181,0.5811932537849772,1.7398204115695406,1.1198682435235279,0.46870077231430557,-0.817922437121042,e1
1.1429843014566923,1.3436165236561532,-0.6808893682779955,-2.8021879184257585,1.5059306315901115,-0.8737694987991121,-0.09637365958770815,-0.3584697814669388,0.4155560112475133,e1
-0.8587551732741354,0.5220196506251402,1.3771822986989597,1.7727869869068935,-0.6230214867991872,-0.7770816200146768,0.19952644812250503,-1.6050271425211706,0.25878756213199894,e1
1.7711685875537118,-1.2558409993151534,0.7711738395896116,-1.3338460518382833,1.6443468942292727,1.1142073011643423,0.2109903750466491,-2.948056588449471,-0.5639085208331778,e1
-0.6740159769573126,-1.023415080867602,-1.628140464564651,1.7275708126170604,3.0303421307802476,0.9157822200568667,-0.8193660950228724,-3.16549920797682,0.7961551640114649,e1
-0.6710993342045669,-1.584207211042767,0.39611710030711605,2.8135492653562943,-0.9430774309539243,-1.6769832578592454,0.011985462759015828,-0.6252653840820384,0.41144971223024707,e1
0.8921992561097309,-0.7883497057168021,-0.43538394675606634,1.6462053082094432,-0.24439227899225155,1.0925484894580213,-1.9550095108571404,-0.4524474155810896,0.2015020335319644,e1
0.17706964744394796,-0.04863270337017644,-0.58598148531041,1.6614081352320904,-1.6936070449508547,-0.02120081223590712,0.03493502154952676,2.8005573341500787,-0.1389946250833644,e1
2.1478609201126084,0.5608658172038304,0.7241807234180238,-1.5354217236909853,1.115319356077719,-0.7074413217778343,0.09406488051472989,-0.12206662162644459,-0.36010347087486927,e1
0.42342505035431593,0.3359810927928584,-0.6242498963900436,-0.016963685940072692,-1.2291039662144891,0.1105413470139718,0.7849093366168952,-0.9021804096409305,0.02663043205556315,e1
-0.45528758537109637,-0.26606229291050376,-1.0156480221219146,0.4857893081001557,1.3726972572294192,-1.1455669673188071,0.64373152813895,-0.27633583504626585,0.07336205519061996,e1
-0.1850673056150136,1.30499315469077,-0.22425883333917895,-1.6524352008075658,-1.3071836900419693,0.9709635058214731,-0.32430444130906355,-0.5543945739518504,1.4445861383636704,e1
-2.9150917658041156,0.6442661336198645,-1.807269719010395,1.7565411149333743,-0.5097984706189607,0.5005629549804633,0.10690775191128786,-0.3871144616328154,0.8988483756362234,e1
0.898460481697877,0.5213080987432901,1.4065475324099084,-0.6998464860386131,0.4474854764142908,-1.2919308331141326,0.3730469446952934,1.3193678023031794,-1.148658005118908,e1
0.16650564848510796,2.053844195213944,-1.5158779237275808,-1.3785957981314028,2.1994665102222064,0.15349513747648966,-0.9751686992558184,0.014387924039746671,0.08664242797128,e1
-1.5286771733275466,-1.0064046460582423,-1.9693191035312905,3.228922471449808,0.17733363682386527,-2.5557359605234735,0.2020581722501682,1.1900257143668167,1.0279611100050414,e1
0.19801592048007494,-0.20149071107332708,-0.4347082341496655,0.6763305705447846,-0.9686314920419876,-0.7984485656430086,0.88588232203642,-2.1030850339548475,0.12110756062218686,e1
1.9011564375343701,0.09409345554733194,1.0967950001184943,-3.5236301649053283,1.0132128483606424,-0.019400187967387007,0.31857915884016097,-0.42466001299529166,-1.6782323159666166,e1
-0.4386091175906469,-0.03757599211506479,-0.7770380715742142,-0.7827570989807753,-1.2338490272252478,0.5036082174924628,2.138427774138711,1.5155251764127746,-0.00921521319784435,e1
0.24955909301512594,0.6837818412907225,0.12381715640611138,1.2250291664793986,-0.1436578215974127,-1.1601463322974592,-0.309981150303269,-0.4151709496820415,-0.298333283685926,e1
-2.1676325549166586,-0.4673588632334877,0.09632874695265331,3.966657405781235,0.26445921830425845,0.7121702206848601,-0.12987656967207453,-0.3293120840594497,-0.8143461784975092,e1
1.151740205661095,0.8840735011496481,-0.870361299542197,-1.1697149762026726,1.8498294837906375,-0.02125635067857726,-0.30449020563833346,1.5179352491014924,-0.3206306586682275,e1
1.7863098511243918,0.8043714724390398,0.9519597907978978,-1.438340822753676,-0.10547550499697878,0.09310966083348601,-1.1242463141620007,1.3915748746856882,0.1773922456576052,e1
0.3046076661936271,-1.9802598888192582,-0.3467747635891715,1.3775735992294553,-1.2771461439271983,1.1824840212972578,-0.37788270675337277,1.2121685133815459,0.9445967764205576,e1
0.4878131558923767,0.828126943708088,0.8516189158464802,0.25222718214174045,-0.10244714380489658,-1.7720222003166803,0.8183525992642973,0.6267701847819812,-1.1465390151279709,e1
1.036895937251377,0.7702732093822681,0.9220288961701061,-1.6394392503257975,0.5676555563730833,-0.26442805943910924,-1.0629997720947226,-0.18616035250808666,-0.5324433968166328,e1
2.2468014915807553,0.30688880847479266,0.26881271686263664,-2.1669168509231325,0.8873854776208894,0.06373019491677136,0.030503758046678226,-0.29910577057724586,-1.7547981507123922,e1
0.4230704985383245,-0.6115590717884258,-1.3224144518806469,-0.2341363154850491,0.5318370309539612,1.1734423192748769,2.041470391471046,1.0745373540409981,-1.0337598660872889,e1
1.5519960411973268,0.9273796427990102,-0.25508793079931774,-1.3739465505797066,-0.625131378901437,0.919651165625405,-0.35404404810611756,-0.5458870529768163,-1.1279025203672772,e1
-0.05773427264848019,-1.7691994078335826,1.8745738004327153,-0.37485221556352033,-1.5814651160498685,1.4220185798404177,-1.976659855559621,0.18571097360706806,-0.6393230477969892,e1
-0.04859230677347748,-1.0380334519322019,-0.845358566928284,-0.5246460044526589,-1.0668000456735198,0.7883159698185871,-0.42142648660086934,1.3973546849429688,0.9289259880858894,e1
0.11498106958011606,-1.567154497203166,-0.8115841502424164,-0.11310154239148196,0.8150266056071793,0.3214733738478813,0.40629827158858645,1.648911748896048,0.20853793794724887,e1
2.676031914799631,-1.7850721888048613,0.38633552396721416,-1.1006905537327196,0.4556831081980596,0.8488952921219932,0.23357474661931296,-0.11386377805319453,-1.696175286153546,e1
0.9813145797381244,-0.16983450808899767,0.5979603104636235,-1.1250612930515969,-1.789174455492877,0.6561989426317221,-1.131134397581177,0.7516280965234402,0.3104898829920851,e1
1.0361174443974854,0.5943752409722792,-1.0453345173259787,-1.3301427366162626,-0.6838239616802853,-0.5198342143229101,-0.8303144190271233,1.0076260349334496,-0.3912835997315851,e1
2.383725221352207,-1.0369858331135895,0.3945078487799978,-1.4760103224577843,0.7313714851773638,-1.0856231945803485,1.069684383059367,-1.35135333853022,-2.121295484226732,e1
-0.7002562442915232,-0.5999905961994098,-0.7362892314772467,0.3060351181270058,0.6126773075747267,-0.13222031382064361,0.19047733602822034,-1.1511102688880916,0.46345759029781797,e1
0.5379631348144518,-0.9696586396175169,-0.207710016584037,0.9851633422374,0.5213504798210591,-0.31792516328096404,0.3940257584354053,1.2166921163741269,0.51352553522703,e1
0.8679605686679155,1.813895487624463,-0.10624919883512274,-0.13325315962592077,-0.22274200640969713,0.7600948273372176,-0.05558590233482692,0.753050970343086,-0.20204761386844874,e1
0.5136123975955431,0.47688547608012943,-0.8959831090974588,-0.22594635464578294,1.3634068327476754,-0.3571453191771848,0.3642729347434253,1.574683596283033,-0.7715070501299832,e1
0.32881943932082036,-1.1518934496617363,-0.04642323453797058,-1.0406268571929895,0.6674977682434764,-0.11726625667698935,-0.7781920789014357,-0.16633993224680954,-0.18603700873008103,e1
0.1075831720977472,-0.5028039586653354,-0.8182204588666739,2.5517424607641956,0.37918533981097374,1.1967054697146418,1.9533127507272392,-0.16704879162505787,-0.36710899954679055,e1
0.9123250437210165,0.39188997695295624,0.5914261299552577,-2.894195724315545,0.39262982385499234,0.7496867488296002,-1.2453991329559362,0.08508955334400795,-0.5184069151210697,e1
-1.78125391383417,-1.2060707376510724,-0.11469141891043909,2.591717396619628,-1.2076502779640983,-0.30537703663234955,-0.5067651235315233,1.7117496928973204,0.96711690017619,e1
1.8448149040800141,1.2589682818094552,1.377036764470229,-3.7357565668664385,1.1416454541121037,0.09114417550798218,0.6555904306974858,-0.9491770722491862,-1.1833196098890066,e1
-0.3288281754661105,0.2823038416790578,-0.36621336985770664,0.8601605560269342,-0.3887757601880774,0.5462051551526172,-0.010034334047479762,1.9865413331345527,0.9116851799723886,e1
2.084760513417036,1.6047385502862637,1.4136458483597638,-2.8715994444840516,-2.852436339146099,0.3400516777015852,1.2827476627896632,-1.442172104025846,-1.2288348674426333,e1
-0.5143221083051676,-0.9062360722070308,0.3959951646501135,0.05444935172579135,-1.3582272695236635,-1.036570789023615,-0.3950147225194794,0.6288727144643004,0.49052914131380315,e1
-1.8805813266379439,-0.9958603282530247,-0.5496712584735521,1.7957151595245011,-1.6084343436177337,-0.8594862813417129,-0.400214732159772,1.6003313024759995,1.4394153362332698,e1
3.6560460235264043,0.03912915744925935,-0.4441613210003877,-2.850353338905669,0.49814257359154834,-1.544998465987923,1.1037648470110626,-0.5519581054605217,-2.6281720919605474,e1
-0.9724000788531739,-0.03483391387810949,-0.8904185737230568,1.516470933036346,1.4099177180009081,2.0730312454771167,0.20745091631060844,1.126354404266333,1.5617776602631779,e1
1.227223694532548,0.03854940907220343,0.7476133325726334,-2.1253509341270553,-0.06304240118854831,1.8806673979532382,0.10032992058721167,-0.535434562360619,-0.018951893516250602,e1
0.22686374493476058,0.6595570881834214,0.013076400582321561,-0.5211783764936812,-1.0591192550584947,0.9213886469545576,0.05068263279149013,1.0435955221791062,0.8890622185131082,e1
1.304234360346448,0.01567664526722051,-1.1063764440545358,-0.5721499367265512,1.3086038325427007,1.0775438982800667,1.187142682222818,0.2987299480612359,0.20296102380284387,e1
1.1787197890594592,0.6429927698956339,0.6588998146182773,-0.7802408886115161,-0.4159151863733639,0.4976853664451079,-0.530448818603819,1.3234504204819788,-0.734596749342375,e1
-0.2808534786443561,-0.18341631748851506,0.7537776490451377,0.7852853975480907,-0.9021774422529906,-0.8906507311987021,-0.7071089857815057,0.8110871669663408,-0.24083963368852157,e1
0.8596529163342226,-0.07067268783770972,-1.3597381210594246,0.15047437060063118,1.5902899901206093,-0.6737830916504082,-0.25245558825351494,0.2894225709126702,0.5723174768052876,e1
-0.383614406317863,0.8210074827101501,1.2077401342281375,-0.14528724535423285,-0.02565985921003633,0.1846805914388344,-0.6854085530519431,-2.1175685259037165,0.3500646720056596,e1
-0.45868427552682955,0.3539348169240238,0.55426495922571,-0.9319330836837051,-1.9169713856878103,-0.38440079876092054,0.43189308685744393,0.6098429935324661,-0.369775841405674,e1
-1.2941059662357823,0.2860929652795221,1.0039351057145334,1.6418476491784473,-1.1325128725522895,0.05547692755435918,-0.878564618696831,-0.5855476205439357,0.5075381367828354,e1
2.1851363282411436,-0.7341698357251613,-1.0767565907751526,0.13935523281738993,0.833573760739087,0.09164304295922204,-0.12722878823494616,1.1816849261511215,-1.0676410508753282,e1
-0.5015850108961952,1.86546439273297,-0.6110261802096147,-0.9561411864530399,2.2481129322924676,-2.329473298121254,-0.8996970742107322,0.00999780502784252,-0.2356855617303284,e1
-0.7629783284313805,1.245285083262777,0.01480708856454359,-1.1258098434420216,-2.1606623068279722,1.796831623807568,0.5370105306855968,-1.2837709079811486,0.9370751755217089,e1
0.4894210686123479,0.9801256700024821,-1.5740879605876101,-1.2296324601904158,1.4193645927139331,1.1740304099899637,0.7102121975333233,-1.0659867889192836,-1.2785049931607,e1
-0.9973125077369784,-0.5402171600757382,0.08562412027642242,0.6973587787983514,-2.2793357226908793,0.8774322537536031,0.22982454965948712,-0.11815650097657523,1.7432760822619293,e1
-2.000631789121068,-0.31724119128554007,-0.26127819350452747,1.6271693188450955,-0.5927595124248746,-0.012763381529701657,0.15946056803368971,-1.3562120954717416,1.6584773819780174,e1
0.8020450756453016,-1.409660886300518,-0.6600958455929227,0.4440208680895179,-0.4284121673216378,-0.07743377715981234,-0.05637629917885156,0.2553092544734625,0.807205729978329,e1
1.30026396911737,-0.7971483395679823,0.36569219167939043,-2.06192613486708,-0.4456801771672896,0.5076742203082476,1.6215433718937455,-2.011238961141704,-0.10668975600523004,e1
-1.7480059719596959,-1.0355862283925803,0.3141695311175136,2.0566371935265386,-1.0968802899336432,-1.1577055769286841,0.5770869857080341,2.2207387997466537,0.29468192421252376,e1
1.6520649690336937,0.4982210462889231,-0.45599740625495727,-0.8062649501029776,1.3454296970474193,-0.7171790321618325,0.6635179806068106,1.2041217087203915,-1.4504142826041162,e1
-0.809445462174211,-1.1285553786258637,-0.3727893714737432,1.3470212766111926,-1.2246439693986193,-0.8088221915787549,1.0561480683212334,-0.061921956402327616,0.8508596146504762,e1
-0.9688079926428355,-0.5319780475644139,-0.5336540853273896,1.9286815931483863,-0.42114362641097763,-0.5977457645488038,-0.5133043641110604,1.0375888114634384,-0.15743507841427948,e1
0.07144760464637634,0.5838089885221532,0.781538918817341,-0.5230780865044398,-1.0097486153279633,0.2496892083928391,0.3180637312517584,0.6768916449574426,1.2315041177933534,e1
0.7906078351549961,0.4629535929047276,-2.1985886165078234,-2.0604973670324847,0.5843653012355865,-2.132206961741338,2.07948523039691,-0.6789168120661547,-0.1330933435691004,e1
-0.6194011363290115,1.2604578089723406,0.8694429073170364,-1.128287114762594,-1.4624260773586673,1.6645308334711508,-1.4501660364434723,-0.2721835528211636,1.108721622957404,e1
-0.18994355482869274,-0.4952678717528827,0.5128533548358137,0.6486853232570542,0.67843408656269,-0.39447465287559047,1.4500733184271408,1.5231933959842159,-0.5465840782645062,e1
-1.5122734233964388,0.8003875387566316,0.6629320385423422,0.8455143184895109,-1.914281210871589,-0.3857741812344377,-1.1034049900865315,0.4325159467534338,0.936381509027487,e1
-0.1887230685396037,2.1623373592913624,-0.5920432360700031,-2.2435943651440775,0.6853279727053823,0.49875058979009024,1.002442275136464,0.5757595366609242,-0.3223972965471026,e1
1.56965883463461,-0.5824806261896112,0.4089810865596159,-0.9854268610604441,0.019265537520263776,-0.19842346394248306,-2.4232947175736363,-0.7025304868435054,-0.042345846325656585,e1
-0.7725833288704758,-0.8958407610063142,0.4628632400905421,1.0356982633409026,-1.0705703348140105,0.27855947476470416,-0.424951401634505,-0.04734077952009842,0.8554969863995753,e1
1.3313320513913955,0.2426271129984163,-0.5825938234565619,1.0804916187847626,-0.3321626636329402,0.09673369811564005,-0.428447642836995,0.48090589248378357,-1.0446125322826247,e1
0.9977906222253503,2.7249509555840223,0.7196108330903973,-3.016283683699257,-0.13852665391553842,2.4856867963393445,0.0847212229069374,0.967663151927427,-1.1069713241110455,e1
1.6659630492475959,0.9832188880455665,1.1262720758419127,-2.4855225043394666,-0.5349274237148434,-0.7796927235705581,0.5293398635416787,0.6851488363516303,-0.5229401533206752,e1
1.1518861352805296,1.3783427384183191,-0.5484582154392118,-0.3344877687336527,0.6458726937794926,0.06464963765900596,0.07744775058773454,0.19428489165077437,-0.4176817021232531,e1
-0.5867991652634994,0.45130109156509846,0.8444714105730968,0.728472702315456,0.2121006479179497,0.7622790721189445,-0.6544713819153475,0.07567138982820919,0.5826202926321822,e1
1.8365405971108741,1.122624459660485,-0.6178864488283851,-1.5918199428523527,1.0669376973819866,-1.4920098076790962,1.6448396796968467,-0.3411699524898311,-0.17763814196063504,e1
-0.3504673329129791,-0.4586921205848956,-0.5687974787103026,1.2219797180757492,-0.2791071978920697,0.21128012505438573,-0.23865515773426044,-0.5891336103114658,-0.030823687930366623,e1
-1.4678552618164789,-0.5413819522362262,-1.032901475528267,3.380248876180083,0.10173778504966224,0.8170001263811779,-1.6700846602649395,-1.8692026168624973,0.08752204038017444,e1
-1.5221350184968228,-0.4998370173363407,1.020219757010219,1.0758111881737586,0.557509889670508,-0.548561196173945,-0.5493211787838255,-0.9629151173588191,-0.05012552336330939,e1
2.2322777140573673,0.09809192238601684,-0.4426498859930615,-1.2570491133546213,-1.8253388401648707,-1.355555598614462,-0.05262628023020646,0.8203512256874403,-1.1965796427695257,e1
-0.6467702333901107,-2.028055776812618,0.8287156064222485,3.409512999084514,0.7199577015442049,-1.7165336178718233,1.451452283352304,1.05775116861404,0.9065487154215818,e1
0.5521299715575129,-1.0306761712405312,0.6001555135228039,2.505342406564165,1.8578901146763722,-0.625247596410521,-1.7917848057454093,-1.0098966917721885,-1.4477599676876973,e1
-0.07890600019258287,-2.2438555068198105,-0.49035251653854023,2.1532858185552217,-1.1847211358898826,-1.202013048589983,-0.7841395480937118,-0.7367650842022372,0.7295104887827206,e1
-0.2095481460793679,0.09143818035244743,1.4494003554705217,-0.05776304579273059,-0.30595313428170523,-0.8259121442841778,0.1058448765776755,-0.007969589807873115,-0.02746467979774144,e1
1.308043350906176,-0.35910949619947896,0.9589993469242729,-1.1704321380759573,-0.5685683019477044,-0.030005288763136368,1.5778278455273578,1.0604760348232327,-1.209021232708247,e1
0.39717590797102376,-0.01796888757058719,-0.538150701667694,-0.6009714481578656,-1.5415486643672216,2.2722338383476033,-0.043687899849836016,-0.2855685048915933,0.8073144318083878,e1
0.07230454426680233,-1.0637726528358662,-0.4589499015350221,2.350647549456218,-1.2015570475474608,0.5785900699941103,0.3874779088965582,-0.19193809986067908,0.42931599254896274,e1
-1.2571579657661616,-0.7778551569306116,0.6824730827005295,0.7293276371014552,-2.185898164505942,-0.5402560757040619,-0.6242884116325259,1.7039756210917445,2.0845569983384657,e1
-0.08768818653588162,-0.5623538457633405,-3.038964212925773,0.7436020957824259,1.7861988042377694,-1.2732960030233733,-1.8587714979806207,0.9153914311520945,-0.4330777077579381,e1
0.8035809051845739,-2.23626224377427,0.5694976103586818,-0.06004852745391409,0.7093813903519697,-0.3357007716123467,-0.902269451067553,-0.21966531470410983,-0.15498905359681267,e1
0.21262489234393,0.2533455368156084,-0.3499651578434386,1.017443291658364,-0.7241624570603625,0.6433747910666507,-0.2664951842635185,0.05695737638045182,0.5409137759317283,e1
0.1579543616972794,-1.101636014040115,0.5545729326155118,1.906273857333336,-2.7559914890354738,0.06321303188128938,-2.1062692804076706,0.3356761486083589,1.550699547339412,e1
1.0073599824203587,-1.1699398161246126,-0.473467076168599,-0.15484621576455385,0.03973965818773639,1.3481398364609147,-0.22001675002697538,1.0007675766625523,-0.4140062972987423,e1
0.07839176951387906,1.0299988640076319,-0.46378766708088853,0.02577481938966264,-1.2213116658233933,0.9066164504655201,-0.3873547054497558,0.3437461131695207,-0.2255725910029822,e1
-0.09678719506927402,-0.304567037282671,-1.4157924016780452,0.9854928821518733,1.7394490364204767,-0.7882872038841698,0.0662473495919787,1.4498638442241467,-1.4084588550852133,e1
-0.17209387206953267,-0.024124964703202974,-0.3464959714896576,-1.417796977207459,1.832775597079931,0.4125423682947045,-1.8077673777772005,-1.4383086019057534,-0.17847263133340485,e1
1.5692241604015038,-0.22280417110998468,1.0190931024174903,-2.6054314296685845,-0.5098402278889657,-0.2823577930858792,-0.10925485656106647,-1.0547886591456808,-1.1396718794436422,e1
0.661167441573907,-1.286911782900471,0.5903674049068749,-1.7985966475042778,-0.9535529387839468,-0.34907556364321485,-0.23094131844107357,-0.15593984798940588,-0.03495116057995787,e1
-0.7885466293784782,0.29236153509609253,0.23834452547510854,0.5339307008360679,-0.3139235615686006,-0.45445223598064155,-1.350625574333011,0.6475725014023213,-0.9589568395512138,e1
-0.42794808426834563,-0.567956619830538,0.3602810357792765,0.42039283902284225,-2.0837343481309203,-1.0018163407132334,-2.537992282659233,-1.2416329906567447,-0.11908604511723604,e1
-0.0642568630232363,0.21228109675738824,1.1646570499792763,0.2167352990394763,0.3324313877475368,1.4137153632121273,-1.3244265023304518,0.36681151922708405,-0.03470809498246296,e1
0.7321145306964483,-0.21391823337906782,-0.4993847451079508,0.18095127065883987,2.4661886240786157,-0.8688801880300845,-0.005711476284923283,-1.8260047481248118,-1.9071561926982423,e1
1.8042356899784762,1.3934894278873937,0.5399164123319748,-3.729726239932625,0.4938004009739013,-0.876975029184695,-0.6156189133320804,-0.4640664158473997,-0.3958186830874812,e1
-0.5654441706347009,-1.5808046392780937,0.2059466048815033,1.7464982549593941,-0.5032963818488854,-0.838478058061267,0.5820459051020371,0.849172308748162,-0.08162092554420472,e1
2.2080106208036856,-0.9853498213037142,1.0082975534441554,-1.4409827179993233,0.593560669911116,-0.058472056316804515,0.053464116118086054,0.9189188078986511,-1.1940313018022444,e1
-0.6113630997073844,0.6286331016108074,1.0596092309323502,-0.8563895625265152,-1.408806063701521,0.6072081228019547,-0.252289690129596,0.2195207730762385,0.17507703817970935,e1
-1.4671189114880665,1.048030440691548,0.39106476821872355,-1.1859668519510382,-0.9125968422868913,-1.0185517204250596,-0.7277990331408933,0.34580727758972796,0.7100159283614442,e1
-0.14795008097845463,-0.14124295327516317,1.358960987047086,0.30970416357124675,-0.5693885306657617,-0.35395954592006657,-2.154191276032763,0.3083595440738545,-0.6175922929385398,e1
0.6242158470629767,1.842837595044253,-0.30240670483810755,-0.9050984752471734,-1.1630051148650795,0.1889481998701788,-0.6226059084523474,-1.339224053042862,-0.18407748246325667,e1
0.9174682381409016,0.7279158566693253,-0.8122505446456338,-0.8153849612922488,-1.116264324478448,-0.767572542334986,1.3121584837754892,-0.5801323912264036,-0.2834410193815937,e1
-1.0847334536094992,-0.14038219468475543,-0.5472202632213371,0.530186367247195,0.5401843762113054,-0.04160467137571269,1.896953531343964,-1.3537260457893507,0.6394463170666829,e1
2.6307700434818067,-1.298967261447314,0.024157264785440894,0.026744665426359004,0.9562993398575117,-0.8888859828811998,1.0516411702286534,0.9526422595955308,-1.2583623703261824,e1
-0.9688618035403674,-0.36280990432939647,0.9937287549886934,0.39049720796104626,-0.45629307441889366,-1.7795650125143292,-1.2017311839748699,0.32016986893782046,1.2026219917984362,e1
-1.043559512239851,-0.31843187672415885,-0.5177815603260429,-1.2296656619890527,-0.6056443404461911,0.815435386634038,-1.3712326047850545,-0.912106387023932,0.6473298500966153,e1
2.720402494342866,0.19628673297642726,0.8430743696200804,-1.6614779122074426,0.4731580834931034,1.898393821079957,1.2270744608855875,0.20402261403073418,-2.6583927402548007,e1
-0.5191344218277121,0.5154181666618423,0.7037588060115053,0.3507901120352941,-1.3402024642124302,0.11592631814555296,-0.11837781488776387,0.29565846145042085,1.4816924057460437,e1
0.04311061697336038,1.5270407998702096,1.0129713747222948,-0.28098165544845877,-1.0376833616430423,0.287943991620797,-0.5992306691222771,-0.248744579896333,0.7140403927025715,e1
-0.37384952052283504,-1.8893532629783842,1.4534135596365418,2.515769123500123,-2.9618391764278957,0.6790150992461242,-1.492785428977412,-0.47287324657105073,1.6179073569416027,e1
2.535357735933956,2.5296484479366215,0.5399517040144416,-2.3448668515608873,0.2991877975582425,-0.9367794578994401,-0.3282509239101977,0.29038540492362414,-1.6152169431100303,e1
-0.6479444498087508,-0.3418801334604846,0.2333040410246503,0.7532519231874865,1.0417282311304354,0.820613424523173,1.013922361605056,-0.7731058613493205,-0.7594678993350594,e1
0.3917713344227427,1.4610668956841415,-0.273282538459634,0.30632006212832863,-0.5890208021570674,-1.2086715425636776,-1.4367455069292123,-1.7235869062930538,1.2701038575511938,e1
0.2952214164377882,1.5302962949120926,0.09290228843710337,-2.484312737463262,1.074136067837214,0.44729122143773126,-1.254779364539476,0.9881764757975042,0.6452372316736079,e1
-0.7515456627064327,0.9944313071696488,-0.9902877941618675,1.816939067620411,1.280407863066097,0.169632150194893,0.0369659587357339,0.013705213105342872,0.17316802720971022,e1
0.4954064043527234,1.0960265143046546,-1.8133032918973508,-1.4437162071160758,1.5856865631564603,0.8039064192936513,0.8384127746445389,-1.6977148533478392,0.00959216992507531,e1
0.08723338811929376,-0.816912292162074,1.4686595086492895,2.274060385021577,0.2780194731682244,1.5460225408515296,-1.6805651024184274,-0.030512439274378918,-0.6135817559901245,e1
0.335710859142077,-1.2408775883028274,0.23948421338724665,-0.1528935848546058,0.3619004648555835,0.7716864884643473,0.36146959012778873,1.522934745632535,0.44416781375491626,e1
0.8699667254354579,0.26275077415123876,-0.710265450658851,-2.1962575243790914,-1.0642994415078537,1.0515765665470798,0.6492436605393701,-0.5971674384970541,1.3449662291570705,e1
1.543790003477563,-0.29392399787314605,-3.1462201652917807,-0.11384652995517786,1.909346472203925,-0.24489462482102503,-0.9459211007327586,1.076536353216408,-1.861388073712095,e1
2.250503929526218,0.185284846598616,-0.14029532480155213,-1.8838977119437716,2.294867103013903,-1.5381004927215303,1.0638132120785186,0.6518466425376871,-1.9175786286784295,e1
-0.012006428973324768,-2.2602354552392216,0.168943793554555,2.4400892635330953,-0.9392180089135942,-1.028542328485758,-1.737169364448376,-0.5078717420513437,0.11771915112484801,e1
2.2897481516752167,0.33567095889275567,-1.151106631242203,-2.4241945881429725,2.3942232571029836,-1.0545614573870936,-0.35348169011157216,0.9767175870056186,-0.8337556626210036,e1
-2.913370893931106,2.311022182360829,1.1878196674073724,0.4389834131730523,-2.34007866077229,-0.21759211940083864,0.9600331398611317,-1.8360897347814635,2.305055758928671,e1
0.67791968772966,0.7095417135675391,0.6991291932263852,-1.8267513513622844,-1.5381819378065478,-1.1470101967251392,0.5183052710622633,0.9785818514885609,0.213120636947594,e1
-0.854013142470169,0.2734660220809525,0.25297183186824684,1.2485347490617082,-1.6911669318007476,-0.9077321487854737,1.2756654768759057,-1.1482171715618907,-0.11530180633816108,e1
-0.032867527257711304,-0.349088238342857,-0.8943560505616032,0.2519436233352711,1.8252713365775555,0.6806540061353896,-0.011098557995980475,0.7473347509376279,-0.41216399894598166,e1
-0.3997093459647459,0.39115278353153415,0.4799010174177514,1.1292931529701,-1.5703369284565145,-1.6290124364126457,0.6129070363280403,-0.2800471741073772,0.08380301065991323,e1
-0.7566687926192796,0.554693492486839,-0.6377372214822892,-0.42085128020122153,-0.6106168580357741,-0.2163937145241026,-0.5312786894020636,-0.34709296116641875,0.44121052716414966,e1
3.3148458353165546,-0.47268522661645435,-0.5770771171398908,-2.1599412107412674,1.1654619048256085,0.4574473022645706,1.3343584539343987,0.8785583045112477,-1.9897005937601295,e1
0.12649230478359585,-2.5764486247820266,-0.15124265812803972,2.6937407715358543,0.5479892204482772,0.32442926841775027,-1.0922995989214843,0.6748984963928197,0.38903813573176255,e1
1.0151987130612792,-0.9856451345779407,0.2265977269373413,0.2673266216725938,1.0314659779986808,1.8815410863223077,0.9135007902948419,-1.3020694648499744,-0.7381716091418503,e1
-0.5375867789009878,-1.3988575596481907,0.49125464121375584,0.8303563833323724,0.07982784245927133,0.0743008655165839,-0.9210934308739812,-0.13438727313751764,0.8607896397894668,e1
0.04935277442742381,-0.12020698922015308,2.4446621567689055,-0.2430197959467718,-2.423854756664308,1.0773954882058792,0.7219209348621622,2.04767725279852,0.2281692035430094,e1
-1.448019642870474,1.3675399895861633,-0.5033066036903574,-0.28398569146883323,0.11949593915769796,-0.4482304789612512,-0.44973713262643694,1.4856166814747558,1.2259115704157644,e1
-0.5772027905422136,0.9382456114947332,0.1597816527021245,-1.6971261425376956,-2.6219824878478635,-1.632432178326115,1.1905804374206483,0.3832405167509989,1.019898142205457,e1
-0.9963055808844352,-1.3049474785502064,0.6281502257384853,2.4613220011818386,-1.4460293256813506,-1.8999392350126287,1.0647303017882543,0.8604701592155353,-0.31987092993858396,e1
0.32255115930528816,0.5135117151703603,-1.7234462660027505,-2.500414833901461,0.3818175915848093,0.7687133547190572,-0.24909686025464062,2.02072625864425,-0.03851476996521704,e1
-0.32431909063654246,-0.9830598598405053,0.4458152799300239,2.814840185697403,0.8637529325474509,0.47517942062788404,-1.0654223885365115,-0.6605793799469398,0.23819978889084717,e1
-1.2260112303147046,-0.08648361912597836,1.151957536428748,-0.18344214698216477,-2.1763200796139555,0.7769039056482825,-1.6668820825037127,-0.6200956625861758,1.0847476171645978,e1
-0.3299768128174322,-0.5043722589418583,0.3141326619345283,-1.022568896351837,-2.27669346314559,-1.7173386246138178,1.260492001306209,-0.12489120090314307,0.2195820782236557,e1
-1.4108335770068314,-0.51491662935642,-1.3876590820101158,0.6524190995509981,-1.007892239675643,1.023901546220623,2.4146733842033576,-1.0746808197590425,0.15688772842498855,e1
-1.9657335623966885,-0.3433016534888498,0.2037445648280262,1.9876589169151064,-2.3925330882221933,-0.26672526116392437,-0.48061887624136085,1.3709008381858843,1.764257646418018,e1
0.07099683123659062,-1.1797352681344175,0.039827993057773105,-0.6617306674647174,-0.3569191234240151,-0.37105808131961815,0.03357219369426101,0.13285260460598317,-0.9694155988724097,e1
0.1491044768230838,0.22800200006645102,-0.4381226833177113,0.625248871642123,2.218929774055892,0.13528318579584594,-0.1833211124195302,-0.845672847281968,-1.318404777227851,e1
-1.2826219061716688,-1.2544988221140818,0.7655781383163951,0.66517853359118,-1.5805816524282694,-1.0614715018272147,-0.02750332802355817,-0.4978975187857537,1.2049747866505989,e1
-0.43571946724297905,-0.6808331046040333,-0.2558582864207532,1.2939132941035756,0.9128059519696234,1.4956682155195893,0.742569057554284,0.8738083962200366,0.246373082584928,e1
1.7567503081959575,-0.06489935620226493,1.1771140671692726,-2.439262467109425,-0.47703823462413764,-0.6374708772186467,0.3797603388407696,-0.21412854644026494,-0.8287296010488079,e1
-0.5736460271280628,-0.7800569666031506,0.7937375606571131,0.706982874517254,-0.9156633940407406,-0.49631098433230236,-0.8314341868511613,0.6466639506114416,-0.9049560622654026,e1
-1.161581901835553,0.5251012964334834,-0.9609964747196109,0.3504247443928792,-0.21393537747167418,0.9133542496421465,-0.39020096565673856,0.4120368077759822,1.4606626642691285,e1
-0.5621760500912201,0.7488264704194427,0.2793439412393771,-0.6495035940363943,0.260860469173983,0.8890035236476839,-0.41105213625866055,0.7370295820022149,0.8729177162682435,e1
1.6649366678639466,-2.6324525420380374,0.7205294974967589,0.391672865129832,-0.45899058559177364,0.02449327960898581,1.1437071563772678,-0.41266650586646897,-0.9471525738492712,e1
-0.46323182060719503,2.2292545600831284,-3.106239688891444,-2.160706593771973,2.149769655095425,2.0669889549817277,-0.24619323949764338,-1.0974754273698506,-0.8765462629400311,e1
-2.6586237232945673,-0.01197518386381456,0.5394767744394589,1.410575358865297,1.2525050460918352,0.26846843328437664,-0.5759339877078774,-0.07205666772382602,0.9070093710662747,e1
-0.27560322682204186,-0.21065490019228628,0.16994505379393085,1.0378731790044045,-1.032640815898765,-0.20837931396586554,-1.0728999459962945,0.5417115616718876,0.31291483054131275,e1
1.4080793432863516,0.9374039741334443,-0.10701866087962593,-0.7961604467116488,-0.015701798874208528,-0.2732884462323991,1.9331685813667858,1.486836310881306,-1.317822794978491,e1
-0.15996601393010745,1.4606031173557075,0.34871000591950285,-1.1590719586499747,-0.5175531293305399,1.3737193845823332,2.4043353753245995,0.2203170060435645,0.6483492011250193,e1
0.13124059224141704,0.025418035832710767,1.1181738215740054,0.14158200189171438,-1.4526362662473453,-1.8440465075715442,-0.21721928836829843,-0.8638148702560634,0.9846625791772674,e1
-0.10429093184817945,1.0280014256897054,0.11496184510415092,-0.7117563867964803,0.4785179434603871,-0.49978061403112123,1.6519574887295556,1.0932976309677667,0.22491994938303206,e1
0.8839652615020777,0.442117852523045,0.9357287090378128,-0.030486793804004986,1.3050641872743696,-0.1354944543555478,-0.6123375220283541,-1.3659492620290126,-0.6051356371467755,e1
0.20782374499924294,-0.06743009221254244,-1.0326176801794964,-0.9083362281013625,-2.593671812940741,-0.36400350826743016,0.11375257649305175,-0.5931919176687244,-1.112413517661479,e1
-0.31185892679486893,0.33793044018534635,0.06217938069453825,0.3035694283185432,-0.8786355949127418,0.4107200532188452,-2.479146693803047,1.3244830944339698,1.2598466177010161,e1
0.10268718689879147,-2.1105269952731045,-0.006036586988970677,1.1778829679598983,0.808409190241552,-0.4877604713560096,0.16236276660198062,-1.4858107932229097,-0.7003568743849614,e1
-0.8963915406499574,-0.7649936716759508,-1.4651248566898023,0.5799553013626952,0.7176254600744527,-1.4874035932669327,1.3123401777534627,-0.8249019163106607,-0.5338291896676328,e1
0.3054116776991886,1.477081549211068,0.9654033397755026,-0.14479773566657683,-0.37659598443875586,-1.0789966852427149,-2.2372034909009777,-1.3616946509230132,0.24341776300566126,e1
1.4364024941255402,-1.4240956369047755,0.7712511013845926,-1.4531687316512565,-0.4229581399462718,-1.1034071188098864,0.3300280562252463,-1.4295685842634092,-0.7141127059893487,e1
-0.10468601381312459,0.8734815937515484,-0.553986627286774,-1.1172437267165316,-1.8036971059898406,1.3048440756229955,0.698612528324727,-0.10973330845266223,0.5601206014729037,e1
0.7838617520048236,-0.25919317991434493,1.0176854328852134,-1.2743803736510768,0.2102567052099984,1.2928372857434427,-1.8411309205573134,1.0411601222080746,-1.0519226654778222,e1
-1.895877860155733,0.5392980107666635,-1.056847899060338,2.020209424531889,-0.19024780930822885,1.058635654500597,0.5157236371398959,-2.085142921684829,0.6460659438328956,e1
0.640393628972101,0.5560717179396081,-0.6174671340296576,-1.371221647421134,0.6650409135834064,0.6341933571813436,-1.8210194711899017,1.1322742831995634,-0.5038650175944557,e1
0.8863489090005763,-0.20273357910365394,-1.030698891427103,-0.02805152306815617,1.8731429782576394,-0.3957204662155771,0.13838234504092914,0.8289622796670042,-1.4045283675851723,e1
0.86808538923396,-1.6040493954244048,-1.0098828310000243,-0.4939775176570428,1.5179562775938793,0.9469078736652459,-0.9205288367902507,1.2024545554873673,-0.40576479850677205,e1
1.8136650735435862,-0.6211436019703868,-0.6952037807626491,-1.7578994619037984,2.627878474436937,0.07226673467818868,-1.9453833062310806,-0.29168035417493576,-1.691011814492583,e1
-0.9074631663657995,1.3901514224725569,-1.1281997341984553,0.13168797172081542,0.46809742076143324,2.3805197423219053,-1.9940129509671294,0.886320211380839,0.06351294893272369,e1
-0.8289669268469756,0.4190930395021629,1.3607787815981398,-1.6793062570511301,0.26008450923138593,1.6325736690672183,0.21441300536276,-1.4465543061601025,1.9830870456291925,e1
0.1334289034943062,0.27602122932282314,0.026544538009137697,-1.0529338355719853,0.9682567215434501,-0.5284767664035155,0.7410603381473768,-1.0024784848170225,-0.44464635377270834,e1
0.34718678507137735,0.48130465170699854,-1.0938114693294951,-0.5977984076509218,0.8363533689825791,-0.4523900585073016,0.46112203781731215,-0.7712769000823136,0.4520050859865633,e1
1.4649014563640954,-0.07971105375900335,2.4783709242832765,-1.624304849787079,-0.6170708373319708,1.8485209556647597,1.147416481585903,-2.480429006164908,-1.5589065748117212,e1
-0.38818280724910875,1.5187729231126639,0.3622556283903001,-0.5310930009415045,-2.9309804097491634,0.6522346189452691,1.204422962099285,0.16977851947753814,0.9740829414892329,e1
-1.4424412401109157,-0.35827718905677264,-1.3197396596491004,2.5566163976630665,-1.1130812512124133,-0.14107092267484972,-0.6899379870478011,-0.37635494832014066,0.2506169655752664,e1
-1.6318135889741923,-0.24473155902097238,-0.27942893859985973,0.6624879383239516,-1.7014968416772192,-0.5554900300680751,-0.7054519999048328,1.279928990791578,1.5705749217042697,e1
0.6084108961930665,-0.37306556673496205,1.5547242495509543,-1.6902669640676384,-0.68357324927005,0.11698483490597225,-0.9488251245224192,-0.06885148346739263,-1.7357031692023714,e1
0.39575801147223005,-0.7381621723343778,-1.5826056764289023,-0.21286219173113563,-1.2293183664307203,-0.6571798001909549,1.7947444369586716,-1.1474742633778452,0.5605815172114514,e1
0.7385159826473592,-1.1417392561684065,0.13338406937537184,-0.6206820908008545,-0.5465346062277392,0.2322174624512772,0.3085691445032707,1.8510705301347756,-0.9432900133598787,e1
2.5381623437998195,-1.474618545773729,-2.2433071580254977,-2.4809774890055425,1.6731648021711583,0.08541001454671125,0.30575991301799516,0.47026318423287805,-1.251823182986073,e1
-1.4225878111636652,0.2639171276451941,-1.2142239807406074,0.8304597495763184,-0.3115012002879092,1.1643721881000513,-0.31430378332128006,-0.23078079855895525,1.4511839127987207,e1
-0.3302510282075448,-0.5984625703392695,0.16569541803228663,0.7483146974679274,0.8096372694413223,0.3544459338214089,1.065385923306159,0.795712100925579,0.18260979560971774,e1
-1.1794070556457,-0.2985826700687119,-0.8803943569052034,0.9706395927948527,-1.6331326120050997,0.7087272588173332,0.2923329301501703,1.5447842068395694,2.7775623298482754,e1
2.8751258324065345,-0.2082854986828889,0.8673637117766976,-1.455225182686576,1.687017504890628,0.6094724968699627,-1.5916702165977652,0.40531516469255313,-1.4274168610376068,e1
0.42815236373849674,-0.6478662388349402,-1.1610312025318057,1.212854716614158,1.8295381398197046,0.08384057279510618,0.11299138179797895,0.8777857640488034,-0.6504124188521534,e1
0.7577729778207912,1.1340065777005777,1.1341896236579434,-2.834059546911239,-2.4946183163392464,-1.807730873796424,-0.9671062522154111,0.4042709284340751,-0.2365760094510262,e1
-1.9276187903931152,-0.034535439034810746,-0.9157626564825349,2.6189866825469723,-0.8800838063536314,-0.6549364267488489,0.9139039395962609,-0.7833628907354291,1.8542394936976239,e1
0.5307966302049717,-0.3981572529705358,-1.6427182527271864,-0.7506884757402499,0.23162046081626086,-3.598273310935654,0.17531230460731181,0.9081908704402668,-0.7005388569515093,e1
0.2792687787899517,-0.890432324722231,0.45519748580092134,0.6293831848992895,0.7536029317579007,0.9939409221992002,-0.7037432358941581,0.17284212881791564,0.8280735240271044,e1
1.0646043822942577,0.6649628226160121,0.1970701623261609,-1.5996576033422787,1.0141484480960978,-1.0219985917497316,1.0410933057631278,-1.0073871591160815,-1.6190233377334227,e1
1.142132410472092,-1.835897617398259,2.539222635655371,1.337468758778524,-0.6200503016167511,-1.2489983273634029,0.2827460795723921,0.9132348249187724,-1.222062557624216,e1
1.5288888108243939,-0.2621576025283216,0.6108887642722913,0.05142097977981952,0.431583344292362,1.4682006748035363,2.26217342380197,-0.9212158643566135,-1.3911636823927127,e1
1.8914946376301542,0.8485257645770806,-1.6406091916792431,0.870512952240162,1.573482474197026,-0.6136726377779906,0.953122144121592,0.642336854006885,-0.685264963467552,e1
-0.42897088335340244,-0.97890858137352,0.9336868776257516,-0.24104769425202188,0.4659879298386037,-0.6528587649801018,1.7512353320508693,0.5391879245128669,-0.22695130811418493,e1
-1.5160142834856822,1.707756740523495,0.6110020638604936,1.2604248996799037,-2.041566085708832,0.6666325806767678,-2.7648894048476444,2.3051960561508107,1.5248185890286787,e1
-2.5365424025779477,-0.321029464745875,0.17112994277989155,1.139965647633431,-2.7422118365506654,0.08245032082546529,0.8480807933368535,1.308143658799133,2.682725484901645,e1
0.6062021921871202,2.018378392036136,-0.6422889290321282,-2.849067062257173,1.1738206997636724,-0.01899955413490857,0.41519181731921556,1.0947483492687646,-0.3895404695722252,e1
-0.05612860244071194,0.39385924283725415,1.8208990746297633,0.7078140014454061,-1.7739050010238224,-0.8899286260849487,-0.8240402868667426,1.6051745198709706,-1.3125415109269665,e1
-0.9992637420842225,-0.6288648538883502,-1.1097688731827522,1.2186585809799673,-0.2204391816390746,-1.2008149115943099,-0.6385632325941161,0.2625480050603818,-0.008207860994192129,e1
1.3738100088719485,0.5441064802076403,-0.778612979183244,-0.14693663106385046,-0.9960667689910712,-0.5593039555809005,-0.2908801209734768,-0.8435799766207644,0.1161649378885705,e1
-0.6781076489216764,-0.2776462483745578,-0.3054823264908871,0.13270265426161154,0.5549351068947271,-2.162830262005741,-0.3301469276638837,-0.338670873842879,1.1292565866555229,e1
1.3551819005850245,1.4874162578313883,-0.28452915148271474,0.3862452542551065,0.8842823999456901,-1.5441177881447354,0.8406982553347232,-1.056915054527648,-1.4002843189571808,e1
0.3637741185804417,-0.49165044856767803,-1.4169823906232546,-0.8681737994613764,1.942867980595187,0.03319184620732083,-0.04553512275845865,0.14535534603068648,-0.7124583484074165,e1
1.8841894323080215,-0.18816427947709502,-1.4340705647624146,-0.4675562385487205,1.927278023276544,0.20850606199652755,-1.194863171678008,-0.14775834117001152,-0.8000474644830435,e1
-2.34594053645113,-0.4837529691396401,-0.3729439570841112,2.5891736906145897,-2.400142113902235,0.2853561251887989,0.5366209436665209,-1.6069272319705543,2.3098060070834574,e1
1.7114663528260023,-0.34868798603663903,0.831753674865696,-0.7513667585650274,1.9792241844841443,0.03240136038066391,1.0483181242050696,-0.9462373161385037,-1.7141975830416794,e1
-1.7044038161188368,1.9697738620996876,-0.7459304061967836,-0.7071929991944332,-1.7216083423654958,1.2183976808601296,1.3930380089743535,2.0390636485407203,1.347169624023112,e1
-0.632335357804949,-0.4584169148973786,0.7169543231690442,2.3956197662481404,-0.32922257159508966,0.26987304997243117,0.6172817850762873,0.7461880046266136,0.4815697410993812,e1
-0.07041161107823798,0.2192619112689918,0.629542047091529,1.3624013314836019,-0.39353050490241065,0.7455958734529385,0.39387143292656496,-0.22926667715117807,-0.11588086930293498,e1
-2.5238010175547827,-1.1739124362534665,-0.7831669912290364,3.5592751500892974,-2.0429993442875753,1.0837104071200276,-0.9330064063957554,-1.4293894223556425,1.6449776210650602,e1
1.4421275458697675,0.240084470873011,0.15180667108268928,-1.4483928120159908,-0.913926868605597,-0.9246696225278638,-1.506525987028295,-0.42557651394794643,-0.5065608232133867,e1
1.4103709858805198,-0.13423464241965857,2.451281517803502,-0.290700078913545,0.020433540446232357,1.5959536342480187,0.8298382510528441,-0.9427746348732045,-0.5717993599088181,e1
0.5682275384599409,0.06945462045703782,1.1006133622781562,-1.7519839551546297,-0.31143005653761613,0.936266602141988,-1.040512341346814,-0.5582726893348473,-1.161657014427026,e1
3.34979364389414,-0.9642644186525641,-0.388610717954967,-1.3761879700235178,1.083917674186678,0.3978886356425753,-1.4483173474741364,0.8616027617094196,-1.4092333239957158,e1
-2.603207519770803,-1.7477195222554887,1.7702550188170163,3.518871173461293,-1.3595873434148826,2.4087143949860548,-0.8793413333301363,0.022805048711827872,0.5958537594538617,e1
-1.6565067077441857,0.6406711642590568,-0.46752063801779165,1.2021739389879458,0.4440057339907457,-0.24052980721961084,-0.3279263880393056,-0.2460242544086552,0.7995238586943626,e1
-0.14781297306153662,1.0633238997291201,-0.7642470056750276,-0.26532650103518457,1.5839744092760424,1.0264534151099924,-2.2571518827638064,-0.5602072722866208,0.054190080694010316,e1
1.0113891112526254,-0.6733894007136491,0.8029085826255361,-1.2515048453935136,0.4208004304914561,-1.358012575288171,-1.216856005554889,-0.30767763248749985,-1.0125905718837738,e1
-1.3097264342979158,0.5787177897635626,0.20287315484943488,1.4839530441582118,-0.24246668440496627,0.02925856352748312,1.066124420174786,0.45626039808397817,0.7044017003708738,e1
3.0556519164163296,-0.852880168570077,0.8328118116364436,-1.2138996235505486,-0.46500965187667553,-0.41104016877238975,0.09975223249083219,0.4560207503341272,-2.1351545194530512,e1
1.560526858538079,2.1254365803335364,-0.7505713656401205,-3.8974171933018398,0.08537962371673191,1.0981811121588978,0.6071779415783346,-0.730214264695579,-0.3246762124718236,e1
0.0888104232663538,-0.2691059489067768,0.8970868841453794,1.3225987335319613,-1.7460376137140239,-0.38295906356476084,0.5364727391757869,1.041267481323398,1.6667922844249161,e1
-0.12447077507559778,0.01782177908104821,0.7925803186628723,0.6351767659542631,-3.081350373415102,-0.3562076032517927,0.060656214691325865,1.5171225944741755,2.4308479229937383,e1
2.185638679520572,0.2608171548918232,0.016727205966667883,-2.0812284337764164,1.1107334306047403,-0.28923030016650364,0.9823101028013684,0.7672598477666006,-1.0569713991806216,e1
0.13815381072248017,-0.5406509112757879,1.1195693647751912,1.0673126484564561,-0.6209620518126315,0.5173477742799165,0.29586267421415385,0.15480562807097986,0.3759629564204394,e1
-0.7856091633135791,0.3146182353405016,-1.9309090427988296,-1.046894531319921,2.690269940217667,0.7597387865363545,-1.304373122078925,-0.4173399219267827,1.1669509371789504,e1
-1.6437619924739413,-0.6603889752759379,0.9498274362144843,1.9745931332451296,-1.109977731814311,1.249806525998834,0.44017133513526063,0.04153218630548268,0.6973926132738347,e1
1.033879110747219,1.7568246052500065,0.5139535687110299,-2.0308820104773257,2.289533342556633,0.7792870083064292,-0.30553498186179345,-0.6654146833399373,-1.9878512365096233,e1
-0.6483150121723484,-0.5397496143721201,-0.5112885780275489,1.1091142256814535,-0.5112555843745745,0.6807087082859377,0.42340648682158205,-0.006134264172163628,0.18503623771608463,e1
0.6113408325162586,-1.2070875804654797,0.7740955791824768,-0.5338045155566611,-1.685955659006865,-0.7902598847065618,0.6039257771993737,-0.3457701136426157,0.4876932271146221,e1
-0.8688768428727837,-0.4734704233929251,0.017724524147107297,2.0405541136159266,-0.9490417881291205,-0.949703042373534,-0.1359127525792773,-0.1160182293442832,1.4588012340566643,e1
1.9072501084087474,-0.6052802255644892,0.3871255524719586,-0.17577511022267955,-0.587158256496342,-0.5389136677817229,0.09925412629014298,1.6629986812573199,-0.9764354894952308,e1
0.9086581601859798,0.21004415959470968,3.064312569593132,-1.28678471909572,0.7162891433634051,-1.7941394148260668,0.31116604822638044,1.1766786957507807,-1.1230174040640164,e1
1.7979293511955552,-0.38819660457080757,0.5419828486071637,-0.9604972498068742,-3.1505508938189664,0.07375587139102716,-0.4611213280716983,1.1440594640813238,0.8095904547693408,e1
-0.9968854023130792,0.6528858595279275,-0.3180628617218449,-0.758430946243615,0.5524758958554934,-0.4152735458494867,0.5273897626805608,-0.4214670988610178,0.719417742288843,e1
1.0772227898971705,-1.7427420114827141,-0.8050158019901106,-0.38100267113620867,0.9072713937391215,-0.22069535983619348,0.6517782667244749,0.017661591222698014,-0.46311186092541284,e1
0.31484461751839116,-0.8837730993756269,1.3706696034072836,-0.8146922327183245,-1.5323398016147183,0.7456297349749389,1.364168011718647,0.38568930817319835,0.27968894321557886,e1
-1.4410001793094975,-1.771295792774255,0.49728896556317953,2.256387941931251,0.3889613485214619,-0.9167124458454238,-0.2678939152146757,1.4745463430428258,0.529385502809023,e1
-1.6033558457806172,-0.22514608128029917,1.0226468706637353,1.1766569078684592,-1.6695924933218742,-0.11851756193706424,0.5775634043637325,0.08683644757351079,1.5927723830068492,e1
-2.2213082681740417,-0.04885865603229937,-0.5992633257406492,1.9935307033690315,1.356148122399996,-0.23263737372527676,-1.3091718577268399,-1.284195765222191,-0.3780399910367763,e1
2.0407167830687394,2.594089830244138,0.47506339389031743,-4.212966524518473,1.1654783766890717,0.09070124902184261,0.7949738093236687,0.010365854080138508,-0.3053407513487337,e1
-0.8140946269110456,0.6353141906851002,-0.6090757353431644,0.21510130415835318,2.7707565612726457,1.6639332932337267,-0.551008603663748,1.037065667088243,0.09726361746903679,e1
-1.5765592949162863,0.2036963590312695,-0.23504139535960272,-0.06009900463864715,0.7026743533169328,0.7046466460542754,-0.10691788704927942,-1.564052396011514,0.005451889494862891,e1
0.7432558548358686,1.1471808936890018,0.6486562502182462,-0.04133710239205346,1.2163885385270032,-0.08570551833129902,1.5290337867365587,-1.9919993968503897,-1.655320788347533,e1
-0.36110832524914005,-2.0384878004793707,0.7524379068992679,1.7725326672106883,-0.2912507634164704,-0.5942298594821576,-0.3567453975020482,0.5563588714896225,1.1839993704297478,e1
-0.7866057189567832,-0.3338962704166597,2.878407604787024,2.165930773778785,-3.076076373974521,-1.1032238965470622,1.672067707763835,-1.223359482436475,0.6062434043224488,e1
-0.4210996009581756,2.187344188669577,0.004864757590954852,-1.2179792941711938,0.7430306958596163,-0.05541137843652346,1.9482811037078671,0.5299734501953229,0.8916991661263431,e1
-0.4104921691879943,0.8112067681237062,-0.7779147364141924,-0.12362075578151706,1.50388804412319,-0.7544364532238788,-1.0665312838480385,-0.35199455566573234,0.03466034060771506,e1
1.811879467084182,0.7800866251788647,-1.0772670358034186,-0.36558881509223573,1.3683871794565843,0.6807882180024688,0.4022864589391232,-0.9532811103541539,-1.3827597430513419,e1
-0.488354359109869,0.4855908541446909,-1.0268733006912103,-1.0182647430433802,0.4097688378275657,0.8352469022133051,-0.9892696359553468,-0.7773729783204238,-0.32964863247502113,e1
-0.09697385086896024,-0.34074294474173994,1.110706726409124,0.3796609940036939,0.16883730318921664,0.620829834643128,-0.09519372737428546,0.27351607353815593,-0.06564455080248946,e1
0.47252901108729645,-0.8931501761792914,2.1137619935794927,1.2181291989937408,-0.8424266616237414,0.5607888688371415,0.027828636858290155,-0.8770030507700027,0.2561881454557774,e1
-3.055923603224598,0.3657327355664735,0.6096409854918944,1.4782588171998539,-0.8751789732116683,0.21931594354842912,-1.6056375280408393,-0.46853056967942,1.8428427874474433,e1
-1.466110239639158,0.3980583669831563,-1.3765327346514988,1.742554118819878,0.7489176062668161,0.33290544184801696,1.5676940488835733,1.0828207681497877,1.7397049556024065,e1
-1.272193340390981,1.5053331678149335,-0.19240609875317624,0.6589082982472347,-1.050097754935949,-0.4081711663107253,0.517030546037374,-0.4793376561563242,-0.07134199367435314,e1
0.8422518625404238,-1.022960681488315,0.3138893144291866,-0.5257575855944475,0.8327597711775988,-0.8980194591605115,0.6587253899211428,0.461231300267799,-1.0372048948780666,e1
-0.21257685637949864,0.15162613698315572,-1.9643741415352964,-1.9893697100127203,3.5355199164121487,-0.6411276004364705,0.593756234637545,-0.268599920203371,-0.46990856784516166,e1
-0.8753036026755717,0.7671684049663586,-0.42241290309827717,-0.4441383690245553,0.409125882657995,-0.9546238689313368,-0.27259162688280236,0.14525095335214283,0.4061342940079069,e1
0.4597501813577359,-1.104167895306793,0.49061128130076376,1.9633661118094106,1.2758783476630984,-0.7628946472598316,0.541165688533414,1.6296126679842722,0.005377278979038548,e1
-0.34708581391588267,2.117750917163519,-0.6798998794661645,-1.3324681434110668,1.2772569539732443,-0.03331666448842645,-0.8968623066192626,-0.05429856032313664,-0.540774610538372,e1
-1.2869590114204328,-1.7248528483498617,1.0489218926176171,2.598500637319081,-1.717115890673973,0.4384785420177948,-1.1047773668315717,1.6559200711160111,0.6130749258400028,e1
-1.499666763846232,0.2010766009974018,-0.6245222400172484,1.4969665425129628,-1.2545566794547143,1.2524911090800874,0.6478995469459519,0.8217026457106753,1.0890660528021727,e1
-1.1375752360739217,0.14171621600154274,0.7347852503158218,0.7659702989011514,1.1897066607848343,-0.6512504345124253,-0.24017654680594785,0.9878604623383657,-0.5825078339851771,e1
-0.6328150194600083,2.029349576485531,-0.20517156153228588,-1.5147656607201987,1.6981961958490914,0.5957145948787292,0.3965588730097768,-0.7303850966122805,-0.7792882963192919,e1
-1.5619577329935663,1.705353305985224,-0.8448764705950477,0.5045437611130207,-0.3936759775658323,0.7523348015246342,0.23375577651449053,-0.8831364344346286,1.1330919758100053,e1
-0.5710730160897659,-1.1899912156371686,0.6667744322166466,0.9569903690073354,-0.3098291560435713,0.5708643068763863,0.4840835191075541,0.6342454257178027,0.7919156182422005,e1
-1.4691336090830636,0.6437794519577336,0.7795562907095214,1.839759575995457,-2.1601018956056084,0.954215026801716,-1.7625964024957246,0.2696438101663489,1.0716236263607926,e1
3.0890370678288104,-0.6070256758979684,0.8461258295752458,-0.8103481778435142,0.07053681433327869,-1.4396375578069476,1.1475728873221025,-1.8861870756842838,-1.5138417364750274,e1
-1.4156395878256665,2.185088622886343,0.9781186159102184,-0.7589798489505468,-1.6683279102424409,-0.1146525325916838,-0.9795026122868989,1.1458326226176143,0.6834934958802179,e1
0.33430217116186645,0.8145431850785797,0.7643522899815395,-0.945801882635315,-1.1605586859959953,-0.21887727433240445,-0.3126679179811333,0.372529303267625,0.38555292667266367,e1
-1.258407053013284,0.8434213724886753,-1.3214689607276107,0.5991795933813242,-0.10385543952683982,-1.0006647315701152,0.1266142254192234,-1.063744012955123,1.0486611173378504,e1
0.07780450010865037,0.2959513688272371,1.6045554620449556,0.16659235759957713,-0.22398776174888124,0.474915914091554,1.8153350041864829,1.1085130745895828,-0.051250921816206385,e1
0.08092701787767631,0.28145823578425194,-0.5822849776609277,-0.34996560938297216,1.6778799918660694,0.8664244290408935,-1.3512032646245142,0.44117345112066075,-0.10201063620043338,e1
0.6603339180601314,0.17471222989210017,-0.3343818151648265,0.830563332233752,1.9665719075934742,-0.9956874232418638,-0.30237070484558587,0.2893261006306,-1.3640559289240457,e1
-2.056227155664332,1.7160875980379753,-0.15222367903132333,-1.2918562503683835,2.2404245232144575,1.35071343921235,0.23320630242695056,0.8435678555048721,0.4572063938554825,e1
-0.4534236317260756,0.050356686448315036,-0.11557767962191956,-0.44691544191256527,-0.3590940036696985,-0.33028027253172665,-1.316601319438783,-0.7856132243358829,0.6724829760355638,e1
3.511107236029601,-0.3140378796143362,-0.24840411509595922,-0.8901602007612646,1.5183412760595516,1.3335805082272922,0.34536092402035523,-1.4323894457694994,-1.756316408660525,e1
0.6480745458360482,1.2311202097545122,-1.3900775162767098,-0.4285148490736631,1.3252182081167145,1.2700427999771426,1.9482448906055456,0.6232122029519341,-0.6856057448082219,e1
1.4895434930895566,-1.6003261902848416,-0.7726301889330022,1.9364120920371812,-2.095094053270748,-1.6712918696203312,-1.0736294375021846,-0.8721100083017477,-0.7593220945901548,e1
1.2602565686553964,0.15006773308701585,-0.026428208891191133,-1.5532143379158252,0.5352029279204686,0.2507506330997287,-0.2248275061142391,-1.6581445002818072,-0.3788860113211539,e1
0.9303054966950206,1.120781048610282,0.1951238800676682,0.4875120328585927,0.42612404706474827,0.7507053464500647,-1.8190026011776506,-0.9164746265950594,-0.8529461886924846,e1
-0.18243375935109313,-0.6879311348621586,0.3982110228342696,-0.21272504221196997,-0.4584629441868907,1.7230249981923593,-1.095009508802467,0.30499082477501216,-0.10969636999839001,e1
-1.191997026144871,-1.0963584990439457,1.5068342402100436,0.40441866949520744,-1.3648957503242718,0.8770559376680817,-0.9602402280805814,-0.6094559411279209,0.6051614754013916,e1
0.42466609512907566,-0.34695597218216967,0.07199050667434612,1.0156115906376884,0.04942889623114949,2.6800449857777418,-0.9488244889254064,-1.6748729363701846,-0.5549613586799091,e1
0.7939859750294064,1.2698210334377071,-0.4269721055700339,-1.5131027209093566,0.31091712548749684,-0.48508242528458934,0.6133735902507859,-0.04027198131071432,0.7226540229078413,e1
-1.130230536177013,2.9444320581177204,1.8841589858432932,-2.044913470543649,-0.5998168986600734,-1.0949931550921626,-1.7767496700111431,-1.2135111027198011,0.8031986086799804,e1
0.895301033934573,2.28660334199438,-0.7095503161298475,-3.5051708534003976,1.8430346819409311,-0.2930360907850259,-0.2553364875176971,0.8005174334287448,0.37121362615399567,e1
1.311825892396096,1.5321680573251428,-1.5391566730451793,-2.226241565183249,-0.5337016031403392,-0.9554114399864433,1.042472800309445,0.38604463424378094,-0.5672677630139908,e1
1.8787217276689248,-0.5087211386723772,-1.6770583161034531,-1.0090768103065009,0.0923537750560448,-1.0080943436622205,1.6672037887020865,1.4691591678848297,0.2107387666750662,e1
0.7943667042488483,-0.2194266498952074,1.2535098526862782,0.6034374842959576,0.019200585534395298,0.17162162170830192,-1.7619753513624898,1.3879670117507745,-0.5304081075181493,e1
-0.5677884926237379,1.091116925286409,0.8400169425485328,-1.802456845297566,-1.435677824022049,0.43785548939682917,-0.13875259153635403,0.07420418129550106,0.364998221861845,e1
2.399288699629319,0.7593473605401809,-0.1934842403284824,-1.9442680450025511,-0.6656972894294815,0.06619648498459697,0.6566398482530398,0.07797254645906503,-1.2338904745477208,e1
0.36525964680700906,0.3992221413244697,-0.5667912995629779,0.8408368904107796,-1.6344162236286524,-0.6785209807250269,-0.15252624734270293,-0.748458295589466,-1.3249450101436882,e1
3.624737983238278,-1.3490550594643393,-0.8541748322852085,-1.5364981988247448,1.7225939173054878,-1.4362186534245627,0.5620646273016725,0.27414222469384597,-1.7942212308003067,e1
0.17123320032219447,1.7509110174007203,0.7058002675600852,-0.12718716054109747,-0.3459594204378226,0.28344626562550207,0.6919376603772264,-1.0286894638450557,0.07756915070304793,e1
1.1308199140273596,-0.365922124739101,1.0039826297744698,-2.2266294019036073,0.9630208057787726,0.5059050498689478,0.06297739800024792,-2.0342203460736314,-1.6679771157273695,e1
0.42174455484655926,-0.23364064752185937,-0.7429664399417166,-0.7873343298575597,-1.752498323051121,1.11666057063133,-0.04211101574461139,1.064761402470129,1.2495251697806244,e1
0.40484310583806715,2.1363221985800664,-1.2786791028612767,-1.9401724980443127,0.5393827822393688,-0.6786048570098246,0.053633890676212215,-0.7150428164432588,-0.6824400037830145,e1
-3.0215756349472107,-0.8886064431816605,-0.5992025210155422,2.7991499602148346,-0.21497011597868,0.7148895736996046,1.2937437396014548,1.1109470704325841,1.0517355425851989,e1
0.7704078457006984,0.5251613141161703,0.07886023918510365,-0.22695795328894208,1.9110470436224845,0.9409447836616794,0.7283101194242659,0.6318006866763379,-0.9394442982379826,e1
-0.002975754573853906,1.3270602712574469,-0.3873896266630879,-1.7520122552764956,2.928616113806402,-1.0653220937403387,-0.12085417073375662,-0.9109432399591377,-0.34503863654931144,e1
0.09004428899109851,-0.8225633378907476,0.21340033696884733,0.4316960719237273,0.163407980199165,1.487324477846776,-0.7556023002801858,0.542873152700906,-0.8024801634931754,e1
-0.036837348057951025,1.6229585340830994,0.37587044473136605,-1.3437789535328553,-0.8479089297659059,0.6130902393359725,0.3058959580652651,-1.1214574510036255,-0.36763237643949215,e1
-0.15148762357133005,0.9957545417990019,-0.33443295273826823,-0.025627671924646878,1.4206884825374642,0.5799308093863479,0.32360202891911455,-0.252593482947758,-1.2588737226466218,e1
-2.1437806719253727,0.14949265502936265,0.28801074920043523,1.9376888917084707,-0.7873278596153592,-0.46634984633349696,-1.2226269443529796,-1.4740000323977667,0.5528970767941226,e1
2.4424997427111657,0.8463357549041258,-1.1412318723779717,-1.2188538399488842,0.4955266539088008,1.0163479120817174,1.0383041640691986,2.152931854017367,-0.9849964286342399,e1
0.9256763104404617,-0.01350155994095953,-1.0348428200385844,-1.3957604124346854,1.0353012798728745,-0.6116888327565664,1.5689185522967262,-0.36312363707436324,0.694253089262309,e1
1.7789301687007595,-0.014944698793882995,-0.9748303475714968,-1.8494676154572944,1.5335449419753697,-0.09317346665850114,0.5060968419064115,-0.5144592876291452,-1.013876299242547,e1
-1.0400639739266146,0.5091725184050244,1.297375140316605,2.1730416688810887,-1.1724592417288422,-1.101504429727265,0.28754078211051215,0.8030606715449402,0.6748612000917826,e1
-0.7893104359385267,0.553916870216492,1.27655005545377,-2.185019091915084,0.4709618059917813,-0.44153485203028203,-0.6667496331179338,-0.32634765123771503,-0.3288495127190157,e1
2.4979800593957053,1.369177695490474,-0.8072884319237023,-1.9549032414050398,1.338218158742253,1.4700959516528538,1.5709214925974255,0.307713728784727,-0.5945901395521985,e1
-2.920170681187788,-1.2552389624523503,-0.4917442003094922,2.011640125443833,-1.265577088963071,2.007289822214705,0.8706392486342023,0.2146234223581422,1.8544215991507436,e1
1.4065571569254456,-0.615576442707458,1.659501140910484,-1.7081288685682912,-1.495425521395078,0.21923771482561222,2.3511627410073768,-0.9036318453902771,0.09065839341546982,e1
-2.302105020246026,0.47030366052129335,0.6931818610275818,1.904601958192491,0.10283846308091404,-1.1157872429347737,1.0942482538172584,-0.5475356669420127,1.8610802725380233,e1
2.061633862755847,0.14692707576934455,0.6788867445352539,-0.8543530786277724,0.7720155676862052,1.89486903824769,0.6856904212330296,-0.5259715621363932,-1.0709752915598996,e1
-1.2281135889301535,-1.4674547465366778,-0.35772274382108377,1.6735954981402925,1.5513221493340779,0.5461021148800886,1.0567282902311017,0.8142762544431865,-0.42559146799554004,e1
-0.5860318065956007,-2.3523260609475183,1.615267023674354,2.9926344519671995,-1.2465389536584899,0.7973295820896421,0.08681955863909212,0.4345745802718856,2.0443012677782724,e1
1.310932264986573,1.1275313194106469,-0.9504767805812934,-2.7540140026811333,1.2190981628120756,-0.25703362913022054,0.47932715996772196,0.4873422535553937,-0.2737607141650353,e1
1.8289529669961373,-1.3419369265470467,0.27148166965202464,2.0032326020688225,1.6539877669644543,-0.5090037417887581,-1.0442271292660954,-0.19670431128677646,-0.4257113404578132,e1
-0.03279972867387354,-0.6074396640027165,0.7032248206800807,0.6976422807342673,-0.7746063636794464,0.2746179754275383,-0.07257977258541123,-0.8023383773995575,-0.21574616983087436,e1
-2.1815757154160726,0.9237782338218075,-1.7560473603277018,1.9471056409231289,3.041478951905491,-0.43592432770824774,-0.1310844954336594,-1.2689051057755165,-0.24003579305347608,e1
1.593356050875769,0.11735839958955424,1.0787831255730735,-1.1381676017351703,0.4036021263739546,-0.21348962757681686,0.3590380851710764,-0.20068848243109905,-0.6613841655724368,e1
-0.11073127196236537,0.1422976427409807,0.5983379031523371,-1.8780082790004609,-0.38263095214793136,-0.8644978196885922,-0.5575665278010542,0.36218494980915233,-0.28008264069593336,e1
0.6463116498683058,0.2766330684089351,-0.3589413964381297,-1.725271971674729,2.1126521232929094,1.204727220890745,1.8193730159368842,-2.0808917635161186,-0.0992633575590675,e1
0.7920060130311934,1.3563454189170123,-0.9509112361571941,-1.6782984835640944,3.0114962198653403,-1.2411308789858027,-0.8547503919738124,0.5677025999022772,-0.33181691756826287,e1
-0.5653513583213345,-0.2601700330171839,0.563046512872743,0.8436569657914795,-0.5815934350566597,1.093407064417799,-1.344830616717996,0.8958572144629066,-0.1869044330532131,e1
2.10270564109588,-0.24060474040705282,-1.72792910702095,-1.4033918747591883,1.28971643487801,-1.773360046747884,3.3586053478338584,0.2701263513351705,-0.07943740574286785,e1
-0.45837996033619205,-0.03926167021778014,0.13548314801178732,-2.244358677227604,-0.5953105870639233,1.6901191546102352,2.2090602023474712,0.2712067141671739,-0.2178153062876992,e1
-0.6701472751345886,0.3401103727158133,-0.566864513783824,0.7150350897469198,0.9970340846898555,-0.7078624281640515,0.7962598598161266,-2.089022003016891,0.5442465461283967,e1
-1.581585542248417,0.07011985126061432,-0.4247191492308812,1.0553577813009947,0.5493517816966738,1.3496441523061589,-0.16797966445006599,-1.0250440708325903,0.9496148447628325,e1
-0.8270191817083299,0.20263638873084192,1.6222021719095339,0.928300487248175,1.19157931441543,0.04444174572441742,-1.037218850614196,-0.1377705531478015,-0.3770489212690561,e1
-2.024090961946498,-0.5898854871130322,-1.4864298090164225,2.7844973368192827,-0.8540301758218891,-0.6303962152553436,-1.0296852792987985,-0.6632861189055114,1.1265614286083514,e1
0.17728267688323274,0.9802534105787386,0.352764780540238,-4.830894785823072,2.0025088100054482,0.631853351111641,0.04704559710198353,-0.9548271985292295,-1.5943116598327054,e1
-0.8398989812415861,1.548361443320631,-0.7376530773516409,0.6615691861881363,0.20894902199311305,0.8585237265712936,-0.10798594023287063,-0.983099402112952,-0.6981697554225188,e1
1.176754467097918,0.04345749573284004,-0.46564880510218487,-0.9565604555530313,1.0810866589879178,1.5853859789652947,-0.0077365681645055655,-0.17118373654926095,-1.6924081328074225,e1
-1.5780181861547111,-0.9828882934022874,-0.7957812722817955,1.242016008996984,-0.28260745920208247,0.7070448878849126,0.03895849337245522,0.23275060940878675,0.4704194117398388,e1
-0.15600482059570359,0.4267135341673387,-1.353916953811656,-0.9168521273571263,-0.6106474984220569,-0.5645716138400088,-0.8762730677280471,0.9673600996422527,0.26561590061549106,e1
-1.4010125237327138,-0.17159940497511011,0.3405439486647262,1.3807060632070893,-0.23429579317622778,-0.33320901073622505,-1.2360921659190989,1.3916854788972175,0.0035208189979058714,e1
-0.2282384949723587,1.4570229293244072,-0.11608806949434022,-0.6653265739230759,-2.820565101481732,0.61648033958695,-1.3001779349101248,1.2566174712107177,0.1525824414277223,e1
-1.0527575320577327,-0.38410178002743056,1.7054046576577178,0.9486889347325622,-1.5219272926007004,-1.1614955398789493,0.7940972251003299,-0.6165361413070873,0.5872953682042145,e1
-3.390189485861543,1.3579129855454142,-0.275582891488997,1.7503125502994585,-2.614944295495814,1.096418538749171,1.6992375887108524,-1.1626601756631703,1.6280036500224762,e1
-1.532580797352848,0.16974008741244045,0.1708872453006866,0.03180713608293817,-3.142506385676602,0.20796686330531436,-0.42325562925018984,0.2371788749449325,1.5381898448714513,e1
0.05002323584753764,-0.24518304251355372,0.47913920741882193,-0.385454125917045,-0.34374322905805793,2.252890600065622,-1.3040730657019006,0.4193766278792238,-0.0018910536212936742,e1
-0.6806224599578135,0.32500616756530215,0.4658068125254129,-0.849676048870912,0.23798501895825852,1.0630935226262348,-0.24113906560509116,-0.38563587960838064,0.02126669967020484,e1
3.3386568195972695,0.9890163324905742,-1.2903853187406018,-3.2323500504047846,3.0269874271708823,0.6770451423463373,-0.22417130822287962,-1.6466939599678985,-3.279847417786576,e1
0.7871432012650313,0.019401671533399976,0.7253847192692935,-1.2568208343659892,-1.3307760992393027,0.6231472828157543,-0.5672555881665183,-0.6839592556903039,0.015348647559919307,e1
-0.46841333187654677,-0.3202330488894745,-0.22214902945412734,1.482003765519467,-0.9685351706497666,-0.6062457325888799,-1.8318240463146396,2.5260322330151848,0.8311734386469972,e1
1.9429312432854042,-0.5348455366752275,-0.1766039533956149,-0.2411930937185549,1.0077151733720222,-2.373780065554588,-0.5342624412004447,1.589054570460725,-2.77131956472878,e1
0.8050956034760897,-0.9251592130458727,-0.11819378578762686,-0.7140337154042516,0.38254171476558174,-0.8056615944762469,0.8908051378085936,0.42946268299053797,-0.6328711655218188,e1
0.3060108559456189,0.3618841704987878,-1.4575715024969167,-0.9878215501457237,1.4675257627774456,-0.4868073280767815,2.307521416688075,-0.4064676712313204,-0.7497091799227321,e1
-0.1501829633031042,0.18095331227167,-0.757625713529801,0.2424650604078808,-1.5997322197977226,-0.7890338936426381,1.3972607765683909,-2.3232955798710937,1.4429598997369604,e1
0.942205188990544,0.5235042181457736,1.3718989057526838,-1.1224452736311754,1.3603626160991549,-0.20571979391824632,-1.3743506514891835,-0.19933018167951955,-1.0773257276387413,e1
-0.656217041455391,-0.4378346913436335,0.5341517160516074,-0.046071796961903555,-1.7572710260095803,0.6438223738142314,-0.12568436219496387,0.44730503653016596,0.0022604160504382485,e1
0.29041028518215056,0.2859711498249573,-0.05663550955256365,-0.5744749046505935,0.13264152159996592,-0.18131610755639993,1.096278534920023,0.6449391933616024,0.23267775729274995,e1
1.4964851072050516,1.8058173984803991,0.32682126248716853,-2.134891362458869,-0.23440191561741763,-0.6411984370471902,-1.4189320850908111,-2.0159047343175738,-0.540324861342859,e1
-0.40166279960686846,0.17684078977852746,-0.2246849514975171,0.3706296791374863,0.49495745495386123,-1.568572487020169,-0.11399327423206813,1.433776860344497,-0.10092850349313086,e1
-1.643571422632871,-0.4350128316758095,-1.1101476791367422,0.9231341407974448,1.9162957164974244,-0.18929115549144748,0.18601737457726206,0.3433157346412907,-0.05779839311088643,e1
-1.1568369095014561,1.1118369385590807,2.291904306819601,-0.01491626643777258,-2.1852701527795095,0.3029968351307855,0.01819990232520042,0.08174051996997526,0.7685824759797211,e1
2.1696641358587794,0.14415032692173693,-0.6408138850057759,-1.2439961868601306,-0.42966960190236403,-0.6803803576900198,0.349472395384067,-1.122914161361959,-2.0015390644167037,e1
1.1781667394092181,1.2007337591901728,-0.25273715951938835,-1.4275699487793485,1.4864135297056855,1.4563911743253586,0.8712550677647508,-1.4199646434901008,-0.1272352139798184,e1
0.14074377281870243,1.3317977006515527,0.7048998320169374,-3.8757035124183448,-1.8036255961276566,-0.35803396420383515,0.32091893379268094,-0.8419863782096383,0.17537278355536098,e1
-1.3139208111678253,0.03886119211031337,0.2089025464157384,1.5766250934071966,-0.47062702835855663,-0.364637848969853,-0.5693517436197943,0.24048493674412835,0.21085983842244632,e1
0.2784290211867054,0.5896845667660635,0.316849048522312,0.012948174225477671,-0.5298378412950825,-1.133210553182128,-0.62448451490888,0.6569450072451517,0.6971317616417931,e1
3.4125177424314517,0.3517869309706032,1.529531119361013,-3.0390907829310616,-0.5742491356942846,-0.626076410963993,1.0449773698435711,0.2516764724793655,-2.6023489312916186,e1
0.31739964298169365,1.2274216981143176,-0.06962450643641249,-3.1794116300012147,1.8864877002534626,-0.6596188974744063,0.7675882106562407,1.1542886358676765,-1.045072862276935,e1
-1.0200121053107574,0.03214440679367847,-0.36108774026682394,0.19092873954546663,1.2351271540039563,-0.12496519484592113,1.4405584313466917,-0.05260398126805671,-1.0246134778181564,e1
-0.0441657795150211,-0.7843597285123398,1.6644723629458036,1.3081033650487845,-0.6618821165961531,0.6290026988299491,-1.629098565559927,1.40703187458632,-0.7461522221897307,e1
2.2075636526926523,-0.7833916238240162,-0.1823142797044898,-1.5220887750224923,0.5556863280458566,0.5481682453107206,0.6337494838157889,-1.2564554069550133,-0.8922036681015522,e1
1.0391065986539465,0.13187029414888915,1.995965310112162,-0.05392948252867924,0.4316270144939308,0.8319658126111085,0.06918109752399317,0.6507738236345542,-2.108666105152931,e1
-0.3762764846297493,-0.7589530462223361,-0.40320925800407614,1.0788269689618637,-0.0448717433542874,0.3808123617435473,-0.5031654296996826,-1.329903613383235,1.0881887307588447,e1
0.530415060948809,-0.567917811556794,-0.3508358430168213,0.821542447595001,1.2023277304219975,-0.05050925834197472,1.2718849627322626,0.42750993260852965,-0.060195882678311385,e1
0.061161813561251055,-0.7601146134061276,0.24716977490979183,-0.320925451682735,0.9839911964725755,-0.45737524402712865,2.0817605877959786,0.6309856809281511,0.8529712773571271,e1
0.7687877337293274,0.6848271632776907,-1.6548180912417085,-1.0302407253714116,1.8298820958220252,0.9288939328737449,-0.7398298680715093,-0.5971364839665204,-0.5290629219393935,e1
0.250778418120435,-0.2504860397291742,-0.4978592665553958,-0.16749881994715063,-0.8794911894458002,-1.3781372353515697,2.021902942326393,1.4894142354570137,-0.2480921404544757,e1
-0.21302378199198152,-1.6941976413660431,-0.23774344039143375,2.8341393121765006,-0.06431453216394911,1.4112950963687945,0.9922094257739825,0.3759166347712139,0.6814309448516376,e1
0.6390537893744257,-1.6808434134512202,0.5527563028140593,0.9982073538102785,-0.1648724962677509,0.10260102046311241,-0.5008208206070298,0.5956381649208963,-0.39061535520243457,e1
0.8145582609017977,1.2209004178055087,1.2152456528757727,-1.1002774651933942,0.9773245145047829,0.3799204909396296,-0.9618220002465937,-0.9509768132784054,0.3618392032740203,e1
1.119481239015586,0.736598638706346,0.6486196998469603,-1.542527005295457,-0.5518435780020478,-0.19209373050250883,0.18744371192783885,0.03831741046747177,-0.6873763426283445,e1
2.1215307968053994,-1.04423218897351,-0.1734412639762475,-0.985505419613937,2.4898517794862585,0.3063828420264962,1.1289743505655951,-0.6562697823515949,-1.186396760176802,e1
1.1903313338471417,-0.1876442607439813,1.5125869095459117,1.3246283330210316,0.7619376173444853,0.8513471484704013,-1.8056351837400555,0.018852759367420063,-2.1973451602637413,e1
1.8528392672957488,-0.7520025748440685,1.0942216848474264,-2.1171899739475766,0.16442465889497543,-0.6073104469535897,1.7461993690198436,-0.5838249742002438,-0.312229876842322,e1
1.1964532210403946,0.9626264228590458,-0.5027164960598982,-3.0327576056407253,0.3576158067475317,-0.8923716754223705,0.04396147165473851,-0.8892639850893709,-0.1424468181653334,e1
0.6475406041334857,-1.3408516277216949,-2.040056599659799,0.3905975642027363,1.78456857098675,0.17919267329279515,0.8743211303761955,-2.308953223952431,-0.5296548000944615,e1
-1.4083599488717762,0.1977565897355892,-1.5809857784718706,0.6570434284801236,-1.5383342510876767,-0.9858557216943329,-0.09239386536572347,0.01908213339542365,1.254222828195623,e1
-0.4759787378174998,-0.3964433080297631,-0.6394563962694424,-0.5418673717652389,2.053200800487053,0.0030806729087033023,-0.7636348546108089,0.06905329197207098,-0.6244303074238824,e1
-1.158859354006851,-0.43091929039105786,-0.4288864279390863,2.664703433725712,-0.677947156774968,-0.07042400450930066,-1.4955098640887963,-0.17328597735206164,-0.06615830334292713,e1
0.3985751772744681,-0.8063644716780282,-0.8234540563113549,1.633053383308958,2.6880341607037392,-0.8581965729574323,0.8582082775332436,-1.3602861303595168,-1.7360319014982015,e1
0.6107513896768624,-0.26092036850644607,-2.390026096090456,0.48411195011919056,1.848857070878692,0.21497877891467398,0.5203795846491495,0.8323400978053543,-0.3272745859591551,e1
-2.795842746045569,-1.433780184317659,-0.9678367680094494,3.0628597500070933,0.0565702366095671,1.5993576193349819,0.18361975796343177,-1.021835166923794,0.8323417671398196,e1
0.13450324146055587,1.2671223228886763,1.319466280458468,-0.7290560794382662,0.3670445530578176,-0.779442244127222,0.4486572224069927,-0.5121599007440324,-0.16266976019578513,e1
-1.0140178019937955,-0.567926386323539,2.169223139233625,0.758444202748394,-1.0595191238084487,-1.1636431652652588,-1.4784006831720355,-0.3279242495228685,-0.5677270318422148,e1
1.7408898218042368,-0.43828454320975413,0.9878403037236878,-0.8901738277262251,0.6828374932853388,0.5408194081680185,-0.8920097093827548,0.2518160847589652,-1.0364467223367853,e1
0.06981605150499537,0.5002286651037433,0.568358101273633,1.737028981076136,-1.6061133920981314,-0.8479304093646338,0.7075804895359524,-0.15462853298822624,0.7346199086764965,e1
1.9961119912215677,1.6033956042405602,0.2307135919009172,-2.6420496349698643,0.8561043156184223,-0.14215961507270122,0.3313596206217603,-1.8446162358790699,-0.49661235452913394,e1
0.5691832563050616,-1.5499846008200333,-1.1547332728013704,1.2040933678381085,0.866565668661851,-0.32663757155267265,-0.10638144508690953,-1.2439848466016188,0.3232202997105738,e1
-0.07320264480892646,0.1586491415985895,0.5144001849735894,1.4900642028780182,-1.3716493057307415,0.3362262122369478,0.13482574025447538,-0.7291118588534625,0.21198434966840116,e1
-1.573718170029235,2.0405222480907317,-1.0494375602230595,1.0415844783566874,0.1915651635799766,-0.4276759727394326,-0.07124037748511222,0.2188018047200856,1.547468644332641,e1
0.44939287500810254,-1.3980108271078442,0.8569658355899332,1.3979989846529242,0.9100317387533223,-0.7269922709167402,-3.3575410809778807,-0.46391443244921743,-0.11349819581954934,e1
0.009029267129843477,0.8170237619706282,-0.18012589440831175,0.31367028010841413,-0.5226865949495166,-2.000094846466531,-2.049657718185616,-1.0720304518006996,0.048412947862844495,e1
0.9012956211162384,0.2737630321808521,-0.9354153642401996,-2.012349840400279,2.2159632293824307,-0.644320793080542,1.5840057724929055,0.20333951697926597,-0.46851523710908827,e1
1.2488898019590797,0.3364762473822376,-0.9731088386219643,-1.6771643950586201,1.2801020211301974,1.0184813280675091,0.16698176632915135,0.20421996521557134,-1.9488562367542785,e1
1.462007161294486,-1.077632588958488,-0.14328076134752368,-1.0312727544117557,0.21512934897199482,0.729689715633237,-1.9924848002301379,-0.9102531905853314,-0.6605697472870636,e1
1.6761013091504953,-1.0017887339447018,-0.09257869093560442,0.385158365825492,0.5501203082220357,-0.1542042484670334,1.6137813556201042,0.9705922922492587,-0.49022206627287623,e1
-0.225589773646949,0.349164508174184,1.529011623309411,1.4052299333582916,-1.5781410058043763,-1.0233506975357134,-2.023039007698996,-0.7740637590032667,-1.5420226656546443,e1
0.09793874783187571,-0.5349323133982042,0.9642784007250093,-0.40653315888487146,-0.5356175544762303,-0.4521726646967135,0.36482698614643433,0.397024766107657,0.0887572432351426,e1
-1.8749038937147637,1.542034486500379,-2.2356913794480424,0.9004669648406063,1.8110131539287586,0.47334469844224203,0.289238303881521,0.5958256144217293,0.2732559735864356,e1
-0.9017106229416938,-0.22062744144349306,1.6828436391931079,-0.4448977159359849,-1.243530664899042,0.36231405810450906,-1.6515912673502637,0.2066385888088377,0.3862316310390569,e1
-2.1897695176589638,0.246138633559102,-0.3241735620723673,3.7646969432328303,2.1839412249282075,-1.2666329836085681,0.8562632464363887,-0.8458001973390705,-0.30408785151197837,e1
-0.7068937213750158,-0.012562269426805476,-0.2828303154837753,1.5079003836768283,0.4389208166388404,0.3005192036423817,-0.36785266997009125,-0.8174829009261784,-0.374922080635149,e1
1.1846538546981318,-0.006526423076004502,0.33599661671519837,-1.5478096980055858,-0.3195396398859282,-1.5545245410292883,1.3307214852235305,0.1480077002562624,0.6799339488144951,e1
-0.06688806966826588,0.18667972388160148,-0.15624988943418158,0.572033016535588,-1.087452937269527,-0.4915433333042513,1.383039826091884,-0.4536504293660562,0.43557156841683053,e1
-0.3146851088686432,-0.45565771738951105,-0.21734818462679806,0.5897728120694053,-0.8236057878352364,-0.46868617125447415,-0.13834444173111113,0.4660347740576216,0.7006385078540692,e1
-1.1542525637817818,-0.6737482673847881,0.8722487837583999,1.7664739790263941,-0.47952819273031877,-0.22978489116145506,0.3470179907926345,0.32225048629852365,-0.3412399937227313,e1
0.05240631562547238,1.4256148514671798,-1.4235200090202622,-1.8170466425985428,-1.7229408506406843,0.3452101031206208,-0.8890904938007456,1.3129689958871427,1.3839285621397823,e1
-1.1169284613550177,-1.0252100285862535,-1.3837547448208143,0.1700280943457282,0.3329093404275297,1.3293105686976612,-0.8076272631632935,-0.6142520665829558,0.6895633915237194,e1
-2.2963022897338994,0.06473674771789618,0.795806956981243,2.776291295705019,-2.536291173433426,-1.2446861776328961,-0.8941505168650624,0.12682996767705593,2.226157532909692,e1
0.32011177869701873,-0.5216598486194175,0.16166078067872053,-0.8568339770097525,-1.3560707722204746,-0.2966549034369956,0.22048966699868702,-0.5030633813183771,-0.47796619556151937,e1
-1.1777129464738514,0.9393000365094021,0.006557802845503081,0.6529604203762722,0.12108102037446894,2.8340417273786604,-0.6109957984622922,0.44639837861595183,-0.24767400719077806,e1
-0.33599943134772936,-0.7146093728787952,0.1373077992983256,0.8275395434677097,0.3641984017711499,-1.1730845622862265,-0.8657070597981985,1.7028193456989422,0.18186429506187304,e1
-0.9399434263487074,-0.0015120818505638283,-1.2084072078826666,0.3909768101690488,1.1315969591378718,0.3451808411862886,0.7237959862275865,0.21455420249767612,-0.6031303336809355,e1
1.7319391096209964,-0.3518712641769235,0.6430065585764558,-0.9642028338092297,1.2385340919376224,-1.770246294244474,0.7430621679995985,-0.6305337039772707,-1.0766239957281079,e1
1.4948693350219249,-1.089351783878266,-0.9509203107578077,-2.365701114803428,1.9642006689809528,1.3556629251815,0.7624077148841462,0.2811225018693889,-1.0755399898280356,e1
-0.46526414932511206,0.46501918812539544,0.9875023500074198,0.7366633052768414,0.8707630281273578,0.09119745701897225,1.9206000311850284,0.41963600158605013,-1.0087420125095214,e1
-2.762729274074926,0.8007379843009468,0.7442310086195686,1.6890614237313817,-2.559941926883465,-1.0075675066749659,-0.865345665910916,0.04702189885476174,1.7482997779746694,e1
0.741977905745967,-1.1265807776799517,0.9502149284564684,0.12295584748314156,-0.4845869590385492,0.6988621454873074,0.4734766799566264,1.4577506419309056,0.6706402618238122,e1
-2.645259737751381,-1.2137766242221553,-0.26312353491838375,3.2031017260262726,-1.473922542833836,-0.8895253480350992,-0.3573406059530839,-0.10403367939970119,1.8620650893963293,e1
1.0591624978948595,-0.600178357315948,-2.405419914170614,-0.5417407942666704,0.20754675789233712,-0.18714482015816192,-0.6958175476969027,0.4857962562473933,0.2607788013438492,e1
2.7215528915964815,1.0929506979435542,0.32264072547660605,-4.228481182511587,1.8711234779312478,0.54739312404976,2.3403173889869593,1.4666593482079924,-1.7877676853009028,e1
-0.2667163165033234,-1.050853639898791,1.7567302124025619,0.5195308290497782,-1.1272821586079187,0.3033183992623845,1.148118728280913,-0.14727620926494886,-0.9322521011505661,e1
-1.738005092909901,-0.9342015531044076,-0.37433332576882755,1.4377966053282822,0.3977610325827324,1.2499833849129234,0.5285705991934766,-0.03497333237831464,-0.09721620998944212,e1
-1.1782039698908602,-1.4875294978096614,0.2927603967345856,1.8144152399928126,0.3100530126649337,1.9686500595940026,1.1600191600892975,-1.2922340287546255,-0.41265527678078445,e1
-1.8740785324437368,-1.7035721995437703,-1.6226616537517862,2.349313515467865,1.2885939057979403,-0.9233298191372076,-0.2730088692450437,-0.7742910169747617,1.739802536306404,e1
0.02407963047254677,1.766472450007367,1.581220462677454,-1.4923009456738252,-1.7404717038016575,-0.48184134158035136,-1.0292290462470146,0.7815324370184358,0.09985553295147104,e1
1.799092701959156,0.08589435900291667,-0.2745786562122909,-0.5601876916132592,1.49228143355602,0.39875000390464355,-0.27528997751361295,0.19166087433151321,-2.0923051467265004,e1
-0.9211566903254101,-0.15721214689881347,1.0764196740388703,1.1877010559921555,0.9916944995192165,0.9703930599378958,-1.263947241508605,1.4637176305785276,0.7204688460789909,e1
2.118704424938622,0.741148925082683,0.6383460284210264,-1.4163083616691623,1.153115879398568,-0.02817925035733744,0.5963575883391946,-1.4880835661514393,-0.6646356252915788,e1
-1.2632523978526806,-0.1605683701971361,0.21734601456706437,0.06334686602590556,-0.09863849699390209,-0.0792540311942055,-1.2775733339244706,-0.3227806662249279,0.6224777504037935,e1
-2.4722127965194027,1.8485076221794934,1.1089752703776308,-0.3033843938187475,-0.013856896353599879,1.300530931382335,0.4548207545798266,-0.18748110832423753,-0.41870676354507047,e1
0.34984210320177755,-1.6034988076573302,-0.7339909653283949,0.9661358790637388,-1.1569389295283858,-0.9681316343544162,-0.2596805419392373,-0.5727612689592272,1.1090817105676183,e1
1.267906789273763,-1.1957430882483933,-2.5665290632552433,-0.863581507179963,3.9549079651863535,0.012032055989946777,1.422389202237172,0.16811554066239104,-1.8848883645055494,e1
-0.7462143572672153,0.07456594983055502,0.3008689502399604,0.6025821113328991,-0.8319666311104684,-0.03499230870554505,0.5249402431733391,-0.647032429788791,0.44492906227599915,e1
1.5455676779824583,-0.8059645365791575,-0.08708008717053622,-0.69940872329189,2.3939995288155087,-0.4504471022508257,2.7171831273541343,-0.75450177121525,-1.7965156283551724,e1
-0.5815404387702603,-1.5788264519690924,-0.09431661726257547,1.649833529736249,0.8827566319252901,-0.6407986555520343,0.22670374961368567,-0.12848365721874005,0.9868694421834497,e1
-0.2187176246835158,-0.6540079062847266,1.2294283311561711,0.39598765566730126,-0.35514001889838615,-0.6101416264385698,-0.10726588564574793,0.4845277835123688,-0.3240994615419292,e1
-0.021876866511415627,2.4052102571143985,1.4898561720892638,0.22507035277634824,-1.1980711792292291,-0.029010274970011043,-0.47424666161211354,0.8495727439490933,-0.34349829164895057,e1
0.649203955932353,0.5084788743735545,0.18489602861060855,-1.0282137838943106,-0.1862536020751907,0.3770128484867239,0.8975761882843816,-0.8852329553621527,0.26185014633639625,e1
1.1052687806886408,-1.3869599680163542,-1.4381579400501636,0.3025558458578121,0.8296492169375846,1.7355700005528645,-2.237867473547984,-0.7511698658993695,-0.14429642940172177,e1
1.192367631545528,-0.3556849165163359,0.0018383339340982316,-1.6762803618068092,-0.3319868900791781,-0.5058429945126287,-0.0556544738657838,1.0865829229051038,-0.13304889928428965,e1
0.1306527609663462,-0.6814471399397033,-0.4568325459592701,0.9497477001839196,0.9078368964233016,-0.8911497697960067,-0.23615880423160815,-0.4997847410170141,0.4811324870739124,e1
0.731338897575525,-0.5742142649006806,-0.5956358116117426,-1.6348090944599631,2.4652907977994714,-0.9836002145013388,-2.0788637866586392,0.11733875061412961,-0.7225667257335437,e1
2.4329943235065725,-0.36224986926802033,0.8378080623529643,-0.625747779816235,-0.16015127316864253,1.2538721691212993,0.6350859331206616,-0.31368577181470636,-1.8629099750858082,e1
0.45012834289214826,-1.1096282278465077,0.6707267930141015,0.30701174949653315,-0.2982735938692725,-0.47922780242386354,-1.1356414639990253,-0.8110602444518606,0.3855308143407165,e1
-0.3150262277227943,1.1354585042271754,-0.6123895690174165,0.22201705306799402,1.4966373646041857,-0.11235255038261954,0.13161510175966373,-0.11372397518413792,0.5148091315149469,e1
0.8748640970028899,-1.2592473202553138,0.15440614507533545,-0.12506954953722935,-0.33022919645845195,1.2940666509656777,-0.5263746840168266,0.15459683433405463,0.10798960905623237,e1
0.4184105898515724,-0.27209695157878355,-1.1853049688312225,0.33249010082167074,1.7538608078600857,-0.8315000167576289,-0.9089418466094291,-0.05422822460721737,-1.6855752009566805,e1
-1.613300761600006,-1.4045693568668067,0.13741799050261816,2.2905184474899425,-2.8375266821628653,0.5834596089543901,-0.11861796831151482,-0.30788116875966703,1.5896808723844569,e1
1.2821770533181183,0.10391443527592117,0.39280993980722434,-2.0300184558666077,-0.33334166748352645,2.0387105445129183,-0.7605103243601599,-0.17877788904899145,-0.268049012698376,e1
-0.5218284110728695,0.8519919360819832,-2.1185246977598564,0.886315512347759,0.3991177268990007,1.9881032080962762,-0.714449349493335,0.3955072457450195,0.7575239883878075,e1
-0.6941366805899211,-0.2054165713217813,-0.021592172806252044,0.940745636094511,-0.4510715156966029,-1.6032953703328434,-0.3271587607586548,0.46642438266732816,0.05399172364861612,e1
1.074669828774555,-0.6785624140679449,-1.22780165066505,-0.3490806023601711,2.9322723421287256,0.5913778605457076,0.1751123032860276,0.7647937527426817,-0.4616828969063801,e1
0.9588947576930624,-0.8666143979289569,-0.8811361965484531,0.4026846834500387,2.9960162195246998,-0.2271641635261358,0.0509071396425258,-0.49376077043055716,-0.5756573521151919,e1
-0.5321295677413421,0.5065002336658317,-0.330285593644504,1.850650639622044,-0.5110655899359983,1.4349335644892438,1.1930456063870565,-0.37355315956687185,1.2749988636579204,e1
-0.491318459873464,-0.847337214027311,0.24208349435113155,1.3774402992216994,0.02698846946099348,1.4232373650747994,0.18601059549396237,-0.4420579563278167,0.34616088601804557,e1
3.2722314871034115,-1.067410931138516,-1.5905493234411945,-2.8301673708011887,1.095146526559463,0.7180961795188312,-0.14156945009513905,0.10631608724981563,-2.136771607991235,e1
-0.14640661739103145,-0.22263504783178922,-0.5224976241486786,0.8640690448687334,-0.04529568970045407,1.461731783058493,1.1825626818932393,-0.6802428517573698,0.7693207507677255,e1
1.6384074176668997,1.1046204799100605,-0.7707334217217374,-0.2416908737910508,0.7351702164642966,0.11720318948441884,-0.8478053452062259,1.1638024770297577,-0.15676724880406062,e1
0.5120965509483386,0.44095998604642495,0.7588588682198669,-1.3325886041602422,0.5439683740998044,0.6810800088551263,0.45485181513992323,-1.489523135506015,-0.5381383745291406,e1
0.9125517969348121,0.6738496713106905,1.235871911763874,-1.9177448641358241,0.029093680685401274,0.12387344311417818,2.131979236625588,-0.6449697946380861,-0.9780229675997221,e1
-0.6369317854566856,-0.07005530855122873,0.533296315993048,0.3110567096433574,-1.7434729952815777,1.1967773426534207,1.7788486014620704,0.8863168686025384,1.7718314477589758,e1
0.08470341508534157,0.880573181746548,0.7606152961497604,-1.3841652584262203,-0.4217097892509644,0.4567491576601425,-0.9715701442562109,1.686170059394674,-0.11335720563128994,e1
-0.18492971276947567,0.7539354472664053,0.29001466383779617,-0.7453601240155243,0.9782620940071224,-1.418035381508225,-0.7888620762168144,-0.2216245967752662,0.8500473429056278,e1
-1.1088068137875087,-0.5144627845851673,-0.061178070590223364,-0.3271577970975623,-0.6859017889485526,0.025383377052904534,1.380472826741231,0.22132460687968497,0.7533058773219917,e1
0.22066796874496253,1.1459321878528634,-0.1911665875988741,0.6093563158619869,0.5588777323191356,1.0065134404784433,-1.0142664195212137,-0.5320478879598378,0.34374992036988855,e1
-1.1945253250282823,-0.2262207182777312,0.7417734036640907,1.8992220582898036,0.18312749068290013,-0.8949209233069872,0.2996670475550628,0.54128905725305,0.48149866709150296,e1
-0.4902331963237574,-1.2842944726391072,-0.21202336737640778,1.1535471115588456,-0.2368905287085803,-0.7299771394714607,-2.9167608886659893,1.2308694044738007,0.5771331295120178,e1
0.9468915982209875,0.10389399632221559,0.5576250716746827,-0.0746075195631195,0.7733326463065715,-0.06896105110872618,-1.0506745661914623,0.3691761761116634,-0.5089888217027038,e1
-0.6812145910987982,-0.7771476468564328,0.051346891502909574,0.36407092707254285,0.5146200562055645,0.3398922954859798,-0.34460227898244866,-0.0054103535562276235,-0.7958389436306255,e1
2.1061396424744294,0.5114220536653331,-0.8800576823413279,-0.039580044694283334,1.5240599205321184,0.326378532109263,-0.3690688651517271,3.4972726265662066,-2.4915353829436353,e1
0.27054140626216905,-1.6815312559699822,0.9488777844372793,1.0998895441464018,0.34539995292788417,-0.7365983856273398,0.4712957194484244,1.6440209636856098,-0.18312683805082666,e1
-0.10077113526844128,-0.28059839704140216,-0.018859274046295844,-0.6403856693964627,0.25489266398628013,-0.6310790652514551,0.8226611578094049,0.030049868227303937,-0.3625009694934361,e1
-2.2015286583319287,-0.22302586106646857,-0.5742379003095758,1.031469001888429,1.1125495780928858,0.6740512629708231,-0.5599959225327015,-1.0161599586353276,0.8684354885162746,e1
-0.7019519919070776,0.08552575842407506,-1.525627730956217,1.8257121596062102,-1.1301732371403743,0.521755505915438,0.3423733342263727,0.41956426240475003,0.922159835980509,e1
-1.525873044350357,0.8002404796403305,0.17071834190778132,0.5805985295423595,-1.9069308516004242,-0.9231969193996162,-0.8496883731216198,-0.686730626939273,1.2956132761876944,e1
-1.2363730189754971,1.2642960157877234,0.15774385815691672,0.9796179567965089,-0.39913990882074357,1.370552900413863,0.16351916441313993,-0.3612994698184827,0.9398000030563779,e1
1.656944163244004,-0.06203975986624849,0.39424885781421654,-2.261800806874973,-1.5073289311018758,0.5129657530904232,0.17891404546434247,2.0707556975048993,-1.2779747143657285,e1
3.0848437231520967,0.9640667745097763,-1.6634499575961095,-3.800812536168662,0.43818739098002757,0.9643196251894663,-0.6545790285969562,0.6877944658386442,-1.134071598011151,e1
-0.5486563463796101,0.8458790554279276,-0.6260943684204594,-0.5775920934550741,1.3662451225074208,0.07569091879753106,0.8062416755559296,-0.17185242517584864,0.33476157562509734,e1
1.1432267509325587,-0.9764983016066945,1.147676444411285,-2.1805870598703123,-0.22441206745747866,-2.1722690739879464,-0.10355383794065293,-1.5229431931623054,0.6413886904433187,e1
-0.8026066858267602,0.2629357723706828,0.1699029457352973,0.2516197241816044,-1.2470115883437607,-0.6078676899270601,1.1660495754063214,1.611179369096474,-0.5444340312211239,e1
-0.6980492548747157,2.2584570218334683,-0.632718761942311,-1.0901715138713102,1.284524532985656,-0.5452401772810406,-1.2099657113658846,0.1553326512642961,0.5166691622497172,e1
-1.2945044502502319,0.9413682777917188,-2.2896764791603954,1.5956694048629463,2.278370156221703,-0.10389730430120445,-0.24345267010886176,0.039136186471659076,0.2994667747909234,e1
-1.1049096944098045,0.34391017971948784,0.2650485895992711,1.4429241370398016,1.7444986693795133,-0.5806692568854916,0.5088388827368612,-0.5398847661076918,-1.2335842857921842,e1
-0.9868218230940288,0.12344982762125528,0.5367940754545477,0.9376031555319848,0.5285847327556585,-0.48965278247500277,-0.4919275261199509,-0.08486260518239169,0.2248251362325683,e1
1.5376760409822379,-0.18618207514504118,1.167781288454714,-1.1847830007594813,-0.8899133454935972,0.36057747639745075,0.04029483305288428,0.11741391541961445,-1.5532133855652765,e1
-1.927108453669803,1.53749396481533,-1.4694287896154203,-0.7081625149950529,-0.2571840998267665,1.251470573035024,1.6572725941747275,-0.6913520361414064,2.1273939645220454,e1
-1.039632590680377,-0.7132633476836574,0.42647282173796025,1.1070163700308016,-0.04655739204576649,-1.605776779487397,-1.3438464457085337,-0.21630054991006462,-0.24017908952180414,e1
0.7116659606227594,-0.5728653270146665,-2.0855957678201205,1.095722981822298,1.6934986447004394,1.294176651844279,0.8648580848591221,-0.7207715670394585,-1.4590990184674946,e1
-0.7065772062444813,0.017643648920626285,-1.061683728273402,-0.1151085234559781,0.8875653226708227,-0.7997531641709617,-1.017550929652888,-1.0768646966392172,-0.23348011604442434,e1
-1.2405028316165527,1.1080092307598977,0.00929627967394127,-0.9822665931517419,0.45817934000007565,0.7928327698801487,-1.4083560949040446,-0.6556387601210185,0.5249495046053986,e1
-1.004212448803975,0.35392404863078314,-0.3047173823800687,2.181308566788667,-1.2748787676554185,1.4499179811878482,-0.5769289982252891,-0.37214994817620245,0.28008277538814164,e1
1.2986468022683202,0.37553410677116117,0.19500803766839675,-2.114064126353985,-1.6256854990870413,2.952564523717427,0.838018870998181,-1.3623200730651037,0.08822189902422396,e1
0.5289791846842529,1.3299108864095868,0.6374363444900014,-3.097545832694503,-0.5157403773175332,-0.8733217564621385,-0.1210081369011212,-0.3999171236005081,0.09220700290728429,e1
-1.0433606395567665,0.5676853572542069,0.2277824989161404,0.4663436188284509,-1.2532143330540624,1.4455124197353104,1.5008057676386197,-0.021509225263820295,0.1827081807333194,e1
-0.372132544188543,-0.17010756879141498,-0.05269307049746121,-1.4767145387931857,-0.8861850518125227,-0.8975647681966086,-0.9511721926477985,0.8146040768684483,-0.23247312051224817,e1
-0.4064024394523819,0.4433921019830809,0.7720037918548406,-0.16080209590461939,1.0051547724433154,1.6317199079549558,1.081737254259378,0.2998058646059497,-0.013773167885033669,e1
-0.02951374535917664,-0.908096135781481,-0.8282231766725648,-0.8306097340158076,1.369698149294944,1.718200502599488,0.183682458827997,0.38156140734925353,-0.24385613744673834,e1
-0.2318720006581625,1.3903216225460853,-0.7751419973705341,-0.06304261587162452,1.9935034504413505,0.469649214403636,1.2288301164909168,-0.11483087078355536,-0.21372359505801244,e1
2.8924644495843106,-1.2275162548841172,0.15847838134638684,-2.289746128265846,0.9163971812064846,-0.045128411058692884,1.3629834269320862,0.018623314801515335,-2.0059138220515162,e1
-0.3871290957747064,-0.8317347528122025,2.579070475367424,0.7210339583536114,-1.9037310287388383,-0.9132666089829791,0.46514888966213197,0.44927775199882636,0.5129030580917945,e1
0.6387467526451767,0.636175218458773,0.45398837177510354,-0.17368551980486946,-0.8809556273027754,-1.711729624271039,1.5132347386797291,-1.4115096036790937,0.058104238690796776,e1
-0.5069015432093835,0.31367989119421186,-0.169736895322096,1.0918977418311728,0.4197860203120054,2.8524371747147526,-0.23122062102239607,-0.98113566263357,1.9327297400389511,e1
-1.0126828198898592,-1.0919012242882606,0.6741192373084193,3.1424915475684254,0.8694933164522338,1.1343712840942413,-0.7086944868567855,-1.9525153767667187,-0.9544901915170709,e1
-1.5327255668859978,-0.4623213600904183,1.286946594772757,2.325789713066408,-2.056393911110463,-0.16106629774217285,-0.5734704379437792,2.0312788828019133,1.4880942171250826,e1
0.6666891393291184,-1.9094335666231144,1.6766926546753607,-0.9676576711400922,-0.7151256519397604,-0.5278057260914244,-0.5478349948347262,-1.0625750270248868,-0.9223321339455475,e1
1.842137827188694,0.7182987180710556,0.2779967765907806,-1.1460049411374977,2.0901964193490867,0.7867842667015625,-0.8976324096205667,-0.7318383815024693,-2.285240708069345,e1
-0.7074937501135156,-0.130299723458346,0.3860196007700566,-0.647169569245757,-0.4153761955745532,-0.6895801936869115,0.9456772337855773,0.18335902373746057,-0.9814016496970209,e1
-1.3849833568017753,1.8537023552507994,-0.42980021095056953,-0.5053893274089999,1.5881796089757305,-0.9744895217740465,0.5266769038169853,0.23459684146622914,-0.2628899273387668,e1
1.512608244774525,0.6356069638330496,2.1993773497649114,-0.7907391709299322,-0.8123893172343395,-0.937733995821884,-1.5818012605438554,-2.402225061948402,-3.00225607819027,e1
0.8455445176336668,0.382767719155096,-1.0774477108800509,1.3457797455651828,0.14794762867835975,-1.1766797432751435,1.4655382139811939,0.6513729031032903,-0.5701251890551479,e1
1.4133866909185984,-0.03585741164994376,1.759573386075341,-1.5927023019684698,-1.2403448024594634,1.3144356157494796,-1.4881773998000916,-0.10101640758627742,-0.88752047148596,e1
0.5646290565422394,-0.5968700927357272,0.925473657042086,0.11219739350540461,-0.3656867025752103,0.6207126744216706,0.601763388319736,0.01631439493639358,1.0042591222749875,e1
-0.39586774294255167,0.9385753334758425,0.12752836783272548,0.38558147587425634,-1.058335368696469,0.18406524431529422,-0.19938271343535086,-0.7431264369371585,1.3704554236853825,e1
-0.02771127756342282,0.15500170258284574,-0.14699097379313927,-1.1060917490168387,-0.26331018078200336,0.16505747105060248,0.14153039585327665,1.421933661118638,0.0014007834748320852,e1
-0.435152610504286,0.18496260883716611,-0.4109996853812855,1.2970831923117658,-0.7517457393376601,1.7999015603545523,-0.44515655423663664,1.3262006847485088,0.7748319401123773,e1
1.0119570528541306,-0.18258936308649382,0.006597957029915221,-0.7256151692664807,1.393039969494419,-0.6546656540516591,0.4331868431411475,-0.3666238255473749,-0.42415299744621193,e1
-0.7267983662457311,-0.2463391510166903,1.4402503036682923,1.7512811207527315,0.3769584133697864,-0.5960370708424976,0.5164293623053801,-0.22214774270438453,-1.498505299756381,e1
0.36951657311324565,0.22114097040101036,0.30281909826010994,-1.540246856044829,-0.37769709606845714,-0.5159878950118708,-0.3030784984846564,-1.1381898297946758,-0.8421489695537733,e1
-1.4313048843263698,-0.9485105038165484,-0.5018191274490107,3.366387841852104,-1.6876847502193542,-0.6397122554647199,0.8492108342888353,1.0873200552615707,0.9552133090941629,e1
0.7146492923740609,-0.4390223955906091,0.28524932207868586,0.5223448907180948,1.2245150455584557,1.5180365280353798,2.4632338586613205,0.4540696652568152,0.29545717361244894,e1
-2.0946305694624536,0.12770291558606367,1.422433125484416,2.1855746316789637,-2.170847020805226,1.0464425716419148,0.0407264912766619,-1.0626441141046201,1.102314525674332,e1
-0.6465324804414339,1.2123976259107228,-0.04548911728733217,-0.37715114124672533,-0.7072573958482851,0.08688508904316067,-2.3405639421320905,-1.504059014526322,-0.13495245273271858,e1
0.6091330836040727,0.08077910664268452,0.5074077728014188,0.3758684362256234,-1.1520909131683221,-0.9652097206139569,-0.2664265834817627,-0.21593594908404362,0.08298750671331549,e1
0.5274181683788316,1.169450451545682,-0.5994427370163957,-1.1590255071083122,0.2893663524638219,0.9220478904613074,-0.6102687550751855,0.9688103987124207,0.043675878531581544,e1
-0.5225749104287979,3.1169850280928904,0.4307854736055802,-1.705061061589172,0.25849231186474475,1.8466384876539688,0.9113298186589898,0.9784616952834123,0.5495997902556585,e1
1.2560851821359154,-0.46124748129192306,1.0166725776422314,-1.7535310809202964,-0.43347602875830255,0.3209659476996411,-0.16832913910183325,0.15075573555282962,-1.0471409167995502,e1
0.8659956325479068,1.2384820172012794,0.26583845944743156,-2.6727990533231822,-0.38286364504739656,-0.6586517145209259,-2.942233148114974,-1.1458576992547043,1.3042847367488803,e1
-0.42830412957540687,0.4222486443290054,0.7554131012156854,0.0281921771179805,0.20709717344783032,1.5354883170938851,0.4094367109923161,0.15276477503342073,-0.843662622026529,e1
-2.0211386534319473,-1.8121138213542787,1.1962699798805276,2.6626274944975172,-1.925849559674805,1.0009805885152954,-0.27418474109025875,0.4132231511045108,0.18934718629565853,e1
-0.2851658547868714,-0.7577929778582474,-0.5879617410523523,1.1280915445702597,0.3170396748894718,1.2530067714960564,-0.5057392044125884,-0.239882372337656,-0.37791542044783427,e1
0.5273842341395294,-1.5798509616103116,-0.4735851093648328,0.16549362693040998,0.37720294211077965,-0.4664843305300486,-1.2353506869278517,0.34042146318386185,-1.1363423261228554,e1
0.6376850542349081,-1.1276999382546538,-1.2362026120282075,-0.29703492240059604,1.2491550833514236,-0.04114793123260975,0.579498987912409,0.8879934313467253,0.7121310427959412,e1
-0.9087549254199293,1.3543160469278377,-0.09735194457566727,0.2871956574127247,0.12336073782502852,-0.6510158842132676,1.1669726964796336,-0.2633081817243289,-0.13290326817804585,e1
1.2354033153447173,1.2434884466861738,-0.966798539234012,-1.6888364811917036,-0.10758957369020528,-0.9009068143360487,-0.9697870141317075,0.5602377840302032,-0.4057653449790146,e1
0.2134647126945255,-0.4570977530990695,1.9379835535279926,-2.152694897479701,-1.14265170126409,0.8977038343352713,0.058781821224551854,-0.09146611009873036,-0.10903054944815518,e1
-1.0477798152295335,-0.5521711639995497,-0.34222223043286815,1.4541878596945588,0.8288818524701366,0.21599112624859537,0.6786297303885874,1.307186699153508,0.1286282870071016,e1
1.949432587952236,-2.611306630800666,-0.33774590412351063,0.4458011333363179,1.4967052345190734,-1.776048709244181,0.5492913793964374,0.2816899529094434,-1.2374606646731778,e1
0.172108612556303,-0.9811889281614163,0.3171530868821588,-0.8473682067731175,1.0402584593192554,-0.2319385969998663,0.14598856913202837,-0.23622494535128052,-0.7426383097720859,e1
-0.9975453054082993,2.084381689931702,1.1631279016020206,-0.26589444972516757,-0.4071382411068434,1.074788970702048,-1.5502368828233706,-0.7277251610758905,-0.09085560011565674,e1
2.5227564428720775,-0.9300833689767622,-1.3220339273117099,-2.37624219554092,1.549326426250014,0.591747620524975,0.4400812097756497,-0.01573821767445985,-1.0043349856674175,e1
-0.4236084913407132,-0.8025632913889815,-0.7548337583363319,0.5822356395213586,0.5378750253710194,0.4861667793422939,-1.398259826667357,-1.3072199460656149,-0.48972995835012006,e1
-1.2216581799490664,0.9597375235563952,-0.19654125965117866,-0.3231750051591756,0.11317540928576447,-0.7287366882094785,-0.24551071017870257,-0.420958806699231,0.7992058444326895,e1
-0.4601180779239667,-1.6780974054726767,-0.4869781311250246,-0.22072145309504165,-2.2239970004585787,1.4776639673265295,-1.3760383164093366,2.469705849673111,0.31959421087704853,e1
2.7060741512847732,0.8311067404910764,-0.12429466198000137,-3.0876085292142292,0.3913763328614225,-1.4453126608806548,1.2596851129044635,1.4454479681976067,-1.382454429822029,e1
0.8134937399314085,-0.5474267056253826,-2.2899910891014157,0.15740360407959197,0.8520910726363482,1.5637545498804863,-1.6146993165735537,-0.3097769716343288,0.24111804637278864,e1
-1.8742070017833665,0.46805843495965016,1.3087109190663162,0.6130643644984286,-1.9241541832327382,1.8981958862762809,0.06739947636531822,1.7382895757121626,1.9259708273948908,e1
3.346904923264282,0.09048183661944868,1.7524754588620894,-3.16332760785658,0.9679460254364183,0.30414395400307315,1.4974742472400613,0.13429155801856787,-1.8106553538865584,e1
0.7978989606048312,-1.1256801820772715,1.3175864525334726,-0.6218082553619849,-0.8640255341158791,0.1486562563493866,-0.17887972952515394,0.33166340745484757,-0.5324220287667719,e1
0.6824683315577527,-0.23640320471628615,0.3966346408788205,0.22874628817282322,-0.802541391551665,-0.3248908785558342,-2.3153899309264996,-1.0151388413399982,1.1185672021678026,e1
0.5487067153365887,-0.313515249458084,-1.155681083479963,-0.4678735434870731,1.1394405504387422,-0.21939956674224537,-1.8228286829680886,0.5624690517624351,0.5936024060764932,e1
-0.17278853369657568,-0.08739605044764462,-2.5182494924649164,0.47529972647259777,0.5945268404409303,-0.5925141890946977,-0.5723063203042826,0.47316502675371774,0.12375688188988633,e1
1.0247854415546973,-0.5378564801859462,-0.09675819275056546,0.07218457494789526,0.19902190328599995,0.40327796028277924,1.3531558188587383,1.4125199220649562,-0.8050333348070557,e1
-0.13875969243276698,-1.0175871908520504,0.19343231316658774,0.8124714310554632,0.142383815888864,-0.0016945095828358166,-1.245229197900503,0.25005831323030514,-0.5924476361615104,e1
-1.458963144795412,-0.4360899133192039,-1.021827414049137,2.127944076458272,0.46749548481041325,0.44244091534284025,0.02269399685802057,-1.5204392985942887,1.2930121833683728,e1
-0.8079731150911296,0.5577461220201395,-0.12378908191204603,1.1755625123813684,-0.4451438900204776,-0.16746503029291437,0.1915250154318425,-0.3764718821029946,-0.43823817278435306,e1
0.687223138731094,1.0196553784972406,-0.3291111403326158,-0.8227907240917736,2.1110022645763507,0.10892888453678996,-0.8942851887109985,-0.10725951777605339,-0.8368384215822545,e1
1.7961491473790767,0.33892011033529384,0.6338776436610826,-2.2083588925410997,0.27259911542032195,-0.12324339367694193,-0.5830739791396754,1.5367749727464406,-0.6054900069765445,e1
0.9124470636372956,-0.1347940545572089,-1.7727465190849243,-0.4373333092959205,2.421211903148638,2.0862621153592387,-0.28277255987807853,0.8829681350285713,-0.1363539558417737,e1
-1.58663225990765,1.125231273065689,-0.5171091343094101,-1.857111363861086,1.0985221944516372,1.825617572207818,1.964749816824481,1.1965923719562004,0.10704426146205928,e1
0.6058662734979251,0.16010566157637734,-0.20653712693578252,-1.0095886115426989,-1.5204849506347538,-0.017881646764384668,0.5613118520520051,0.8552215240230886,-0.27669176129422757,e1
-2.8971851201007452,-0.6234227110874052,-0.8274529185470871,3.735641230705342,-0.3873884681276605,-0.4192212794028236,1.3543661967819556,0.43341339895502046,3.4501433770573815,e1
0.8318402992408195,1.5965006550382368,0.7163167400502409,-0.8467625034809909,-2.8809499297065218,-0.6657931291132417,1.7701829176636394,-1.0562987458491464,0.724038149005637,e1
-2.5596205939670362,-1.0455986937906376,0.4676182838136254,4.701329226773524,-1.0680970312342701,0.42231128170024745,0.4929753804054452,0.9056150693046875,0.10911325902623861,e1
-1.1430405259185399,0.12996417231620108,3.822607778038782,-0.18424228447591595,-2.6911270393476703,-1.0789265392943415,0.7711151705003045,0.11539030474366935,1.04983946518731,e1
-0.5071197601209904,1.8321821302016006,-1.3882495059829019,-2.2096797713172456,1.4791757176674887,-0.20722821531709526,0.430028187021232,-0.6280989458852545,0.6401488068583021,e1
-0.2676305403665575,1.2827065742187054,0.32194715474488217,-1.9357542035528321,0.11860806919989539,0.2861486786775706,-0.34814919089823393,-2.0212369969738293,-0.3191520162676762,e1
3.3578572441984846,-0.1546579838290949,1.2658783385349122,-3.4652904142305774,1.3817786601862745,-0.6972103328203105,-0.6748340420516074,0.4601280768563638,-1.1931579481214334,e1
-2.5835299819542525,0.8293245701927964,0.9529477209883731,-0.41123246725829676,-1.9683141365441243,0.24525315204869996,-0.6171322323347951,-0.08630364240631913,2.1952817654209706,e1
1.5599422944236685,1.7901737882509554,1.7874110084521484,-3.4980601824956583,-1.0176092599444375,-1.1240422142965711,0.1823777941246512,-0.0773289930023588,-0.9176649581141175,e1
1.8652419735984307,0.5366019305360441,-1.192817159339188,-1.9532963731316801,3.617714938409344,1.3326222965498544,-0.06559108798062392,-0.3827941111037586,-1.2955643293358834,e1
0.08024393680891562,-0.26370463566809355,1.4604178393786733,-0.5814143791595964,0.11509995989424157,-0.06624658515951443,0.9850184971364624,0.8248729749091214,-1.1738939342417436,e1
-2.4052777590712915,-0.7143692648575345,1.8837038347009945,1.731792193172235,-2.0028547138051254,1.2107940761634015,-1.3181929061010065,-1.464422261692512,2.1984522293724917,e1
-0.04718170119476178,-0.7953154312456246,-1.1658685864745304,-0.6565903246869451,0.8034791102017453,-0.5002766971299513,-0.47750253581711655,-3.0459282891691273,0.25738812835210123,e1
-0.09336793473139993,0.19778310838492758,0.6156045741325074,-0.6999951600412078,-1.56372796803839,1.145249645606501,0.35622837311190236,-1.734237422913679,1.0008517363184632,e1
-0.25843323811227054,-0.9923970866154584,-0.5345055040070467,-0.9560548986826564,-0.10399980697718456,1.0737786907574083,-0.48913270228427214,-1.3476245940199256,0.23047942263284446,e1
1.336224739956791,-0.9024231685552194,-0.3122161057408231,0.10980432610503699,0.43701506241484644,-0.3011020599931087,0.5669583350384929,1.5588966923929337,-1.1023729915940816,e1
-1.3103345519863443,-1.008163478488803,-1.1236236508340927,1.211405810677507,1.8234233392070918,0.17336889572500383,1.041533962799521,0.6041547925163592,-0.04314617238222953,e1
-0.43557959199705865,1.2015365230417787,-0.14926177402668958,-0.5385091250907369,0.4193346407914849,-1.6889040056103108,-0.9025139551484188,-0.9184225349150995,-0.567016518805931,e1
0.9088600343257065,1.0595542079525626,1.095915821756264,-1.4124016515689881,-0.7102090655022555,-0.4086829104952151,-1.7340895032192947,-0.18574235256512475,-0.6320500170994316,e1
2.282258801220721,0.6899745311666198,-1.2813186118303128,-2.6688642525562374,0.8019554335380532,1.4107744410164746,-0.21623391726085892,-0.6264417002190551,-0.5680475273135058,e1
-2.5092655080453663,-0.015425402022866151,-0.13926871971533938,0.6183847035684267,-1.4769730932326877,0.29330595530220627,0.21664484124632996,-0.8582928535143733,1.5136745825997344,e1
-1.4167799313124427,-0.7438090293398661,-0.4880526771632645,2.6274067458242114,1.3093096086242484,1.5922173630758576,-1.6649185309637993,-0.5904544257737178,0.42881683613057575,e1
-1.0477545854188177,-0.9681723313380658,-0.13031266761585783,1.2249641723588447,-3.2386569954182596,-0.5708394806510629,0.16431327651461655,1.2191063233683035,2.2085714971998303,e1
2.9879603116079805,-0.9485553861253638,-0.505864878897838,-0.5161477104285788,2.403530309762253,0.6736990566533017,-1.7249433258181401,0.3310435183213228,-3.1236947357060116,e1
-1.6310695675431175,0.4564155166912531,0.37250561028863216,2.421186814257621,-0.32977035797448195,0.7334546281957066,-0.1406350270048556,-0.064633474821788,0.7739645415731872,e1
0.4522565406737876,-1.4360334030896085,2.2656242350934583,0.5264090557244567,-2.8876486314542893,1.2578778080848017,0.19599132007931405,0.7050836030523593,-0.7181143962119513,e1
-1.9777327824075717,0.9965695772414906,-0.4222453312142978,0.5794570879027123,-0.24679232948499388,0.11544045750034447,-0.5028041989704904,0.02622200433376052,0.9405324309387859,e1
2.3080830601806834,-0.2537504840440472,-0.77550138745823,-2.5482954407754708,0.8668715870332083,-0.592314839887113,2.2860218488997304,-1.6980237082719831,-2.0763642821129253,e1
-1.9369065911858359,0.22272689389538108,1.5237587212606674,-0.5268683247945161,-0.7135675576539336,-0.21291184252228135,1.0914258046857175,-0.4143962005031639,0.8924124830515846,e1
0.6602102931990745,-0.7553063531485116,1.38771331165789,0.7147961006615643,-1.6857261740876743,0.24924929573662166,-0.22185242497914334,-0.3849131647406624,-0.3252076245352797,e1
0.2266941921211446,-1.4383044875653035,1.6062469760437412,2.2225746011746184,-1.514183983325377,-1.0351652920103587,0.7502422439678054,0.14532936663219884,-1.2198257881733028,e1
-1.3772711267753488,1.0448372781606745,-0.44726870824631404,1.2575247557507803,-1.08706767679693,1.3121778042699856,-0.9221706862460511,0.08072795904191134,1.0184730756680316,e1
-1.6983322697531789,0.8466053083259996,-0.3440509387174391,1.4478097246778447,0.0225596451249159,-0.508206667547115,-0.7446848189687868,0.1227714871458603,0.5991869678473967,e1
1.328054370681959,-1.1764217007225828,0.6887265848002576,-3.304052306112356,-1.888864488416273,-0.8974699376488313,-0.16898220482408297,-0.8431612491883058,0.22470825902578667,e1
-0.9575420211852163,-0.5181286420414067,1.17479117744959,0.24008867712385995,0.07482079663377783,0.9162895637889432,0.21151796509181556,0.013371838496748579,0.18687681671838768,e1
-0.6526239373076739,-2.1886011260623075,0.5227135219485433,1.6565556046272623,-1.4186323966930576,-0.8148210148317293,0.5365637412565553,0.3765750298809386,1.3945428595171139,e1
0.654332087252248,0.9835340990563307,0.014645219785418877,-1.6794326014381653,-0.9799622426350034,-0.5347009688856066,-0.5936510672067944,1.01109753387259,1.2372486867315537,e1
-0.5520125421959503,-1.1954791278663472,-1.6103974311281437,1.0805172197540596,2.174614338010345,-0.6508251217386476,-1.1522732269334661,-0.03760537149267509,-0.5266117042017248,e1
2.8895743705823818,-0.842656910725754,-0.408522184146113,-0.3758487892001594,3.499139759170357,-0.7986504831176835,-1.7620548201148127,-0.9059140023412481,-1.7980359126016603,e1
0.13840144982014707,-0.9841908055389058,-1.7449167168275548,1.812745401075921,1.107506039329357,0.4373350182644385,1.2451829590655434,0.39359010716452675,-0.022421459486564377,e1
0.9134497783050401,1.190890919029619,1.1688199108916162,-0.2590422876299685,-1.1357241417294326,-0.7621190868198725,-0.7387608497925615,0.12527018454680844,-0.7478859094105308,e1
0.5261351080263548,0.2760850180194446,0.4209417588254465,0.7066817054363851,-0.5121929400926711,-1.594269940960561,-0.9315671003827805,0.06621508856879521,-0.48752009607389546,e1
0.1982290986353869,-0.8132690109340827,1.1345550390569228,0.9551472265756332,0.45539180007242663,0.8837759470705677,-0.07138431613945011,-0.7385711372984392,-0.7441122463650099,e1
1.7803855574162812,-1.0270199993498637,0.2857142356927141,-1.1296115722015614,-0.4301518115117923,0.8799643754176492,0.40306708352306125,1.0100187039863664,1.054540943380872,e1
0.3482059052205435,0.22975915841591946,0.2869383467177006,-1.0023446525043784,-0.5715164870351448,0.34264294117127453,-0.9509941989237035,0.14315515541552987,-1.275566060348228,e1
2.0272375995204377,-0.7426414305751686,-1.0974334996468993,-0.5009049284892904,-0.3844392729233127,-0.7820001326422772,-0.3964202666928414,0.5101152322637328,-0.4148684626555616,e1
-0.01666232808891803,-1.8011277069154592,-1.2059275478680556,1.924351984940979,-0.706208178138239,0.2292378113597939,-1.0740747894447387,0.7154274175515857,0.05810222902621253,e1
-0.19004746839980058,-0.7732454895563335,-0.20673411594634283,0.4485096410422782,0.7136482016168236,-0.5786680272676887,-1.3748891458500325,-1.4597475879694444,-0.7871487023202067,e1
0.06698769397141024,-1.1623083606891422,-1.0936610834250544,0.6979804195612801,-2.907976442681253,-0.22430436083777022,-1.3090269573530473,0.7972417793193828,0.9321873688000825,e1
0.7171914076880221,1.8873613014463664,-0.5706253686505879,-3.152559845549133,0.4598124751874023,0.18789229544244507,-1.1743254037434279,-0.14926334762497795,-1.4100577985648242,e1
-2.1004011538426406,-0.5399225566591792,0.4966413514764657,2.008647088338908,-0.5898033099674969,-1.405979190800365,0.5541906610004991,2.071010332119093,1.6954554271514468,e1
-0.19614974550026698,0.431695529482723,-1.1759014191288013,1.9851534993558553,3.11310274463727,0.9379555795362797,1.0846585780957756,1.3393277442143388,-1.5866620284509454,e1
0.8728320553772068,-0.22056161738376795,0.1741150322089019,-1.812331276835803,-1.812802272972732,-0.19270460612214257,-1.1803055130008888,-0.9937874764051439,1.1185687413205814,e1
-0.9334707874687996,-0.7470380346331745,-1.846698152893383,-7.92872603645467e-05,-0.009727376506687646,-0.24466178316199053,1.3602467771011177,0.5728594477100277,-0.23238672534511462,e1
0.46175651827656994,1.176360319917636,0.3095489752310187,-0.7177186507827513,-0.8955394047655083,-1.1851720282054496,0.33309771330719906,0.7758692923102516,0.3630052579491026,e1
0.6739982559470243,0.28298200964231496,0.4296738551447088,-0.22052090329166418,-1.2120159837603781,-1.706543286869995,1.420820055119016,-0.17707750520812593,0.7930243087723541,e1
2.247553362471641,0.3991224054054743,0.3417466488447834,-1.8093875998037672,2.698739741883756,0.4511853097541843,-0.7624836290027326,0.2686630796303924,-1.5552651997659444,e1
1.2044572635414963,2.0279097138623468,-0.5201573801973074,-2.3806351400146384,-1.2962060951210268,0.5126419963629598,-0.6127357106365683,-1.8406921489666046,0.269502896929905,e1
-0.6936141243947052,1.8440547673825616,0.4702200521603169,-0.5110215049583129,1.4213231635895203,-0.886768778374229,-1.041282628192628,1.003420896536293,0.3262062959959075,e1
-2.499304136457278,0.7590191648788454,-0.8699371293617756,2.608017573402597,-0.1743005286291749,0.9618697818649017,0.5703244201362729,-0.2917231705918611,0.9776321649278298,e1
-1.0057752784952403,0.6672898685868045,0.14600018509765997,-0.2111147439033687,-0.9120914928983144,0.20064404668963537,-1.6789294100423833,0.3137402819075454,1.1410603966031532,e1
0.5594654617224519,-0.12156657462770268,-2.2909994685356074,0.8862197342901368,0.519952574713384,-0.32122457088725853,-0.044245406100301594,-0.9309142737008854,0.9480711614757689,e1
1.167875924152514,-0.11109078894056448,-0.9937807721127089,-0.2985453450661355,-1.125585282660316,-0.458853344386234,1.40962066388245,-0.2447531476586867,-0.3568433755707449,e1
-1.4835034323843563,0.08393553908384171,1.1389484954396771,1.1750900954773333,-2.67562469835129,0.39943702222746547,-1.228833371090179,1.1304135741966566,0.8355128169431697,e1
1.1184736496618748,-0.8957223340509534,0.34908207037404865,-0.18941360951071423,0.008807630533170074,0.931311848536935,1.1150465162413596,-0.1418564225853818,-1.1204716770542766,e1
-0.07370649327991795,1.2005697300763407,-0.41996094054872085,0.26223962000285184,1.2054481234970307,-1.4750389230892256,0.24371834024110497,-1.334230771910509,-0.14118560305732758,e1
-1.0117274985433007,-1.1012712398437605,-1.1916288048398869,1.391933498298882,0.2158771473134894,-0.012440461802334853,-1.066778701510006,0.3094004807636748,0.4335558762380022,e1
-0.09854122357242945,0.3692721914708838,-1.608623925946218,-1.6042809453026798,-0.15856388893775092,0.6889960701731572,-1.5800155603356874,0.40238186421492994,0.8676870103558374,e1
0.830903508522409,1.1038596615364586,0.14568309977831195,0.10269099007201743,-0.9308089133325848,0.32206991104380966,-0.6394745356403584,0.47943790563204913,-0.6923782625414648,e1
-0.5006248320618703,-0.47035670833266185,0.41197799570169774,-0.546197510540014,-0.5099246664772982,0.7349640351228396,-0.5579634498274391,-0.9962511226609845,0.4281030803133665,e1
0.9458999648602109,0.41959073625028837,-0.3672450019758136,-0.6993613368426506,-0.3986883611716237,0.14932561005988734,1.6214535957848575,0.5018046161445538,0.14467818450836248,e1
0.4758367486466877,-0.051623237323237245,0.5674554479229315,0.4672821944091354,-1.6714050863971623,-0.05369363821393514,-0.4846055904667042,1.2328923769592188,1.6447546274835076,e1
-3.4011605227584463,-1.0205683473173088,-0.19371912825539703,3.9960588037983693,-3.778734870306292,1.226907274054244,-0.3559374878295079,2.1825562971824226,2.553571145755768,e1
-0.5016099610884969,0.8546185761673964,0.43074304138761316,-0.1610346446783234,-1.6311057770741424,-1.188454960418939,0.03586579695156616,1.1190032919912507,1.4703024687579174,e1
-2.4983224699670834,0.07436195333073634,0.4577953186762709,0.9562289833729122,-0.5406693919811263,-0.6189900738032058,0.2620658995510691,-0.08008544658834715,0.9975302681060516,e1
0.7930680376331591,0.08991917122262162,-1.1241262507810525,-0.3241427828335585,2.4188512084462452,-0.33093176201525365,1.1633110517232068,-1.2859658787754196,0.37572755377197836,e1
-0.053831112401110826,0.20513545446276824,-0.4962763502650363,-0.5497745924402305,-1.9940632682772228,0.8984252031682906,1.0021521802443287,0.1395882871900774,2.196747619743289,e1
-1.5623042488891525,-1.131731496724452,-0.14774339282587245,2.8751962696593596,0.008376937576261512,0.07756454283806406,-2.5763820036813234,0.29737336348178817,0.825453148474534,e1
2.5701436026625233,1.2262389421257702,0.3288398194188492,-3.3161246755570213,2.0178249476874566,-0.21457402163047365,-1.0666298104530743,0.5193305102439543,-1.1219581185603005,e1
0.4975006422802185,-0.634878379843382,-0.5831111441251005,-0.45367870081843414,0.053286956034875876,0.9992283368576843,-0.8874469961682431,0.4106699855963916,0.037861647908414196,e1
-0.8528873860168703,-1.2004115756922715,0.9072424644612723,1.0123918938645882,-0.6136274325690895,0.5145039500948722,0.48082934205594624,-0.6761138129192641,0.0766842718995555,e1
-0.2874173884266755,1.2136753954630082,0.11668664017191781,-1.656765538048203,-1.996437912291959,-0.32697321730435486,0.2242804383596797,0.02310770979332344,0.2045350466315927,e1
1.9052228802662992,0.9692579901992636,-0.28286178626415737,-0.441033327106082,-1.15558711636255,0.6016571267699998,-0.6658151189679559,1.111924701582252,0.9410967392065116,e1
1.0977740496620185,-0.8972646209053093,-0.8672225088476129,-0.4864142557805986,-0.42823313290281917,1.0389511207356579,-0.03732750780274302,-0.7972510153896035,0.25291024752219693,e1
2.425402477953967,-0.5719698222903018,-0.8085682798212869,-1.1118195896027174,3.1789823642235335,1.2519821463235286,-0.7050329969435586,-2.0960475328595174,-1.4197918748877498,e1
1.2336221063405808,-0.12114812430690378,0.9520938679524691,1.080695246839487,-1.878599781841105,0.672106687777494,-0.16899016609343506,0.022476921398212026,-0.01393869330752393,e1
0.7205466688983171,1.2872282989032204,-0.024279462913384193,-2.8689678085863,0.15128176810987276,-1.2527430872489902,0.9792276459669309,0.16045083921816108,0.19212557725842905,e1
1.8710274290183904,-0.8735173571287222,1.844490065733116,0.6269900264419601,-0.7977720048403378,0.27235885554592487,0.0743390887452699,0.7374312241787522,-1.098558715819358,e1
0.12046549512402158,0.3551717359697415,-0.7164645943059796,-0.556238009335026,1.1571203286660778,-0.51215844332392,-0.6851793031524971,-0.4075935844152733,0.043511643629909925,e1
2.035110617271527,-1.4735701481526056,1.4541320845409695,-0.44386321225341296,-2.2436945060761517,0.7389135350450303,0.6869201168009768,-1.0525489969796558,-1.3357598632755154,e1
1.115821254587336,0.38304604615482674,-0.11143169222713169,-0.6094979355356756,-2.7970354672451236,-0.6288260515613086,0.23828407329582027,-0.46954803071370743,-0.2610042075155209,e1
-2.2011148220281873,-1.7971283681374441,-1.5087755266875957,1.6074603524482796,1.3276967530803392,-0.230070978534547,0.21373722106406562,-0.336023993987673,1.5565032304827313,e1
0.01470771463099707,0.9892968508336145,0.13777736960185064,0.16326805897163188,-0.5812034004010819,0.6320955147957035,-0.22549259600612626,0.6638979810120006,-0.5520189524380127,e1
2.2393059195407305,0.705609822466631,2.1391659158354717,-3.4353832987015505,0.014601243376130224,2.2958753868474147,0.9418274489655492,-0.48510673226022755,-1.690129769182251,e1
-1.0821727295983745,1.4217910440716093,0.6485988921829463,0.18712197085278043,-1.1102748291417412,-2.292553893310877,-1.5850034111688376,-0.28299065458002676,0.77828538413046,e1
0.08640754391631393,-0.12113927097688178,0.4169251315371049,-1.1185140765351533,-0.49402024869352806,1.056441261098815,-0.23137988333736118,2.480711771354335,-0.16595117999392975,e1
-1.9033714013927563,1.1929103048542868,0.2529366420817987,1.2903502775345117,-0.9432593193083936,0.367458513212196,0.5046420482010779,-1.1344692084090608,2.3662116579301147,e1
-0.8959752713334225,0.076320598342842,-1.0931584870972058,0.7802941731400869,-0.1794260930821903,-1.2840619799357815,-0.3637257804087266,-2.074061072801718,1.1019385911662616,e1
0.7429463046176992,1.166634018902086,0.7679916040167032,-2.5554885352790935,0.4810947312312304,-0.3512131395148372,0.09366399056644276,1.0703096427384406,-0.40869531896535244,e1
-0.1711249754143221,0.8729483442230495,0.505875914695465,0.634302812592906,-1.610654529827551,-0.027303239049861948,0.26476740684845573,-0.9560998123624115,0.12902937318567967,e1
-1.4190963405240775,-1.105388421038273,0.13382342935353422,1.7521683284338616,-2.0832668271810775,-1.1069879549184964,0.8147753401084187,0.48562878141979765,2.387304949728835,e1
-0.5776177827209475,-0.4695814138235062,-0.11508031850820401,1.9183371015400752,1.593485605545871,-0.45940403991531015,0.3995755124133241,-0.7046240943978331,-0.980025387642165,e1
-1.5612407000881765,0.16758160932579225,0.5593290518855166,3.6377811507652624,0.5074486482316175,-1.254514558020842,-0.7827084840723539,1.15088700032188,0.7746048783732719,e1
1.2269099221022843,0.8590886998897773,-0.7943178478929754,-1.011295900775651,-0.6745662920612208,0.3556711701488332,-0.8214858466516543,-1.1563486888955419,-0.30637783345286673,e1
-0.3717196724653322,0.5633460683769071,0.5129014288221045,-0.9138470202614963,1.2571136702589163,-1.5691798488813447,-0.3654524986889196,2.599022012952038,0.11834018991420889,e1
0.8843192554905788,0.9213873519458051,1.0295611196925818,-1.3707095599874164,0.002331936764882636,-0.6591500183791376,1.326860543742627,-0.06479925271692519,-0.10921143172607298,e1
0.1669196836161547,0.017774190687971276,-0.9233301185803882,-1.2896933414257905,2.424186469131867,0.47625889743105837,-2.688345855316767,0.20911249458240475,-0.08825712330364051,e1
-0.8577982647920805,0.6634281970938749,-0.5870442831426039,-0.9690751897280141,-2.0551217291117743,0.5901938990828421,1.1069112704289223,0.8697942012984377,1.8755660694093192,e1
1.7461779075181996,0.3685478166521899,-1.1776136189715942,-0.8861330322092064,1.3864827520611016,0.3093689446233005,-0.23747416561018886,-0.25096804154308877,-1.1960429526453817,e2
0.2538170792326792,0.427894906790989,-0.7222635139290389,-0.9816590546457182,0.3275780640640459,0.42502205687075506,0.4176961898214209,-1.3836466269254035,2.1886165799123494,e2
2.338384738711314,1.394672454087232,-1.1314721740578841,-3.5575383307431228,1.1675021423891416,1.588071721263202,0.45871261623956444,-0.22781491225211,0.024288073137173388,e2
-3.1137608443013693,-1.241887283367804,1.343046673567312,3.9929806482196444,-2.102517095377971,-0.5993709985540665,0.932355695534879,0.5512004313732748,-0.8762029375652817,e2
-0.9714401756882365,0.14100982236813456,-2.0787712618301524,-0.972741977466564,0.4553964711409738,-1.6932427256274167,-0.5071770562986516,-0.510783308639621,-0.3094827428037882,e2
-1.1091996686754186,-0.4247841113608768,0.6909294207582322,1.7269866091556085,-1.354345573918497,-0.9657542367939087,-0.5977090227297667,1.1145164519012791,0.4506902060716741,e2
1.5074778039933245,1.3665519182873853,0.7001757974010607,-3.290607843714937,-0.7035689032642669,-0.350961605610443,-1.3773740292896361,2.023411832142859,-0.0540922910701952,e2
-0.8375688794933402,-2.185556293295699,-0.9540747707348033,3.8198211003414198,0.5091715538320005,-0.6456469048489061,0.5084672421587605,1.273168491249179,0.6663689358108772,e2
0.6947482044545625,0.20378581184874575,-0.059736100546349855,1.1363232079550807,1.576020087507715,0.7944245925469897,-0.8942995537003999,-1.5740924836808738,0.47924321064914394,e2
2.2006621226978154,0.15037446139369898,1.8113221873719825,-2.1889625468055853,-2.2895898168298556,-0.9834207693220927,-0.0661898876956593,0.6222294677755306,2.075689993480044,e2
2.6584190486399613,-0.7524356875858943,-0.8313840375233265,-2.3644735735672175,-0.9276558791928625,0.754047290934609,-1.6673247969895832,0.6975301114906354,-0.11812437206682473,e2
0.23065425038626275,0.7655433422254687,0.48885646069558775,-0.7682189866219635,-1.895845372591372,0.64352792883153,-0.1143549558251914,0.5771219906227295,-1.5374807548878497,e2
1.004222186438425,-0.31993882270803126,-0.7091198106514662,-1.279651613932339,0.3273603813041636,-0.30971534469741485,-0.7591678147568313,1.1806436686646204,-0.34014284757131497,e2
3.49108704730844,1.1926412465726237,-0.7004670149912061,-2.321986410425934,0.9862889641822463,0.6161813176066683,-2.4415322486616264,-0.7964444584593972,0.8562367743520778,e2
2.9300354049795208,0.3473122774029618,0.7013621400298536,-1.7136517533428375,0.3667321085418999,-0.4043387543841188,-1.8314469263101727,1.0275101073219761,-0.6877319100265774,e2
1.2330528505124865,-1.084777500150053,0.5099995407846075,-1.0915171068527532,-0.20018001553803394,0.835334958310866,-0.7775847996551875,-0.03759920084010048,0.6111150600752436,e2
0.8943222644327912,1.0351718754334287,0.09629673184661676,-1.1122752570256584,-0.17847614822750263,-0.10064789789422195,-0.11599415018158662,1.4073397072787333,-1.7244557888253065,e2
-0.4326812968423192,-1.1771379021605968,-1.180404150337629,1.664363381425217,-0.6312933190245777,0.6841630431967777,-0.6812651212222497,-0.06503796040948882,0.03301272340252314,e2
1.4475532199843049,0.42461277906058487,0.4967845504240231,-0.61582095051414,0.8868403513881213,0.3479121560732263,0.23802542760400375,2.0525174667095842,-0.3453887241102201,e2
1.9543976862641554,1.0471205048654788,-0.6378231938055707,-1.758963891156197,0.9662346683216065,1.5565631515732732,-1.8667510192314314,-0.8085736884385374,1.329766356813891,e2
-2.279367370133381,-1.0615594672780642,1.3040135334578973,2.741298985463722,-1.695161814299898,-1.542310443475629,0.21201512712955836,1.225235589561768,0.7119325622440501,e2
0.7817935124701734,0.9190610455398445,0.9926836647786826,-2.19413173069432,-0.49061929801046844,0.4478220704032782,0.21229642232070237,-0.9290284195429743,-0.993223210803383,e2
-0.6342013948142871,-0.5509803642037576,-1.2707313059299532,0.6906143928598923,0.4462267104065899,1.469454203402779,-0.18088789400679797,-0.8197425389332278,-1.4263917928918008,e2
1.505547580364253,1.0730810027329079,1.9561863700958686,-0.9072674475350544,-1.4291471513750782,0.635545608050991,0.7373423033026122,-0.6428675590110441,0.7219430578135558,e2
-1.0707027376056324,-1.3407557352540405,-0.45684495063867264,3.5511001236187942,-0.48301395193547053,-0.5597527529851133,-0.3473744052993291,-1.8867197399921896,0.20836369926634563,e2
-1.3921926648375045,-1.3529524908623525,0.07495662806154703,0.5593968560664064,-0.9110021626974557,-0.44275851206912265,1.4856320842547266,0.4375677957892771,-0.21399297988472615,e2
2.032191422388567,1.5270575075661859,-1.1968088856461283,-1.3930307354408678,1.4144411224219744,-1.5729851904396606,-1.418039580361107,-0.6695204426535799,-1.4160702219420456,e2
0.32128278344145367,0.08775412283031846,-0.3712936905690726,0.5141644074663654,0.6131804563062921,0.9974142684048828,-1.0811750969330525,0.41599691265549565,-0.5062713773908802,e2
-1.4229561243372881,-0.48898013113767813,3.098896153692593,2.2141621069134807,-2.561987316566925,0.41619454554162705,2.5413990230114867,-0.6834509410005214,2.1372722249981244,e2
0.09819547517151916,0.4931813714036155,-0.5782486350165422,-0.5333904158437182,-0.3392039800666307,0.7349527142002356,-0.415095275617404,0.45205331748510613,-1.071292073503457,e2
0.7467745348658219,-0.481284546470381,-0.7729512396629936,-0.5177371680560404,0.9669198903448746,-1.9972205507662302,-0.8418064381081022,1.01543123160503,0.07907314865114794,e2
3.0067709584750166,2.0395854695836877,-0.5278881580972606,-2.4182937995374547,1.5028489324728243,1.3506803200589648,0.582150350005826,-1.4950201098770757,0.8464293244254756,e2
1.4635309456402763,0.5523832647502459,-0.19079318347951268,-1.5585866614809964,0.6394905655042777,0.7945450394473448,-1.5911756350676203,2.429511570829052,0.8183500456518954,e2
-0.4017865634272489,0.28209898449983306,-1.5499904203152073,0.7206141207119994,2.107529484557352,-0.3909468995157119,0.700021853909551,-0.11317447189506875,1.6554229285733364,e2
-0.9888352652120634,-1.7417923585584416,0.4396555870569755,0.9908818335464689,0.750580355836245,0.7818987333402453,-0.6467072137956366,-0.05791330996253417,0.05376932608850998,e2
-0.1261954322892872,-0.8603002526116367,0.3811419699501095,0.8757674429734793,-0.20688765670651005,0.8286871931453436,-0.8249711916625626,0.46235392629492916,0.5871792140618478,e2
-0.42742687643324784,0.7825712688353331,-0.3800442124299947,0.6309840596241402,0.5451368592989356,-0.820611078773484,2.026132668870543,-0.38402189835125433,0.07281780904614536,e2
2.2683467154886445,2.1919949555245646,-0.9722228052778383,-4.009835676129699,0.6538350700912885,0.18485576307245036,-0.7400018123838253,-2.2556631129533944,0.14155599437428887,e2
-1.0704351837778407,1.0792300378692663,-0.10721267239512806,-1.9049699392405643,-0.09327671314092585,-0.9096162341385013,-0.1722901262200784,0.15314004157858432,0.2047423343251056,e2
2.267912469531406,1.4645816586217537,0.024961638098016388,-1.8769319144532282,-0.5092802454341676,-1.7874220014292825,0.31748317316245156,-0.3580558168051822,1.3682407563638317,e2
3.0119692092844494,0.9435656502270693,0.8352732249201619,-2.7145467203547056,-1.5937116532685571,-0.24349809059679542,-1.0595274570746016,1.1804074085438467,-0.6498592745643542,e2
-1.4236702279079498,1.2494294478479695,0.021623749122271146,0.46668571576875756,0.02991713392564619,0.3357297034705924,1.768046116957057,0.9680813918377611,0.8786602449029688,e2
0.13273080620171718,-1.0946446905803247,0.3636801742129642,3.013363075870172,-1.407889158259751,0.16135645150227565,-0.17878094603642516,1.145277467956175,-0.8565950449069878,e2
-0.19082476471231202,0.5423959169489341,1.4338117648173216,-1.4989931929910334,-0.25810673615556334,-1.1662412019198254,1.5959282330670286,-0.8946707295537445,-0.9127047799395476,e2
-0.37313882365932727,-1.0859505800247184,0.9892028272076548,0.18387253866526165,-1.1935478068415017,1.6525462465820848,-1.2289591767397945,1.4813088322260877,3.1747805339807633,e2
0.18597878644114957,-0.6878998237018712,0.6851029105013353,-1.2492549304623224,0.5929893539496692,0.4138746404812245,-0.1867418594852662,-0.03993443944339898,0.6992682138368059,e2
-1.8382053096669768,-0.46433758384429463,0.48962782633681784,1.5518974003219537,0.6138154973211347,-0.5427161017193173,1.9384064533692846,1.0521147531655104,0.6125378630513189,e2
0.11052540097746771,-0.3921130999379959,-0.47923275727960474,-0.0954648852929944,0.37144136452303717,-0.06218224561590437,-0.17139151586840698,-0.11229003835589159,-0.4404325507990811,e2
-2.86027616414116,-0.190856825072227,1.3259198593475103,2.647452917141892,-1.627447618444441,-0.30220597580729547,2.730680386424393,-0.6708381422908344,-0.7100863256767865,e2
-2.4866295266855287,-2.389935569648357,-0.782093771822757,3.253425784097798,0.6128630899692881,1.2549291979126889,0.5908003739466537,0.07657270395181619,-0.7954267685262777,e2
0.12539654912249232,0.6368378787931668,-1.1726437690734037,-0.06948627109662353,1.4478749113831069,0.01758253671031122,1.1760658187512811,-0.5319658079933612,0.7288046368842865,e2
-1.226361177696455,0.6033333996651689,0.23802449771743267,0.6514492065987377,1.2141668847369178,0.679210013539355,1.5911321365271962,-0.10949518426895297,-1.3705818607578444,e2
2.109161123106703,1.1896684128656272,1.683679932931278,-1.3559044693077371,-1.5916447098322903,0.4700526423104899,-0.12729158214705982,1.0783078379446431,-0.9256020419328594,e2
-0.25557121117229276,-1.2609803190703013,0.294633152909546,-1.0205560999814842,1.4949328330784815,-0.8636001042738609,0.06334905512194104,1.4750279421409207,0.8561883527096041,e2
-1.0425235765524246,-0.29436360385801974,0.8160397968448072,1.5592361820364196,1.470281927587827,1.739902626776011,0.1507433897901842,0.748559143634548,1.6662280079177572,e2
0.7192426095432881,0.19184505009393937,-0.09413059087640847,-0.015998643798525114,-1.6599432595059476,0.5247845331723775,-0.6968392650089414,0.17933849290604578,0.4154467154837664,e2
0.0749995375662208,-0.5453223621439911,0.3417649563160473,-0.07423484601827662,-0.887476992417917,0.5657880734997986,0.29448027127163956,1.3721476686302783,-1.6654305453564846,e2
-2.265288746956357,-1.1128772010348336,0.7791357900278295,2.384178061770963,0.30067619392733536,0.24950119915875074,0.22280583387774416,0.08082046970140752,-1.9600741124084378,e2
2.447598337793862,2.0397527045497363,1.2536067875529566,-2.7447185112027745,-0.6758272757290742,0.8585251405761041,-1.388922638781172,-2.2884042564126874,1.29062594299166,e2
-1.4958675239510686,-0.02059847269441112,-0.6270350825024069,1.0597080827070926,0.34320748789357863,0.5119694712837192,0.4231182681781815,-0.8622450943419072,1.0880170320722993,e2
1.575721577793459,-1.0027012157398585,0.11784358286327683,-1.0557676560837683,-1.024591883467418,-0.8983044091235316,-1.1291662211752185,-1.4538102200372156,-1.1530755511508892,e2
-2.9394394534986787,-2.2916199670853565,1.7648264448056834,4.666631428444905,-1.561832243706902,-0.10979145590548335,0.018820057595388958,0.10857751694537104,1.3337174611806784,e2
2.6935394045811116,0.394145609805374,-1.1694182478304567,-2.0023398400928296,1.068585894893104,-0.5892262508755333,-0.9732612847285758,0.6837079673684706,0.5492650563003001,e2
2.1184403133148373,0.6776240566727285,0.3715381246296595,-0.6393329048992837,0.1318704459408045,-0.025316103534604832,-2.2879101200036223,-0.13471507539103897,0.4838327852573716,e2
-1.025712643113414,-0.8346139991985866,-0.7993390419067302,0.5292660577715882,0.04217635485324378,0.1056834114054327,1.3493262618258257,0.23695744625660722,-0.005608774608790467,e2
-0.0003657958206653156,1.5652697964056712,0.9775617152869053,-1.1463568015122652,-1.0312028529555253,0.9146652143705233,0.12657783372791312,-1.2224217344090325,-0.7406550247435693,e2
0.3399174816480846,-1.0802132741798827,0.05590476394421001,2.21520581192414,0.8916675008131408,1.0192402868317985,-0.5508610557825241,0.17540938857816324,0.5023359821425075,e2
-1.0910142696198868,-1.4852939116375927,0.35684802699273976,2.386777155462911,-0.8979371469154731,-0.8670017021659481,0.3460498784699542,0.6450247265620744,-0.6561834870801888,e2
1.7092071319506048,1.8098066797382177,0.04062125622029484,-4.079020310212671,0.35631741699430725,-0.161770329596612,-1.6504357510529781,-0.3390495166054388,-1.366205843877831,e2
-1.6927101166346408,-1.9537058223207966,-0.5932726966173443,0.5548786186943091,1.1957871377413836,-0.3268464306399815,-0.564961963941794,-0.7844219859800711,-0.894160500872987,e2
-0.7384137872072571,-0.10672205526083732,0.07702930591002219,0.19201715230245892,-1.1351333363871643,0.04055532900745494,1.0014676071965671,1.005906125542379,-1.2600667477578553,e2
0.7273464053800668,0.28230597435811206,0.15868108140594173,1.3438596412663864,-1.4118863227117153,0.8633778419120522,-0.4317261803630296,1.093100658362412,0.7270799164025702,e2
-0.1025592267372637,1.1293000334795962,2.5888341486786204,-0.6957151119628173,-2.4345162852029385,-0.7421783026419232,-0.20715204340708185,-0.7737891920711428,-0.4018715344640472,e2
0.2958653737499375,-0.257982843020365,0.9669003660473872,-0.12874060694380365,-0.3121642674383832,-0.15611916353434308,-1.4178090371432603,2.3471611958217884,1.7922174553935637,e2
0.28138810733652875,-0.6618921414331389,-0.875463197666104,-0.5272094507073898,1.6783248295401254,0.2325949414904095,-0.025594366162214072,1.420310444786324,-0.5134096868878573,e2
0.1824671663119265,-0.77400578355154,0.6377744876684923,-0.4916959703470042,-0.008178327540406927,-0.5421377515452441,-1.420156620104158,0.8957803598779721,-0.5529667123932,e2
2.1569729011007084,0.6073867252486791,-0.08600993390910742,-1.793875324064004,1.6935081677299735,-0.3698492074349824,-0.41535317709384517,-0.36546319713335595,1.890427459174627,e2
-1.6054254812954625,-0.9428652607305609,-0.3932386711334147,1.8855509791133491,1.0048833509735253,1.1626161588174773,-0.6579446822806797,0.5108484609648315,0.4758786241598824,e2
0.5174158065066635,-0.09172071517488341,-0.2244504022861248,0.1282767434612359,-2.0293161832409656,0.059676486097268736,-1.4777049516904748,2.4699360806500823,-0.8831665599714201,e2
-0.7964077556819468,-1.5558681866420658,-1.128797101585241,1.3816634267897407,1.1394055748294694,-1.0719360895074332,0.23454851852961356,1.8260413100554416,-0.9985785696583367,e2
0.7040565602813547,-0.2630155898650852,1.766191268511633,-0.03983434822659365,0.12268042810824231,2.1726382994202047,-0.041303050743140224,-1.4536964737214142,0.21845872247161033,e2
3.978300820737724,0.7002741854913818,0.8754034089605983,-4.731430149949748,0.9778870671821556,0.48375148141180524,-2.8628193585215564,-0.11702485935626476,-1.2607352570275343,e2
-0.8182725007891751,0.1689526521181315,-0.6011436846724555,1.3163191071760216,0.36458260813415977,0.8717740557204448,0.8528205200838764,0.6569422433961492,1.047309846525783,e2
-2.3918798302829587,-0.23892456691695452,0.13306161065840258,1.6078676962326277,-0.23158337324205172,-0.14091875810194435,1.0340676755959737,-0.658887644913439,0.6813490658768226,e2
2.410176100509381,1.7548658125090835,0.18472984127799863,-2.4323967876723716,0.9000653525257128,-0.3365379925408523,1.0804391193889082,1.9746252909104314,-0.12812938930070827,e2
0.5913171123297266,-0.7473039956151877,0.12287958501905119,0.267205916412279,-0.6890086756963194,1.6167713991898485,-0.8468747649906921,0.9558371579331363,-0.9968261138712057,e2
0.2395023724377887,-0.11190072534279626,-1.1746144901759714,-0.3281919620455289,0.38492168650219183,1.1560350716898484,0.37205589904788294,-1.422245244926817,1.1422338104779173,e2
1.2099632139259984,0.14763268345150465,0.6821685909879794,0.3594308411905036,0.2463184015393851,1.9339342888634066,-0.15600035085900413,1.2865392674912042,-0.6168348580567299,e2
0.875888437140588,0.305446956169217,2.41795193105793,-0.983769650111441,-0.17133934441403587,0.4094119460515092,-0.298748105317794,0.6205277807129814,0.6853532900488208,e2
0.02178545141806343,-0.3101296593985824,0.46111009138729775,-0.17684177613764074,0.7023159233423706,0.2028347187763489,0.01830463254170041,0.047057432201529394,-0.37029264760518316,e2
0.45531368001522476,-0.0119614737804576,-0.9196085567438415,-0.7067802021453642,1.870140705523629,0.6072235586126683,0.01354870901551689,-0.24219787641347992,-0.8918884651728101,e2
2.294680909837015,1.9131958615797355,0.2628818491288069,-3.957335231636037,0.12919550604620791,-0.36758895843044065,0.0746489727926375,-1.2192954884097613,0.0901660979755632,e2
-3.5264101521958677,-2.461244761488989,0.26238348031627745,3.4392397309522873,-1.8161727129836467,-1.3134028407226404,2.042853849677106,-0.4630853109940761,-0.364107757331881,e2
-0.057221048145788767,-0.45761983125635847,-0.14793743301121273,0.7350713083666591,-1.4058838706130967,-0.32365885369299513,-0.23104550445608094,-0.20386622241515265,-1.0867401901128986,e2
-1.0770293949003138,-0.5391299217325729,-0.7593636506823275,0.4406414436488588,0.6196737318135379,-1.816038174736006,-0.3060241027629014,0.6650585936060035,-1.5171877899182244,e2
1.522498455813799,-0.12674151564862696,-0.8471263777548054,-0.9560710340301699,1.1484859725464527,0.7953791462740695,-0.9621656768089369,-0.2603930662531735,0.648710960008656,e2
0.011387046818714441,1.6233026599470972,0.022441401332300152,-0.9765262991593842,-0.3792182913326386,0.03841787749360044,2.028901920445688,0.9889479237039398,0.4558088926048026,e2
-1.7959179475108373,-0.8678248047682268,1.0012019391044027,3.2435087231955313,-0.76297964390759,-0.4796377863262844,0.8995894869408162,1.7699883564895966,-1.8714412633327402,e2
0.5221456089578684,0.4302076048946593,-0.60593743709998,-0.48079653124216565,1.045280547192862,0.252386588391091,1.1115766050282265,1.126026521422652,-0.41755916057871634,e2
-0.6948141716574507,-0.8412238628284567,0.3087446257688281,2.113950394272221,-0.20048530742719473,-0.7993324912544558,0.23270042402402757,0.4509023756641502,-0.0594506843135606,e2
-1.8275446089075735,0.5598901725971416,-0.6237145917234925,0.9084368191480117,-0.11730691228731854,1.1378257718746267,0.5318286881600639,-0.30826739213244164,-0.18166477243989843,e2
-0.9310537013549343,0.92848048660428,-1.3527868851456426,0.7184758668614717,1.1905831128250979,-1.6840465579089987,0.6726756647225902,-0.7806195404474888,-1.2952236131340478,e2
-0.3641529050852994,-0.4736951361472606,-0.7735926512107745,-1.105472587373387,0.2657721844380427,-0.40908273367838316,0.8572886352162791,0.4379039951848049,-1.0212955567634088,e2
-1.0304155993992594,-0.06361317552227998,-0.09034371332450056,1.002257822771142,0.4934644382576694,-0.36624840418504107,0.6268375439049686,0.011714772890077064,0.46255439571672236,e2
0.7624017669948833,-0.6677306233979652,-0.16205837883217558,0.8420743937293336,-0.6231695723892275,1.622036558367535,-1.9088338261773283,0.5645940693794097,0.6841820855528302,e2
0.21852667585576363,1.2451511508646833,2.667020381625339,-1.007601501361004,-2.0205708128479936,0.39780257913523526,0.8347684778735804,0.3733036259103062,1.6413470348693873,e2
-0.8942715956858361,-0.8492731765034969,-0.44545780177685845,3.992900155315785,-0.24080286513185434,-0.40061300494764174,-0.5695837684493553,-0.05478825374698756,1.22832453519066,e2
0.20174455109471234,0.04274776528443797,-1.6863095629741973,-1.1695041234766301,0.09870481685219112,0.8808445343981673,0.1074193707906699,0.8286088216422769,-0.6512293081835537,e2
-0.1414686851914928,-0.47087690429500156,-0.9910840203456168,0.14682045044290348,-0.35022774102046095,-0.36771834091087546,1.0517663647495248,0.709776003721745,0.1513140224350083,e2
0.7569344128251307,-0.6130736364635823,-2.664243928416278,0.7328886005568888,2.8237932403450676,-0.7841088080871239,-2.2725770082584797,-2.191054298854819,-0.7230867807724531,e2
-1.7112720109711554,-0.7447012439032665,-0.6443919880165611,1.0077587533790067,0.8748613484265388,0.2301541601438388,0.45280493471444716,1.1444843403471032,-0.08429679465223387,e2
3.454144305213502,2.4848037713125413,-0.9751549670711678,-5.034366620938089,-1.4779420845175064,0.5773882319007141,0.34208531299488115,0.8013017661851392,-0.7210079901473943,e2
-1.498345545482297,-0.8800885911998751,-0.5534210009917986,1.5933237303097225,-1.029397018934802,-0.16917405875195715,0.8973428249373228,-0.6310622659002122,-0.752694374598825,e2
1.9009425310406904,0.9276346312003436,0.7600186330610735,-2.7776207554972467,0.07034800106291655,-0.6190380184405598,-1.34940829370722,1.610020042264093,-0.5099618974265339,e2
0.03896766044215094,-1.2481448928582075,0.4269945914445606,0.06681162004970709,0.26723644623148174,-0.6200015423969006,0.00566358565132656,0.1932725453428144,0.4447957169345757,e2
-1.7280868187248148,-0.8792111621275964,-0.154649494764611,0.6569643491432813,0.159589443993791,-1.2425630909318677,1.9237864202150385,-1.1612707770922184,-0.13031957458340349,e2
3.7373317613143016,-0.33395934871219984,-0.2784165929538565,-3.389064112289878,-0.18005978440451414,0.9199064385817403,-1.8264600348819873,0.8577742355152651,0.020571413169062327,e2
0.4508057987233347,0.0822106316726102,-0.7942292761046873,-0.3939612169166088,0.6577376121376192,-1.6393632005065277,1.0471081313661244,-1.3791557724963837,-0.8660415787863972,e2
-0.6149282831091765,-1.4129708988345329,-0.8344363567146359,2.2598032220213042,0.6170621640145508,0.24134794020300682,0.5581991246235142,-0.19925964785629507,0.35383576633245867,e2
-2.0336007511757423,-1.0588281781131716,1.9979808472192957,-0.13774918963995608,-2.3922062350520434,0.46884242413785837,0.8571974858736638,0.0695084115799716,-0.8645137130849122,e2
-0.5216873725824833,-0.36735758917036415,0.03990760417917125,3.6089973188186923,1.020510346788551,0.5101660334825701,-0.9439296012460066,-1.2330257914021021,0.7321913261185942,e2
-1.4680837333518504,-0.27281407113175327,-1.10196247533292,2.44145019810788,0.7916172709491126,-0.5346790940360989,1.687834867768022,-0.6524440643359481,-1.481407665122712,e2
-2.401621213756851,-1.1379390989289333,0.15234566010016998,2.3779084703076068,1.421058871828186,1.3506420917969524,0.2347951403837694,0.5319808891691616,-0.3788096975498959,e2
-1.9271674609355176,0.4045834883837755,0.35589887145952187,3.1009140246741715,-0.6156486020538017,0.8143900353162694,1.1376816299409134,-0.42655725074913636,0.49269998116109476,e2
-1.2421843217755548,-1.1316121828850674,0.0952420631808047,0.868099931188874,0.6661689307652665,0.41731964304812075,1.811770613487514,-0.8795198189230992,0.5334146466741253,e2
1.9174810764897603,0.9152994782845579,-0.6798515572057002,-1.90718405920979,0.013914838514923034,-0.5199305424471956,-1.0296697919564217,-0.17680832957178655,-1.856947062734206,e2
-0.7516268299309581,-0.64660453480594,2.420232084621124,1.811622760570442,-1.5580136499955148,-1.731980160588997,-0.46996872515227717,-0.189531675669604,-1.7339163530731052,e2
-0.8772280772086946,0.10534194826649586,-0.3199952280678912,0.36686293672305714,-0.7433965759028903,-1.0967022155196289,1.0418441526045916,-0.2522863727796332,0.7587509210390834,e2
-0.5462705553696786,-0.48626662058522274,-0.4299512721140218,-0.3771234260283375,0.9258033202531748,-1.2563395720050092,-0.6040846182904149,0.6089494924103889,-0.066817323631614,e2
-0.7793123802105468,0.619977508435687,2.326794535174611,0.13861470798515946,-1.5028711940192712,0.03621462504511402,0.7857682961698865,0.9053141390159307,-0.49699905059547067,e2
1.9746703252493336,1.0758120346514661,0.3258998131906991,-2.3753727713540536,-1.311700235629813,0.34630811497821046,-0.6188360316712715,0.7116963945003775,-0.8255611808755531,e2
2.063724214601621,1.014262696141138,-0.725682982441365,-1.1351117147183674,0.624227734638124,-1.8165510084139411,-1.2543250317907324,1.4723433290688135,0.5610851493356211,e2
-1.2191674928746812,-0.587512648712277,0.9766171862151799,1.1215818085315064,0.35398329674716333,0.26541097010067893,-1.361074516393988,-1.155101372599927,-0.17759711943095438,e2
-0.560977955818783,-1.1395754796936144,-0.6875786867990189,0.5873334713258394,0.9037529036313792,0.2565288009546989,0.14375782654918742,-0.6505552833192786,0.14737129753340775,e2
0.3666480904828279,0.609521986322039,0.13654412934288815,0.7593275353557201,-0.8268620266664577,-1.3528915723947352,0.17338667865060364,0.5110935989932961,1.4717012081862562,e2
-2.767549237741605,0.6670334966095625,-0.4223501758114872,1.2565715864785068,2.879869644053999,0.3585707621576457,1.1165785539039523,-1.8999774196515493,-1.1243312936546412,e2
3.7623173142866406,1.1351726399308473,-0.45219836401886176,-5.243134015834258,-0.2172326723555617,-0.8482728978920643,-1.4432968205405314,0.9734988633826348,0.7395285773168486,e2
-3.5790405803487957,-1.281740201968589,0.1412318692176503,4.234130938286189,-1.0131613731008784,-0.4052094050434924,1.615268851359421,-0.8285175515542449,0.3545300270413272,e2
-2.487126889827569,-0.8377748068515503,0.0973994480747451,2.313307768888771,-1.7336700065108288,1.4787548831193966,0.7014822666013115,1.7359560355409116,0.8223036515929948,e2
-0.8438084876672725,1.007073715392585,-1.2198059173728648,1.9987485913647554,1.5962641431523767,1.4609895430077349,1.4491700360496118,1.0313923120811948,-1.1285460881991614,e2
-0.7295790529296409,-1.1745200392172264,-0.8361984574058589,2.4256099145393497,-0.6220842016657275,0.7445535425230453,1.155251262721318,0.5201751686020533,-0.4800525029125262,e2
-0.6148311519874736,1.0670452298171225,-1.0759042969526227,-1.6573124065639335,-0.47871199368252304,-1.2981562623722338,1.5054456430320948,-0.4864509106033431,-0.4174938832249276,e2
2.6530052187334583,-0.9575409311005147,0.6191442275877134,-1.2345775774749062,-2.880431278493589,-0.4603809492338856,-1.2931786299844779,-0.6427714003389978,-0.09839030636073039,e2
1.3292079606520795,-0.2318229966117666,0.013593692070814083,-0.2810915874375838,-1.807475727888315,0.185495167197921,-1.5217762212450887,0.31589446834701235,0.9243423444131654,e2
-0.3189957438232465,1.4054916263223578,-0.1807185893258782,-0.06184091644490619,0.868712557052665,0.9495431616784682,0.8458021699518007,-0.6346504244374895,0.05903571336859919,e2
2.3933820025689694,0.44472328257593774,-1.3510165059900892,-1.6639192082194536,-0.3583221760588605,1.518285613243479,-1.7571274827225882,-0.13578724869257736,-1.4714433291549822,e2
0.21500725522449438,-0.2808679425495794,-0.5947170494186211,1.1630310931389853,-1.1455083856032995,0.23784902648049128,0.6417374532821107,0.5256567884617032,-1.9792914952304446,e2
1.0501243795939634,0.291118682501494,-1.7136447268459334,-1.42141395102257,0.9822567647995858,1.2705787087829303,0.34519682332455964,0.17753495675018935,0.6338669107376995,e2
1.4753523920835878,0.395001490320889,-0.4793477950567043,-1.497182603857962,-0.6350279737959683,-0.051797330367327775,0.1322960126316403,0.04530573241609079,-0.9704602753781293,e2
0.22587291667141404,0.5161438814505593,1.1669225974329975,-0.4954402531830069,-0.2891803875092274,-0.638005843422479,0.20786072607218473,-0.687157789133343,-1.8924664715509083,e2
-0.19335176308422375,0.24434674624764616,-2.7112936022495284,0.1587092483792335,1.1105790731175418,0.49145347863153516,1.407483814035287,0.9498690535619028,0.05694296086494509,e2
-2.3350379090960782,-0.9884719226696074,0.5702147424027303,3.1343189506732823,1.6281971877520542,-2.4800726309842607,0.7162466632294404,-1.3515727348312492,-0.5987537906342422,e2
1.8364488583728205,1.3446535583425199,-0.041045526913418395,-3.9183838388751058,-1.2292471981647712,-0.2445156825841897,-0.7829051969099202,0.8611399961371188,0.24282801555528513,e2
0.5453828421634831,0.32156567809098524,-0.8335298376027318,-1.1369147895228702,0.8456841099756225,-0.5425205694058276,-0.16589177407091185,-1.4140921972462621,-0.6726198032675332,e2
1.456080522301528,-0.4821206453683502,1.810037041513364,-1.4273833672849134,0.604675858656941,-0.4082411790827841,-0.9633183912672881,-1.2467916673584376,0.7339856219771193,e2
1.948924331107647,1.09941707435594,1.8721774443800345,-3.745466207131904,0.46891739293191237,0.01758368809657156,-0.08904072507695783,0.41555356668102816,0.1753105117827923,e2
-0.24226588419415013,-0.08249913436026174,1.7484839539281392,0.28416508505856347,-0.1571751307049999,-0.49072148036882646,0.642448494158574,0.528480394862304,0.2992136635860588,e2
1.5391697942744567,0.2506196501055103,0.6138199524643092,-1.208003736163891,0.4249397006771418,0.609900200659083,0.20075316870790372,-1.723737082345347,0.5803420737220889,e2
-2.587427045451243,-0.5340604043942159,0.6386706186937702,1.7913940606348087,-1.0770771456643216,-0.750421028899306,-0.28605019357301276,-0.8054038485090892,0.6004985854154855,e2
0.7898371038816079,-0.6079474983390365,-0.23671415180506486,-0.3162588898849971,0.1975152705346395,0.8453821650829408,-1.0403286421484474,-0.3726156265848755,0.1306272234941678,e2
1.982018578862175,1.5987812872208562,-0.385489026360393,-3.7230852000494536,1.140607353990946,1.8220156922616373,0.22133503997351298,-1.398142172677912,0.6442044049907792,e2
-0.34650956434009333,-1.1389760757918581,0.1503498279851424,0.5715920312477439,0.24791033813960645,0.7560295745934826,-1.0867643489366428,-0.9290391225459901,0.8286039451306738,e2
1.38112945335673,-0.3707365731949547,-0.01678345783584024,-1.6207790837638572,-0.270133026969627,-0.5097041430277508,-0.477267713247888,-0.7439352181778826,1.48735791313952,e2
0.09490740706942535,-0.9735755979661198,0.5102031359945531,0.6126479056352413,1.2089445324398773,-0.6309461228207454,1.1447384566225696,-0.8343012548826862,0.21599494175120373,e2
0.34891703645355204,0.021431882553174506,1.923098545390236,0.22881235022789048,-1.470691472011215,-0.16601804903422482,0.5392961464312579,-0.24660745007634996,-0.9292589139963784,e2
-2.6611080854469864,0.2775599827031583,-0.4217205508127019,3.626211129448153,0.8348194981952122,0.02544525917997721,1.691287792695166,0.9805011002036723,-0.4350918649341671,e2
1.2465093768600808,-0.9786359084104524,0.13035423957755168,-0.8477538658740253,0.041060669075763404,0.392752931255532,-2.0182603598856317,-0.47795021041319313,-1.4397189988267605,e2
-1.1265570928956359,-0.8434195573227847,1.5383388453551754,2.3900580281083,-1.1159407494166131,-0.4810926845841121,0.0030127749657409266,-0.5461263780458004,0.3143946152287253,e2
-0.7014620721193365,-0.8158611427378607,0.32859703118367883,0.610428593515007,0.2663991334104714,0.7359001621629898,0.4343250298305795,1.0824475446467465,0.5903092399762573,e2
0.9131960990856343,0.9053507484884143,-0.5631511913227462,-1.352848734463074,-0.4744782966463919,0.9893116895710351,-0.4556775110161977,-0.0921730020750888,-0.0019248931810031814,e2
-0.04349650607895161,-0.7707554389882907,-0.2574712922624783,0.2711334502649155,0.035611906553891154,0.2010211858969259,-0.05933546297645863,0.5942874621144484,-0.9522667715537018,e2
0.74817045748792,-0.7049623075845228,-1.6108514304832335,-0.3298453803025192,0.808401937015162,1.337459111273068,-0.2319189286737934,1.0118903154813714,0.9882422552028717,e2
-1.3565200947256932,-0.3251543976782903,-0.21942133357657784,0.9388815891018056,-0.08042031506837594,-0.986669772650068,0.1604478077940986,1.3002877535932087,0.04742935618839015,e2
2.0709883326359435,-1.3050045302057534,1.6271355130404024,-0.09580433592703885,-3.2517300801921025,-0.04759242200471631,-1.525187169110218,0.08121333081723935,-0.260336629915228,e2
2.1737969815673313,-1.640564261631075,-0.5304522942363665,0.4307644571854423,1.5371340202052832,-0.39649949305417515,-2.6044157043352367,0.07619907499083471,0.39507250292056584,e2
-1.3155532111853145,0.24594406708077338,0.5387192521094623,-0.4114493763803089,-2.9273750725326204,0.8781682606250506,1.0125015708122216,-2.235671888954766,1.1782580678551935,e2
-1.0667903734113824,-1.4130206726589842,-0.2765325350690485,0.1304330651948733,-0.604606677252936,-0.5147770388588505,-0.3322106923059109,0.7930389434291951,-0.06649126468778795,e2
-1.065632481315211,-1.0410375814606103,2.2866900539553714,0.4631126338176961,-0.8576474336645752,-0.006228817320556247,-0.5264694410332201,-0.5433106805611758,0.9773740689174144,e2
2.5716753924000626,1.2058782986303478,-0.1679705859532905,-2.824476269738849,0.7761597557816292,0.6863461958249331,-0.2644203082874798,-0.09627751461987988,0.837829191566146,e2
0.3800103743972229,-0.01419797691099986,-1.2224157852893782,-0.4149852691437167,0.8830126005062158,2.2362688959155888,-0.9096584936834572,0.36679793299617086,-0.0720318745232836,e2
-1.8759273609993807,-1.0183259057812577,0.398330155168881,1.973126128428179,-0.9041184001414302,0.29059633273821206,0.6201131506871311,1.0310820071669817,-0.7959139708466049,e2
1.321977054253913,0.6233114162190471,0.705531518746986,-0.26098328754181366,0.7937614007290319,-0.08047348269682164,-0.47035830866558676,0.30927604887102295,-0.3301680723741552,e2
-3.901664553436791,-1.1263422930161127,-0.5629114494722127,3.4205115021361325,1.3586031348252567,-0.36325695071924086,0.2417877997376381,0.26776226664463504,-2.3103831484910415,e2
-0.4479087858905326,0.7453069483635645,-0.05286201235982687,-3.030001038960096,1.495458499401726,-0.7690842803636807,-0.3973001285940325,-2.7352796699393718,-0.06719563340527095,e2
1.4601715662490948,0.01966247858298069,-0.1928207575703444,-1.7676989705339183,-1.2960927433861686,0.1936852500386914,0.019649622528876847,-1.0884247603205575,-1.6247919694621569,e2
1.0296251100101474,-0.43017718657511855,1.5067876641654154,-0.6800696424440257,0.009766574211253376,-0.14123171644576218,-1.0552872075202542,-0.45975249598025664,1.165399861430856,e2
1.9160675280165465,-0.552009828932369,0.06894980943765455,-0.9784563875412767,0.3871282766895967,-0.20035252475470045,-1.8191664524988982,1.146284104075347,-0.4201788538497073,e2
0.07687038005856384,-0.5519437559511312,-0.5067402533835264,-0.574192011265898,-0.4150577159127955,0.7359849579254965,-1.5906033486107598,-1.0367419406743448,-1.9320624393344121,e2
4.377128648426248,1.8764478822821598,1.657797496325455,-4.062183024512153,-1.7880280321976914,0.1580164486153976,0.05886347008226954,-1.376596803453983,0.0695073608350011,e2
-1.6260091633117546,-0.57746190134523,-0.9338118993158068,0.9692907044971274,0.5677198992275169,0.35213808491136445,-0.1318766242388853,-0.33794772205111695,-0.5821801788280347,e2
0.8403582381486763,1.6445618010332697,-1.7743898839865628,-1.0282606754644927,1.5614078270547491,-1.349140652493384,0.3288476613674964,0.8199870376694904,0.916184403702559,e2
0.2975667636347104,-0.39398321869608066,-0.2398701369510082,0.8463507177727706,0.8740101318370445,-1.1639191297836518,-0.268427725808993,-0.9883752710509688,0.34406587041380154,e2
-0.2523327274352445,0.36658415469370215,0.6344730144712892,2.2742565854991197,-0.3202548716461593,3.1371396083361454,-1.0788431750804046,0.6784877634868935,-0.9009440094662265,e2
0.09319997075622319,0.6226887034879813,0.5834865856953543,1.174642597093503,-0.5191508234350988,-1.966005983035047,0.7469921606423557,-0.3012052274858574,-1.296948922391338,e2
-1.927338727009299,-0.08490992424891054,0.5340187892477459,2.141307582828087,-0.5235228848689072,0.6718904945664738,-0.08561235969523891,0.25519688142012453,1.5686029559684307,e2
0.17786166235382017,-0.8001148265180956,-1.6767992358429076,-0.25766158441617376,1.3034512488343293,-1.9188758200998783,-0.9042211745583564,-1.6058245553075645,-0.10019092921842164,e2
-0.404589382342471,-0.00769147946945618,-0.5504120821913697,-0.5570644928592842,1.369228490214652,0.9516740231033389,-0.8035835144122738,0.32468335865336373,-0.41631353496737544,e2
-1.1831512228041592,-1.8702277005782164,-0.2597310995925029,1.787415158719242,0.8463340117923566,-1.9851821623742747,-2.6725508829531104,0.6566707398952021,1.1023657547810464,e2
0.2997795492893882,-1.557265906313596,0.07994871230381263,0.9103493693293357,-0.4562437889952779,0.008060820306851808,0.11806806269476265,-0.5392853901962033,-1.14732432963638,e2
-1.6139194237081331,-0.4454401412165684,-0.6124907744525658,2.093844608521051,-0.17624360586097276,0.5960052942566462,0.9977676618921343,-0.3706582294340036,-1.7328059625190937,e2
0.5297907173476097,-0.23285610241200622,0.2099931679703376,-0.4283302426134431,0.42165701426347324,1.4905615241000507,-2.1348612167006267,0.04193042048370921,1.0264860131937947,e2
-4.13349043986233,-1.2365636995096863,-0.2611342198165615,2.8078075991934055,0.6906027036335759,-1.6976216526610608,1.567330970930117,-0.6000532322249319,0.7408351703329605,e2
-1.1342964242191438,-0.6259535942090729,0.1973137190392302,2.2600136437332186,0.6849145160963857,2.7509523362361223,-0.06427940300703769,-0.3897636786312966,0.6282946879021886,e2
0.6566730296093573,-1.451578135583014,0.7387743278535531,-0.1941620556435083,-0.08089925229639933,1.0540779109896774,-1.7366769441684131,-0.5048593705915646,2.10483692798145,e2
-1.2442501927418885,1.5240201651298506,-0.8724191407084212,-0.5354707537622192,-0.3484096611413825,0.4985850600797446,1.2545547727260644,-0.6463582798983618,2.599546089835714,e2
-4.602823826489163,-2.807939400181259,0.8509626167409392,6.6461752194234025,-0.3679696154758504,-2.529871362769006,0.4877227724642204,0.7193776009178605,-0.6240171395645574,e2
-2.4142537302907456,-1.5496955628364024,-0.6312636697125236,3.4132145344833678,0.5207363822787661,1.64269926757778,0.1948689444903215,1.5460027785093717,1.3960824537731595,e2
-0.43418133490245614,1.4869779857530683,-0.25583062054170097,-1.17173208700713,-0.3510992720543739,-0.9160247816232178,0.2168115697207207,0.5777358803356335,1.5521343139976973,e2
-1.3338168399505963,-0.1379106503836247,-0.550183419611292,1.4538576573329516,-0.5101298462687082,-0.14070596197788054,-0.5945844561706286,0.12166407702165515,0.30744557521762717,e2
0.3576132990638706,-0.0017611012826166165,-0.6524228084523245,-0.43177382403774145,-1.409838230636581,-1.0060159580064565,-0.6916470483575279,-1.1109854506734065,0.6604688790310516,e2
0.06449089838776001,-1.190559711489947,-0.6837406675917361,1.5518569188031996,0.9392578838918819,0.3089779773044716,-0.14395182961724576,-1.3668322716653531,-0.5578073536903176,e2
-0.38611261710295675,0.021332303575510657,0.21985101600084841,0.033881325707452836,0.3544932946312451,-1.3623245997847473,0.9297349963224568,-0.3255092121578031,-2.520169232153059,e2
1.7616200582204868,0.7166712849810687,-0.4521464779839777,-1.072881823006529,-0.8106654124474436,0.21231866120492046,-0.34992614867746274,-0.16969509924483844,0.2418208240608594,e2
1.0712126093316274,1.6242676813075396,0.8607202161925902,-1.9281941755561507,0.33276350223616324,-0.5635093743948029,0.8411751829431603,0.40594782835521376,0.03219779313500874,e2
-0.3583049820810227,1.00509091853681,-1.6650891697892343,-0.6741521406613594,-0.2878711661692859,-0.9710071281666925,0.22304500606548214,-1.4962268184301597,-1.537046434203394,e2
0.7060527807520359,1.1664433887135337,0.5589865700231099,-2.105692571037779,-1.3040454145190492,-0.6025288306188299,0.4766203534711393,0.31572843871347295,0.7888304133745303,e2
-0.7893725449091619,-0.10917403489986416,-0.5648154664214907,1.1346423496708713,-0.4615893102656707,-0.8431555339891599,0.3939363122257005,-0.4176487794778,1.6548839927565164,e2
0.6649543245556764,-1.3186609293513807,-1.815680611376825,-1.7718373211550922,2.2806392780907703,1.0992932227528605,-0.8036177131508522,-0.8485849667014363,-0.3058433779472929,e2
-0.790137904718241,1.407841046899582,0.7692536149477092,2.1770312485563146,-1.386399300074626,0.1399930973924833,0.6281059799263535,0.020997823273778922,0.48840720522198316,e2
1.2661141888037526,0.15540730975754227,-1.3183469125276122,0.01903462231326314,1.214621304828098,-0.11607746454776484,-0.8986522163519858,0.0024143465489279703,-0.7636161776164466,e2
-0.7557872343014186,0.9383026904306752,1.5306832222951474,-0.00958539606356753,0.3807699303496026,-0.730331099336218,0.2504882002044388,0.5764633435314042,0.1370126477621637,e2
2.01737960282506,0.5744445899932876,0.22691044617436001,0.7955829010799103,0.20237670139498717,-0.39486074477537386,-0.3320648204850591,0.08384800746816658,-0.6548439242382368,e2
-1.084308403140151,-0.6280358015497962,-0.02690779340744227,1.8634503798703956,0.7245936873267987,-1.1711199573282167,-0.577364323802789,1.639751614732579,-0.1706790777150932,e2
0.33547465873277854,0.34928410335301696,0.20591619364795144,0.3210820035513048,0.22458322000661016,0.5704115279376218,0.36298423176252426,-1.1887463191830274,0.22083117166739893,e2
-0.9770880932397945,-0.3997418490462085,-1.2095392820841218,1.6008125424928263,0.18852507712395294,-0.30013994624420137,-0.49146126764755915,1.2529079607557794,0.6891629838652481,e2
2.365291003922117,1.4051715177580595,0.1757895368631318,-1.8820602369414876,-0.6124785741880079,-0.08423333900565243,0.4096359603622123,1.6812096764703441,-0.5334305343613278,e2
1.3473525143555483,-0.24842562464000387,2.142616294472842,0.4472576828654721,-2.1040943842161592,-0.469438676849693,-1.313980234328355,-0.48721279052286276,0.5475553721851125,e2
-1.666136628442011,-0.9863673898833357,-0.7793482669420085,4.091993948119832,-0.8854025909220996,0.4154004853348209,1.684556666822825,0.05582292591802399,0.7601568037263178,e2
0.27683709288472136,1.5225015014253331,-1.04888843194435,-0.8289229608457472,2.2048872466043727,-2.622556380962983,0.40435188202132044,-0.3264991546945914,1.1832999851423094,e2
-1.7128728851642028,-1.8601567799246383,-0.8332604646778996,1.4323725734937052,-1.4870202289449357,0.9628614008347299,0.28184497619571963,0.31084461304909244,2.538986427373728,e2
0.6769318768781967,-1.463385798550521,0.7575463422524591,-0.10844201862251363,0.6394484931937134,-0.5760163219177619,-0.3400547709043869,1.054377569468406,-1.0286005424275304,e2
-0.6028484619579224,-0.17666827046382577,-0.8824137005974613,-0.07503864701035168,-0.5362272762398694,0.4309450359039212,0.041294233845949546,0.2480159802865378,0.19938456040072686,e2
-2.0542076143987105,-0.19981496306150132,0.9079643948720518,2.5103502572597436,-0.2599502689481386,0.6932065659172734,0.6898503128519733,-0.1891144209781012,0.5248655260201158,e2
0.9693379538141699,0.3997406358398578,-0.006580017809591579,-1.3570961380476367,-0.4875086960787026,-0.3338734299364436,-1.5672564110068676,-0.33687920857377596,0.2447637679397039,e2
-0.989542188209255,0.0003406416498613044,-1.1870664528721058,0.7539435639604937,0.8209683569955196,-1.3994503372855058,0.6071241536867572,0.8073680688458342,-0.43089664761908536,e2
0.2531218715080919,-0.8015556664666026,-0.2791042291380137,-0.04895437285631021,-0.7794945194161396,-0.49648713129987815,-0.6825010196971472,-2.233056715303918,1.683659769130441,e2
-0.808300488874299,1.1186177745483796,-0.03334016594671364,-1.9442851227210705,-2.1924435265825526,0.9136254962331698,0.2050978998714633,0.5586668554661242,-0.16449576406006788,e2
1.4832464875707108,1.5113462995104463,1.0246804267539402,-3.7230930869051932,-1.9253444119832162,0.8604664293129974,0.24926174666203438,-0.6029364303542881,0.9519614085144753,e2
0.17056968338982498,-0.896290914848737,0.19855727780857868,0.8147791702488374,-1.179456702447085,0.4875655807702678,-0.35313684048937477,-1.876515260286441,-0.27268782395941665,e2
1.2381547068686227,0.7726195455789554,0.4653489621400925,-0.3109673918645548,-0.7030136108151983,-0.4333828124877164,-0.27150417994695625,0.5473597230873757,-0.6481186502180196,e2
0.01774784692916398,-0.6947022026938873,1.2354273967236538,-0.8291744084567487,-0.697781606243356,-1.8601184941784272,0.14082673392545283,-1.3925469042662353,-1.1221947784042279,e2
0.47686574725663333,-0.3835920276313027,0.7435768344878909,0.8492104706056317,-0.81445327042006,0.10366512489329908,0.31350823220237906,1.0968541461699652,0.5895395701892824,e2
-0.925034928944178,0.8390318114279351,-2.087927604497458,-0.23577151508957742,0.6575085180321547,0.5779079247014072,0.6111741897166022,-0.061874277410623964,0.3761405377540742,e2
-2.164810812072327,-0.28602663696912156,1.5408132129173338,1.7646492524489001,-2.082131267284726,-0.5904157088715754,2.080103602843046,-0.4384321059680577,1.2374069399139203,e2
-0.8500653211693672,-0.48109265479857655,-0.7098018953938657,1.2795928816981035,0.43985940188527023,-0.6544787092237818,-0.7239033534597007,-0.26618361846545746,-0.07500722376533218,e2
3.047409089781975,1.0938385567690265,-0.09584306800303166,-4.346834196697282,0.4030789338103469,-1.0057769695676286,-1.2045429702383943,0.5776033097742754,1.4660281394696695,e2
-1.1835673738258905,-0.7399374060548264,-0.3659945956061644,3.046506346835696,0.05867254193637478,-0.2227944486831034,0.014888286904768308,0.8139995243212648,-0.966879372300919,e2
1.0749381093033745,0.9983656150131266,0.5098847576917567,-2.203256783916608,-1.5371853913990852,-0.3639851946225653,0.22080471517442485,-1.2686113725324462,0.9076012009801262,e2
1.2159971988466807,-1.3565859270737064,-0.3624726161052815,-0.30601846562033674,-0.30802295302470817,0.865103398906512,-1.1524994625326126,0.46113609501888597,-0.0048882180095982585,e2
1.283405922421802,0.32980869578597855,-1.3863516260815703,-1.659040207245187,1.1177997847935488,1.009316054306684,0.12053650070157877,0.32251931090000113,-0.36665499805024876,e2
1.6279776359539528,2.013346642113601,0.7733331326552629,-1.3055085663886445,0.20440684740509218,0.6835742407644303,-0.038619618915026556,-1.0679809341632347,0.06987773802132573,e2
-3.4383582625768154,-1.1284779489483368,0.9417227537980919,2.462768691936395,-1.3469049020115391,0.760344201382409,1.6386744215180096,-0.43502979631782507,0.22914156951908946,e2
-1.4404660456132954,-0.0536266349613779,1.20896229874801,2.4115496779999948,-0.8261588502972141,1.6121757113529815,1.8716301013260825,0.34027779543427183,-0.6317259602013616,e2
1.227677894232766,0.23648962587984212,-0.49647157340545706,-2.3446234627517666,-1.0055814925845528,0.48849098014675063,0.4002628202928881,0.29300904878382783,-2.039435506483651,e2
-0.04648429294960699,-0.19009184128791642,0.5304297414677265,1.4379860267562163,-2.3122067468520786,-0.8068108372273912,1.5698288644246194,-1.024985791893911,-0.3662843332921865,e2
0.5708397712856311,0.04161986056057556,0.3449715752249916,0.34954891193776244,-2.3291414770236774,-0.3193466202256877,-0.3249159438845326,1.7748099045075159,-1.1966602215684292,e2
2.7132330031722574,0.7035949684582662,1.0225673532856527,-2.2379953496920413,0.7429244848558793,0.06254679197222018,-1.4553495521451867,-0.4946076470644632,-0.6937380893045054,e2
3.079209466669169,1.0506855095455188,-0.9965684412164107,-2.8338623698137804,2.817248896113366,2.302641472749531,-0.906214017356194,0.7415081264016897,0.2705989988120851,e2
0.19171748545824363,-0.2316862037865799,1.3459194139478894,0.775481890973262,0.1852961884973109,-0.8660693293989108,-0.6347630494694592,-0.3803110169785755,0.6503768375740215,e2
0.5570059126814912,-0.4444744463684218,0.43142578787254293,-0.011531603873603274,1.1913810962750384,1.4744655337193397,0.03141880800419054,-0.8121121491765103,-0.5450996773604001,e2
-1.302502101877867,-0.45523245626277525,0.041760488285893314,0.9047289767034103,-1.4656883228212865,-1.4821196268318824,2.1448940801320093,-0.37121228238079745,0.21296000996062614,e2
0.5083114747875227,1.0854784520881862,1.2859487550086843,-1.7297545368407405,-1.4727202317371537,0.5299118756340291,0.9255975835752155,-1.432732854155253,0.15754641838613156,e2
-0.8037991111690351,0.990246882513878,-1.6488196826976589,2.0776387041712043,1.2663591628487914,-0.4883612265083821,0.8063134751547028,1.4856721584119745,-0.3407832642977307,e2
-0.5709323679488427,-0.16665398489091768,-1.557127375278363,-1.601113566316072,0.7186424969237952,-0.355434738511837,-0.9588519887952216,0.5634794016500905,2.7932689844339933,e2
0.06410822325731458,0.14253500039565375,0.5224753320187054,-0.056366352635349434,-1.9806361395311942,-0.36514414529105615,0.8448215123788525,-0.6127757595614055,-0.5560674268796582,e2
-0.5410676543028298,-0.15069024680829385,-1.2624021034169572,0.1781780998810492,0.3142832195267593,0.30320420174411716,0.4819540259894948,-0.5757083482919636,0.060875038966989266,e2
-0.24837142000437218,0.2890521336092464,-1.8914023521139396,-1.3632419080995442,0.08556492048179809,0.23050229007767647,-0.43667752084698647,-0.12407932544808363,-0.1525326492744727,e2
0.8451462300188289,0.7690441810351741,-2.1819901153128956,-1.0367803269457616,1.1039799963410666,-0.9871677041537249,-0.01596883648418832,0.3574089076204618,0.21361076954026095,e2
0.23599764583763982,-1.9785366235729716,-0.17586767331725398,0.8754368723964525,-1.2673984459600498,-0.09240740581610837,-0.3329663754554914,-0.8034184834985075,1.7305993287607473,e2
-3.1865641909278426,-2.424539187364894,-0.31414053878540754,3.0029427440280565,0.594004807951837,-0.05991273410429122,1.08834845337842,-0.12146237288726648,-1.321931917614174,e2
1.6595686291728073,1.2369736015990953,1.132207354085666,-4.1636239852942385,-1.5975712808049798,-1.2294575113828283,-0.09175081703997962,-1.1199982228283278,-0.2605889789367347,e2
-1.8623744844724974,-1.6350502023677569,0.29242499680092404,4.907995146862859,-0.9066362103922196,-0.740215104457067,0.2860814670478785,1.813251366861773,-0.9841741359538327,e2
1.7935651360220444,-0.5049995707375834,0.5502086305242607,-1.6857706248107018,-0.5709964113022613,-0.5193017740780979,-1.7032541075284735,-0.6145934510464017,-0.6074239421845365,e2
-3.081759021010418,-1.910999780954899,-0.2982282953578125,5.887046351129181,-0.629507479963482,-0.4479387317784022,-0.41941857261404736,-0.34531717300523224,1.2150502879897087,e2
1.55856326038955,1.011989306921437,1.9109895165526278,-0.7834015796277118,-0.893550217351103,-0.40675941320038217,-0.6666907389143937,0.7069034359680254,-0.023380283816938848,e2
3.589817624608071,0.31670786558709657,-0.7949305150326234,-3.993392034544205,-0.5531865138949079,1.0998056244060506,-1.4952403007573516,0.4796801942382572,1.1737284654668656,e2
2.8177650483989574,1.6093151928817337,-1.9551999325202811,-1.4947459870855027,0.7706089678063943,-0.7214520873812521,-0.06274107721413714,0.8662808293134927,-2.1470835510496302,e2
-2.300821136633271,-0.02360841982117079,-0.949009605019366,3.059425769209533,2.836698776539063,-0.22116527014721704,1.1722509772749516,-1.0272853522892758,-0.28997602260113764,e2
0.4901923681739624,0.4764326013690788,-0.3521675303267627,1.008419218082326,1.547153621995534,0.0740730794981783,-0.16926605544490395,0.6864072478119831,-0.44528593035143466,e2
1.944781519083566,-0.9405319033910235,-0.4183925106155437,0.6310396106211155,-0.30658336507576733,0.26517055914866167,-1.3440750792150598,-1.137422167005219,1.619514297080481,e2
-1.5283059355486943,-1.027526728490817,0.1574897080552087,1.8208992751381272,-1.624232801026634,-0.0011523257315986205,0.2657315790665639,-0.31285113403876363,0.2385669433731466,e2
0.5148853762531573,-1.0100039665022462,0.24301270551185428,-0.8958145246328104,-0.12925782129908667,1.1031756402823394,-0.17276613415309933,-0.08975492364164206,1.208285027171059,e2
1.9696897212628033,-0.27262461076693745,-0.7133292116228501,-0.75436879512536,0.9652429530349269,-0.02795609193068657,-1.7772960269641882,-0.28889946022381824,-0.18128849255114018,e2
2.90655131442472,0.9552607488036932,0.5222905186651678,-3.231901447817679,0.5384297223298051,0.34484713526927274,-0.877155735808941,0.31741515768991035,-0.5007922420168052,e2
1.8729740605169791,1.0617484568693183,-0.13609515466976546,-3.776157387023127,0.7933516951658084,0.5100493009638849,-0.7333510565839483,-0.6449187865224401,1.0720859100303195,e2
0.09376827668767973,-0.7097118500194701,1.49487999502027,1.249340645506748,-1.3891290726586607,0.6139064541235503,0.15916019111271063,-1.463766107864406,-1.3748945578267688,e2
-0.8203355940660935,-0.9153540353793097,0.4711854043707588,0.6439725206211065,-0.2628206436297364,-1.2491226174410306,0.056839705014396134,0.20145912676069028,-1.3118265094485249,e2
2.751337251763883,0.2727401746969996,-0.9033977328642984,-0.341702875768628,0.5495311966615585,1.458129155924212,-2.61296618749759,-0.10076351534636994,1.89550167857595,e2
-0.6505735283275613,-0.8140808669887111,0.9414445530594887,-1.3952481337725748,-0.8290092036622219,-0.19086218117990472,0.07134972639394896,-0.9626979164815826,-0.10095268921262737,e2
1.791652710278215,1.1478199254854113,0.5054719924442358,-0.989383236648862,-1.0114238168043523,-0.3823730956445127,-0.6422445673769306,0.03492394455995374,2.6205253375886515,e2
0.23977635666659955,-0.45073729942651547,-0.06258243212000048,0.5574718530602902,-0.6665557274462397,-1.0986509159604145,-0.21507264470342288,2.2542500237934404,-0.193496959496612,e2
1.0651077930841932,0.7240944141888658,-0.13614247088714618,-0.5183520031505497,0.6313143771834764,-0.8932383022289991,0.9049848473600056,-0.4774141689286216,-1.1855571401747735,e2
1.3220656297602345,0.8335850780869386,-0.49061378833728514,-1.1883654204634266,0.39886872054103284,1.3027749230804702,-0.4748624242510884,-1.032357772440999,-0.2950430430366294,e2
0.32761127686805447,-1.7446151110162607,-0.1142774603830062,0.37927092575162913,-0.6164127884061413,-1.1580890271063229,-0.9260144976613558,-0.3611555729801012,0.07760195525968511,e2
1.0418417062998446,-0.4179376776425669,-1.358992821391227,-0.03951309344047671,-0.42241472849273964,0.7938973169951251,-0.017652448937840147,-1.4511592674176148,0.19682477204557267,e2
-0.5362215178337002,-0.17920690008141202,-0.4202019221655442,0.7134191061162541,-0.3090975370225591,-0.5146603389843788,-0.22770466194901406,-1.0398629664900334,-0.8474932851688783,e2
-4.439073553039841,-1.0822210963391345,0.5026623094791887,3.732361195253268,-0.7529148017142289,0.07262843869533392,1.1842591284979835,-0.1747109516714274,-0.20463648547642488,e2
-1.4183908264321274,0.5684483969838947,-0.5077459003728383,-1.8578688580459086,0.8230256881447742,-0.7311258771628403,0.14888075388479366,0.5054743240358787,-0.09077394988763476,e2
1.2404685177376635,2.766842235475604,0.284535485789263,-3.145867612175748,-2.0813568955315374,-0.23825449991670303,1.2667161954572312,0.9877450280863106,-0.16705586751241044,e2
0.20877797019376443,1.7889191821556574,0.8837087596313957,0.21591089981634948,-1.9564829334158704,-0.5959187755828257,0.1618416489783543,1.6123079391412583,0.4546853391952788,e2
0.5213980145619782,0.5127581057088928,-1.3844332967261879,-0.5792731333404353,0.75802997700451,-0.3585212732306459,-0.42956239077200714,0.8501436212347241,1.596302050233594,e2
3.418322761860423,0.01801143437868156,-0.21880446138362683,-2.311583338149436,-0.7555915902936312,1.2963530941800263,-3.5017527338743077,-0.7823450014803255,0.14262271114974248,e2
-0.11202151745402118,-0.00808477756936061,-0.9519885227940011,-0.7346378614407554,-1.4532367741759051,-0.6270746045580896,0.08705128922977964,1.4643706820425721,0.98321404727867,e2
-0.7842306538218708,0.6902154666109264,0.7737771339870358,0.3318226300641349,-0.43068485697416287,0.6400602539455629,0.933330415675166,1.1976542160619619,0.9069275556070789,e2
-0.5988719966889584,-0.5431630565553455,0.16712415282892282,1.97720744469748,-0.5116822942216966,-1.0464111914223395,-0.42624951678199,-0.9665140561010378,0.3021515051461876,e2
-2.129684046514601,-1.035796861958238,1.114332965666231,3.605192760238325,-1.7287418909948857,0.7787665159271653,-0.29816774620587344,-0.5671794225170103,0.7885758855565917,e2
0.45018773621309194,-0.5825729012939889,1.529940155867192,-2.0728337674173662,-0.45491703799654754,-1.479786388004246,0.046147420576327015,-0.7879015846285106,0.6126895038205501,e2
2.346938385394992,0.023800912332650574,0.2510282575352462,-2.288152777991909,-1.2268812144094872,0.6187051825112079,-1.3547599471391847,0.28536645850506986,0.10573375776570781,e2
0.3556196351181137,-0.4367519323098398,-0.3735769264251884,0.330426758587769,1.132497552685185,-2.167879125490153,-0.7708958210703442,-1.177898177203288,0.0467397903801967,e2
-0.5590617492573413,1.4062879953649259,-0.030695026891208645,-1.5867374256948759,0.24241268036152264,-0.5682644776783867,0.7698722844369577,-1.4904250517731321,-0.041657786939680745,e2
2.9284402281069566,0.2600077174905348,0.6172259174914733,-0.05035712745991017,-0.5864249446994934,1.4056594320581874,-1.8584663884781647,-1.2035129730421137,-0.8597685888665019,e2
-0.8813916670927728,-0.9269159486949929,-0.883288327940259,1.1632945115800892,0.5835875911160049,-0.2987710806930861,0.24314830847760976,-0.5615922583295712,-0.5671520618164013,e2
-1.2891887992113031,0.2143288656112264,-0.9222239633452807,0.38111837740657223,0.694054357558933,0.9070210579080512,1.9526945176840167,0.48347383999261406,0.7672776712721905,e2
0.8590573422761433,-0.31003301394893173,0.13244435505786661,-0.1026868495596408,-1.9314198240394127,-1.0176027155083058,-1.4909885098558942,0.9627567031208837,-0.9499622037776546,e2
-1.7115797391754628,-0.02131712048939302,0.39832982229133423,2.4360022429639683,-1.1642968717821522,-0.04912352025307214,-0.025714443296761553,0.8641416537692318,0.21917011953049298,e2
-1.185646123946035,0.3305076649852252,0.6158860632265057,2.5507707260748256,2.336613240134178,-0.2531631102202833,1.2216243589127942,-0.40236140616266536,0.4429542710988021,e2
-3.971020396997064,0.5975474011145784,-1.703471617642852,1.5965401060253006,1.7396949974762321,-1.6369078794623118,2.8558902142830784,0.22155676772205105,-0.0731881661441598,e2
0.9129285348083136,1.3217261260396382,-0.8472453540207381,-0.5415957502046809,0.8113668092571549,0.6564088823810824,1.0214548160967176,-0.1708467501213648,1.4108011887005036,e2
-0.1487396272815702,0.4483248899768422,-0.5630421274828901,-0.1229025927674142,0.5501154315018201,0.008898286283271804,1.403961352252257,-0.308680467062221,0.046530317834350736,e2
-1.4641724119265196,-0.24488569011676026,0.30489664161754987,1.487369514356906,-1.3442547725782812,-1.351585518073502,0.7652278334560547,-1.9442701683858838,0.05636028346329397,e2
1.0887119358127098,0.7124263909016507,0.41797758044421013,-1.0612877421606877,-0.12780868046340008,-0.5149638608981263,-0.54962038976435,0.1470577959084039,0.7720749920697774,e2
0.027620207393613427,0.821092850096078,0.46964226387234903,-0.8496683866065123,0.24459164672165223,-1.5711545517943173,1.1418420267507416,-0.7717048861707276,-0.49965053131753356,e2
0.35718342055353075,-0.6836144706052194,-0.9661966773178079,1.3801360090171002,1.7177455950745002,0.16037471645946594,-1.2045418998905857,0.07312836279271714,-1.0478502268794376,e2
-1.4150604229321013,-0.3956935072251069,-0.1149028635302746,0.4992589125749396,0.5225416851926032,-0.15348576646889017,-0.48147955497367445,1.3788604482129145,-0.5214864805426279,e2
0.7695450682785824,-0.16905008656199322,-0.6963533123386844,-0.6110322404951264,0.53925899275835,1.0910546321544772,-1.2500941041028357,-0.8529473692472643,1.735934198666407,e2
-0.389118460788596,0.17060367410393723,-1.690453597670115,-0.9219963932029276,1.1660910167936098,-0.845663679175874,0.5334770603604417,0.4441242666794176,-0.6315569440199208,e2
2.3317195453505057,0.33394604823417995,-0.11350256442502418,-1.8154542616190978,-0.34516345990751807,-0.28670626372248903,-1.5088116929204258,0.3627207513633215,0.4715261292236681,e2
1.3307310774561343,-0.2536829614098048,0.40321400743114366,-1.4514189011514431,-0.1177925588279416,1.761275260615641,-1.1155351194372556,0.5910843677163143,-0.9380456608826607,e2
1.129047501583756,0.278037647702738,1.7826137180837767,-1.5225697562646836,-2.303931756361088,-0.22275357227637926,0.1633859591598898,-1.852120604231992,-0.325748579292318,e2
-2.022607144043704,-1.0932564288538658,-0.49866100680060843,2.1020858444291135,0.7464404036571577,1.3965891652261104,1.7590851136305383,0.23331847610911477,-0.15512619329462654,e2
-2.2283378370945304,-0.696202594211301,0.18828296321811747,2.8824212821549215,0.1881738441878761,-1.42029328558918,2.3812201810455034,0.39614374089299487,0.03802077887197714,e2
1.0798946959393538,0.0663202458964175,-1.9399667175784143,-2.761400084599378,0.1284887243367212,0.34468288532502395,-1.3938929351475153,-0.26823766941239163,-0.6316426503624419,e2
-3.053158323966322,-1.2286636163563212,1.5881674578947222,1.3163284747829733,-1.9955354834555479,-0.2923678869109304,1.1296366025579505,0.4995809645623151,1.0855618775825342,e2
0.6358887737013508,0.6723091300599972,-0.48904476117272594,0.4127845247558377,-0.12658482373717395,0.8445828388320353,0.5179305381817784,2.103094128869037,-0.5991441784427476,e2
-0.32513723476042006,-0.032621578158044603,-0.8334038870889352,3.3782896937032687,-0.30118718974965086,-1.5897543224022617,-0.2888613362065237,1.1565915573315084,-0.5885155980841179,e2
1.7304836174267124,0.7383163559727681,2.372134024244078,-1.6118183259355974,-1.4163618988251896,-0.6085501302719722,0.5885730238304172,0.4882681969425901,0.14977415182656012,e2
-0.9318430693488647,-0.4110816889772148,-0.9375211118751231,1.3383570382724341,0.8664680621000623,-0.7585082604296735,0.4706989421441045,0.508428388256533,-0.27678848782678867,e2
-3.1609999654833913,-2.6812780147733917,1.1421900403773428,4.589966882147353,0.7635773974105801,0.7965555494094133,1.7348153188772428,0.11789121725985194,1.171782314883396,e2
-0.636183526068125,-1.0119599951127765,-0.9629682699689008,0.790854960221191,-0.04792430378626911,0.5224122514788953,-0.8516722296508803,1.1975110504697146,-1.2679042777255114,e2
0.09651864644945152,-0.5774920431444853,-0.19596629080111516,0.20962544229750735,-0.44255776418711495,-0.4167258738403155,-0.42644008790170707,-0.3341002061567549,-0.8680308070438607,e2
-1.9093822893241639,0.24735242655233808,0.5484060486956533,1.022044990577965,-0.3592754979928153,-1.1702619514052763,0.7098088583497949,0.8612682355213553,-0.19438799399832982,e2
-0.8847574068688745,0.7610727442143047,-1.9351263064136723,1.609331697721229,-0.3386419803742273,-1.7048046293067045,0.5403587703378883,0.24231177268555165,-0.5012092721714785,e2
2.651573256009022,3.9022461373155584,-2.384282849404161,-5.299118946578508,-0.04203539428863445,-0.08969642112483275,0.7063986834085973,1.190836091294461,1.607373152234471,e2
1.246662384779174,1.0439260001432327,1.102745838462493,-2.140244191634572,-0.813073978514509,2.1115271422328203,-1.025056699709371,-0.8451734190338686,-1.1268989836515164,e2
0.04468169806709521,1.1086206413584316,-0.8368589828972315,-0.4689155593524534,0.4475422107705083,0.06343703643125596,-0.7637600315180285,-0.8779046609838743,0.10526913584055286,e2
-0.28547232622246277,-0.8386976400844052,0.9046732123420125,1.0195406257303072,0.025662923762204803,0.3314467985973612,0.7058576706114118,2.9882341682495492,-1.0319194147936073,e2
-3.0397749305692283,-1.348573969363653,-2.1761162198889825,3.0822859211909988,1.1119566619228871,0.5420175031197335,1.184957738440542,-0.738830794954872,1.0358863485486005,e2
-2.6459113704255834,-0.2821930262408827,0.12997540920550313,3.0520405743531436,1.5228606655475365,0.3543923600957514,0.6078785793814258,-1.217174507366719,1.1840018669721375,e2
1.705231879761177,0.9519793871902226,-1.651193671513998,-1.720157363690888,-0.8406233366196738,0.5144608918615706,-1.448345270429853,0.6516077254587762,0.5111270375249464,e2
-2.748282165425835,-1.1796694187632906,0.4497654671881615,3.8866970513948376,-1.7365517304302973,-0.21384321188681954,0.40062370058015373,-0.8372150152681278,0.9468382523733149,e2
-1.555831244622227,-1.76260230200469,-0.4268822726270889,2.9531439964390502,0.1527274335858913,0.16899515536010046,-1.7734821358708346,-0.376278669117642,0.3239159901822075,e2
-0.5951822910616182,-1.2096802482007716,-1.1877610836807597,0.2885836014340346,0.9800362308964823,-0.6218544601398356,0.6620295075774021,-0.11879886690821197,-0.20761316915575473,e2
-0.8851219362158447,-0.9566636139683162,-2.1633966809962257,2.2144131137075824,1.7462536589708164,-0.5191530022114721,0.10111775735363776,0.6980030485142469,0.00010503409958554262,e2
-3.3407702200816063,-0.5700590417686094,-0.18887355287472857,0.6489476780842574,0.23196175678459438,0.7318446351599084,1.1058211848418737,2.189756287028127,0.8384082138767652,e2
0.0367596274128803,-1.1515216337792058,1.1452650963538027,0.8690399870488635,-0.4333055578964639,0.2589479207903558,0.7462886860958514,1.2048497268119225,-0.9870157319209274,e2
-0.6377969855581743,-1.3527886658721795,-0.8168701728944728,1.4042447003370933,-0.61430243054145,-1.213360139183415,0.08104364402364722,0.6139817807591524,0.28228565284205087,e2
-0.6095189173260652,-0.2825313486342743,-0.2705723524349115,0.8700902352004455,1.2424967358756165,0.3389144319559776,1.1380627677319106,1.213477924748852,1.8194883655287866,e2
-1.1933885322545983,-0.6577611639519889,-1.4990254254322102,3.1596441083268827,2.492275428546484,-1.5626679631815124,1.3899481877756557,-1.9211691225552794,-1.0740550037159677,e2
1.2298948357945092,2.45897150835003,-2.039776336839636,-3.720405930760368,0.29907201775790826,-1.2172915603075323,1.4329492466963276,0.015914749320204764,-0.19694078464596784,e2
1.1727330456654348,-0.7860305961462973,0.4958979020169882,0.13907693967455803,-1.3641355401942326,-1.370013131428922,-0.24066067917901277,1.9897358604213442,1.2319135003943549,e2
-0.6806130385312016,-1.4556676035754026,-0.19195960034093115,1.651201006459931,0.3398149334723547,-0.5793004323695554,-1.4858924555094963,-1.6607429249483405,2.994103896621064,e2
-1.386701209708491,0.31714364158365804,0.7912588310474494,-0.3266598004271418,0.3669702431118033,-0.46996525581785903,-0.46897954445463064,-1.2863423316373899,-0.04996094284061904,e2
0.10153333500528705,0.6877985395904617,-1.032055269787939,-0.1639730135726954,0.4578840990146128,-0.057330113724492385,-0.4182091656434491,0.4103599878462561,-0.7065367087060427,e2
-0.20984324658766784,-0.4044899110748525,2.074149148160335,-0.094535463978694,-0.9685127971311442,1.589957720590785,-0.24332818216280924,0.08458574230039106,-1.5623203897098092,e2
-0.5157821974194893,-1.6913649692615693,-0.1736761724345004,1.1425966193248056,-0.6182211299532914,-0.5334732306242109,-0.12178448503532963,-0.3372877902318897,1.6753175902974249,e2
-1.0134321979806873,-0.5284484927801881,-0.06970318324864382,0.3340380753675013,1.0077359337523268,-0.6225303865934003,0.786883322847242,-0.6383377799930177,-0.3599575969987694,e2
-0.0020937289878664167,-1.5884947870702049,-1.3311905304520246,-0.5364066903600984,0.8650395792903345,-0.024176162601041214,-0.08638723892696673,1.1512452972811225,0.6026770148832671,e2
-1.3969412305357376,0.6211353206178312,0.36544339325047,0.5415208856659779,1.5413239595514558,0.7769166269638795,0.8215983603094149,0.8990147898083549,1.5314336445754848,e2
0.36778350175845803,0.20816645928605876,0.039225327704015676,-1.1192204019779912,-1.094223066661927,-0.7362945607882574,0.16946754204829054,-0.8643831274022639,1.2898917045729883,e2
-1.27830996518742,0.38476218047539207,-0.882731706495323,1.5832394346462495,2.401132323502174,-1.1100743677230123,1.938466920532838,0.1506957391890204,-0.07396327398971479,e2
-0.06833714212779901,1.0701711980507955,0.9311291065116044,-0.5412690644216442,-1.4462436386526645,-1.1548498911535572,1.616001518376999,0.8451487011250798,0.38807442109991314,e2
1.4623858252295932,-0.2203592470399012,0.46002890370206034,-2.3700925421408714,-0.1968664827807367,0.29506124232090863,-0.5911859951693539,1.0224308125557464,-0.9387767086302874,e2
-1.1582980873274185,0.7992090521349029,1.2696525077978233,0.6944681928624009,0.01752772817342252,-0.8443304410917158,0.41816267305265115,-0.5672638663567583,0.09600654134204051,e2
-1.500215825651262,0.9162281751941085,-2.306169800762723,0.6307643385911671,1.785654675371318,0.20954277613799552,1.6950871527407194,-1.327193616277005,-0.35396408969319787,e2
-0.023383999684756074,0.14515061682608546,-0.5034668413606789,0.2915840985350244,0.7250987469327435,0.4385404625237896,-0.29625583191358085,-0.13176259654017827,0.5016253648203906,e2
-0.4623040968548811,0.12407280255175426,-0.6605125770896131,-0.14545739142800085,0.0200898763077349,0.3713955331296727,1.0141629795482776,0.31478484202779994,-0.12697118200819613,e2
-2.991826773346837,-1.4929236812359723,-1.574718109595846,4.873450974985962,0.26735392806554115,-0.5313006545715421,0.9210724528805061,-1.184220406534001,0.7398536457935646,e2
-0.5752702520836209,0.4730776318589269,-0.9149071668011967,0.48999777374712117,0.17885132970840856,0.8069268579687384,-0.5289118590016527,0.14960418115590193,0.4302173705453288,e2
-1.2541455160244848,-0.8723599958839887,-0.985320116309151,1.8245587387482773,0.7585839085925465,0.9141827372729566,0.4637962769875583,1.1400671990546514,1.1601912776012886,e2
0.7254345930082948,-0.981670115486297,0.19695678511438483,-0.4082119271815319,-1.6336848442029455,0.11262372564112005,-0.5780521067855307,0.1803825295888516,1.1542289706296445,e2
-3.3929520744246515,0.027635064836888767,-1.4490929367619776,2.6045635521344126,1.289395548768964,-0.8949889006505446,2.660706284721219,-0.8406749862256805,-0.27583550876305535,e2
-3.6222516279735277,-1.1044551557156492,-0.5006538326278032,3.8002091332889107,2.1610763700988613,-0.5158311910047422,0.8125127154304683,1.1416144215943205,0.5807777106258314,e2
2.1796728178043745,0.5832329133011999,-0.968893396059912,-2.370159740838414,0.601899643845128,-0.9240834223611029,-1.0144902898665127,0.016384392110548023,-0.25001892576312623,e2
0.6227411231988782,-0.25688600626599517,-2.678218301710109,-1.8557112673579743,1.1373951982269253,0.7456525694689344,0.9496369752144613,-0.1358226204489402,-1.136725180950346,e2
0.8565825858781516,0.4230573093120485,-0.29055631264420756,0.8239030904797356,-0.4348309254273687,0.019941627002465708,-1.1336300998962183,1.5723397788259914,-0.06299816230570962,e2
0.7480608411280982,0.28463797020246234,-1.3681555241871308,-0.7002829449647472,1.632986640316071,-0.11238853545198603,0.5633108904271921,0.8097615960557785,1.9801284848753957,e2
1.2023215808919014,0.05769301526671384,0.6144688089360538,-0.05088399427422685,0.4474434725405385,-0.1304732368228824,0.050922616958628895,0.6097250268933855,-0.2124563666097938,e2
2.6261704779886443,-0.45353599139057316,2.2302481720267497,-2.050585089961046,-2.037185150616885,0.5046345995530178,-1.5556602679571834,0.8114909962310836,0.24083496617721875,e2
0.9372616754301146,0.5697251337949266,-0.008988624172409018,-1.2095217787433938,-0.29600349066085313,-1.0383640820096394,0.5935878827780642,0.03624970502157581,-0.7323893161751364,e2
-0.8691274921464802,-0.07892793013945514,-1.514638636831614,1.902884684429246,-0.1560635503081773,2.0761322357004914,0.1449086012897691,0.9585543780592627,0.3078505726183768,e2
-1.923541765521162,-0.6737731011759798,-0.8717473615715414,0.8759131048714273,1.719443484804702,-0.9698748752527501,1.3960682635167363,0.8654528654626242,-0.19121366369602738,e2
2.2388912272975277,0.2950798981498123,-0.9363664330770161,-3.5924761360144304,2.4338625137521355,0.756636626655519,-2.5373607624357515,-1.3468430171786236,0.8861578702347799,e2
-0.6905583660927588,-0.7043744290721746,1.1219829511907329,-0.5797146080561997,-2.1994302561998675,-1.4626790134903083,-0.05972975318495534,-1.0815817829777126,0.2539431297589314,e2
-0.2928647627446175,-0.6349669169048696,-0.8302311513704557,1.3007429188940471,-0.614483516215306,0.8998258557376638,-0.2925501127512936,0.9338538307266354,-0.17337290038466863,e2
-0.8912303355098161,-1.248264499202185,-0.6364532834544195,2.8491754714857214,0.8756202510284512,-0.6480139648983325,0.11609972913779082,0.3001395437950985,-1.1102927798613207,e2
-1.375591127490382,0.10226035378821195,0.1484198557694143,0.7966201576578174,0.14150539919302252,0.7272523518400752,2.158940312661287,-0.4395035267232044,0.054327301230268556,e2
-4.918069319988861,-1.7159471902774488,-0.73682372845222,5.415635779850943,0.46083403820003294,-0.6830576733661875,2.618360496918797,-0.3183285100097462,0.8090882100884882,e2
1.2788862437327648,-0.5409735589424088,-0.02188928625278864,-1.0249920684444453,-0.3851629515455982,-1.1115736091434378,-0.5132432022406083,1.998651697881336,-1.028059051530213,e2
-0.499845807068582,-0.2792586199155004,-0.26808956865578415,-1.2400115359143435,0.08278418398996294,2.046001126037622,0.6131325609213863,-0.09891134380428024,0.3264029157440246,e2
0.3623313981856764,-0.16133345717000733,-0.5008322816572178,-1.1443324255106777,1.2541278506128475,-0.055573026195195434,0.8115370748498878,-2.219822529008637,-0.9152787893967742,e2
1.7564839754502097,0.010581490313111275,0.03308122714537942,-1.134667094439515,1.0903284341679735,-0.7777455926764403,0.2496344031605648,-0.5759420125938527,-1.3026826240700988,e2
2.865990432882471,-0.004681605501317156,-2.496950012045467,-1.4606938295547438,0.5896553572725165,-0.26999850477161774,-2.684958876571081,0.23736257705538458,1.6510495473987348,e2
2.5184789643839567,0.34805095862901153,0.13656904829733915,-2.018555047161408,-0.6304609271604547,1.2238677164731167,-1.3675495502811514,0.061348613532514376,1.6176857390212793,e2
-5.045687860251201,-4.494117040179167,1.2557295024658433,6.720348515677608,-0.6570870461801674,1.314358695628515,1.6068755340044356,-0.10335975481670658,-1.543771364221966,e2
-3.2493086500379946,-0.9527553991314394,0.21640218607110118,2.1756186938063324,-0.23696892144249587,0.07939356444487425,0.42966468466768526,0.4858590947686441,0.792184351429308,e2
-3.2326576680455146,-2.308994099553648,1.4194632777783045,4.476554982590646,0.265030246135853,0.23661881847738364,0.25049475456105236,0.31540558363637505,0.3664231626599067,e2
-0.5148742164812239,-0.9132389028252761,0.03472358999792109,3.7568666014732592,-0.6250462007728154,0.10989693782460479,-0.13428769057454218,0.4280024582138488,1.031655202434675,e2
-3.7133181672821234,-1.6588321102237853,-1.4155852839980931,3.6813053096101096,0.9382815835510367,1.187795667870862,2.3412875708878547,0.01976288794862063,-0.003305299009267958,e2
-2.115773918227577,-1.1566320490179798,-0.9636896309827807,3.128351117150302,0.49178719538186927,-0.5392780046115782,0.8350532604859402,1.7251926087633256,-1.050102769004838,e2
-2.384314277133364,0.17283062112853295,0.40719388264575423,0.5328366360423056,-0.4144844546239863,-1.7069863790474276,0.7577027775986532,-0.007620039436094313,0.10320239365064048,e2
1.9987718737199005,1.0082298897548923,3.264347119441996,-0.4884752889557129,-1.7928519882193261,-0.4856200859467266,-1.4978019740601662,2.59034116351,-0.11666052306906416,e2
-2.1919337416123934,1.3803125340673479,-0.12037034737481282,0.6090407962931552,-1.0336490995158032,-0.5034782026067727,1.1755360664378314,0.47395818575921916,0.4699464767239556,e2
-0.8445048522855816,-1.351435299760978,0.9146775733745519,1.2057451184390298,-2.164982179033474,0.6390820227597529,0.5537798744217448,-0.23281532918869177,-0.9260999019985376,e2
-0.2892061292989464,0.48116491513298115,1.0849327057361897,-0.07813616959587129,-1.449980541586969,-0.6607226329597431,1.8296814875639258,-0.08114780734931797,0.4820663974322843,e2
0.8903266190871214,-0.3864331083822429,0.007623010077321187,-1.8831613766782018,0.04298827304987855,-1.228712452811208,-0.2567907580152909,-0.7401400386031575,-0.915205136615955,e2
0.817525839953823,-0.4791276879294127,-1.3732920420039836,0.33700319918763555,1.392735007815344,1.289045535230545,-1.7202459906786034,0.40966127626935905,-0.18973325526382043,e2
-1.9289742417438138,-0.543110925321179,-0.6627588518517491,1.9394161124116251,1.7405308353768425,-3.185741103873807,1.5163507453764173,0.11206517983128261,-2.0553330058252426,e2
-2.132975515911711,-0.5633760307807006,-0.4611485586967222,4.495795061138107,-0.49954336001429794,2.0937750476837826,1.2508525464135942,1.4303735149566492,-0.11632389163707473,e2
2.131063546942822,-0.4210745094812559,-1.3839356747350964,-1.32067213024659,2.0477622847655272,0.641919682765678,-1.5053374440939544,-0.5127246586864637,0.48807921687858286,e2
0.3041413905774395,0.23560317952408194,-0.2086446881491912,-1.5658147535857545,-0.6909263432764835,-0.2523791646566144,-0.2754123707359622,1.68914452282351,0.5579204173004628,e2
-1.1237560547558672,1.5935128506316454,0.5238055769908234,0.31111758458638994,0.9276042994869773,1.4796857646856938,0.9595488370718877,-0.43427663408284206,-1.4246679336712782,e2
-1.9115724457707768,-0.14313812162682427,0.2725940672353157,2.2376152902222373,-1.518460533264985,2.5689385272619436,-0.04448801491367585,-0.7377260812505505,0.7360493953129417,e2
-1.271727492602711,-0.2471698530590686,-0.251180769119219,0.81706289100404,0.9877278546573109,-0.3947129498566204,0.5805296226354423,0.20091946003151379,2.3797088262503188,e2
0.7604673249129122,0.9260213054426504,0.9065731466152118,-0.8351935066775966,0.36733086926083525,-0.2589219071872102,-0.5299331808940035,1.0702270454176555,-0.6258747273904776,e2
1.369414395272039,-0.2809060293128085,-1.37965791961288,-1.227372245463455,0.6471991776575564,2.0313732166789604,-1.0684098635300647,-1.1211331235416575,-1.0933835314017257,e2
-2.571785761774251,-0.7762537394275242,1.0970757498857564,1.077379148801467,-0.08636366480458846,1.2638955696082375,1.3263374932171743,0.9122872075349276,-0.2493012848054302,e2
-0.8304534773964742,-0.9506881846910213,0.2012096229391999,0.8587480859313661,1.0954335759249862,0.5839482646304686,-0.11457215573029712,-1.3349115897598351,-0.26998873462501943,e2
-0.19169414418850952,0.3464012931357349,0.5374113660856746,-1.149298091496406,0.8682204482281505,0.9702176223583973,0.08444917703126083,0.867952792366954,-0.017772774832898672,e2
1.3353706086754775,0.648038510643749,-0.10364048549262544,-0.620509541727697,-0.27110036063751475,-1.4018221911418558,-1.463186724908746,0.6000951952864969,1.9432744224853147,e2
3.5086659957866715,1.063399487585484,-0.09476782564637674,-2.3307992250469773,-1.4139280393873208,0.5816611492877294,-1.4486235337530444,-2.2865232398224844,-0.09684151851269844,e2
-1.677042758322135,-0.36520774759370056,-1.2688810288841272,1.034065243803326,-0.10469238926797542,0.10862327160097021,0.5516233066046955,0.2976168404451531,1.0583663479959506,e2
0.8984586605436253,-0.20585635314714704,1.0466256438233692,-1.4625590538250255,-1.9535006412866278,-0.5278923648838536,-1.184629772326475,0.2264895183831703,-0.2636208403203131,e2
2.117539920380375,1.3073365280869629,0.7245439793926916,-1.9193037533986823,-2.001569080153786,0.1627722631937501,-0.0854516310686966,-0.8652040760486615,-0.7496598811834477,e2
-3.5605125460785767,-0.60446956282641,-0.6310162419493351,2.292849168527952,-1.3038462890707927,-0.10450163730760761,1.2081440385651716,-0.21021948501543153,-0.4483408814968088,e2
-0.6629917337562244,0.4076602331729929,1.1789864679006985,0.6410547961775472,-2.0534706106228975,-1.2364323264746186,0.22518616530702934,0.9198289367054168,0.2933685901728646,e2
0.5154960654996696,1.1926215198869219,-0.32637401459461196,-1.3935476199979042,-0.5893101505643563,0.5808464239569224,-0.20941551842825307,-0.5845747355196742,1.8534830006420158,e2
0.4457856095439723,-1.46232837005357,-0.9566133136069911,0.29363443704587877,0.26652043586299395,0.5174693373720989,-0.1960339507176811,-0.4645798982409493,0.2050153252983971,e2
2.713325782376684,1.3605412759644044,0.572215445246401,-1.60092036488836,1.9477175342152862,-0.30704770295100436,-1.6261735600931648,1.399007377367267,1.3657826626553242,e2
0.5620469039597875,0.2662841857039222,1.2552943261497496,-1.1014125248545632,-1.071172349209597,-1.0490538786534462,-1.1833466755964692,0.34680755715632844,-1.2697053193334618,e2
0.09681103029429616,-1.1818245485005774,0.22451843756452372,1.9745606073553397,-1.1852031741011475,1.2765437191859477,0.40570084628896436,-0.5590357947320909,-0.8846496867199205,e2
0.9597140717095439,1.9625730375426067,2.2667957715505698,-2.518561893092722,0.030469492194101333,-0.27489698349547603,1.0876582138393882,-1.0457351222491613,0.804925819836557,e2
0.41938886157015076,-0.42416274128095915,0.1063240177845552,-0.3140543653823546,-1.8455658679843272,0.35053603235452735,-0.710593051049249,2.373057753469902,0.9860674517476133,e2
2.3434722739937492,1.3518723068001408,-0.8635128725273081,-2.1845759384092216,-0.5437596828367711,-1.0778946479049407,-0.5141617447768336,-0.041777290070453575,0.5666188391900658,e2
2.9730928884798096,0.8181236035567587,-1.356298717108021,-2.641011444953556,-0.36906375114262746,0.3271263229409536,-1.72676591307485,0.6917672590749114,-1.2216062034316424,e2
-0.9475186040002515,0.8363126467878111,-0.4661724051396653,2.6628405291403907,0.8929714855895039,-0.06571288448990185,0.9113554421291001,-0.6168856435597211,1.5662973888347402,e2
-2.311346400329235,-2.2022119996551717,0.6212788191743605,6.446417498021891,-1.7393278451022274,-0.41282200989660145,-0.8353335534477058,-0.0014349938333456846,0.7337722506123572,e2
-0.8994944450662338,-0.43830429697839907,-1.981075293753187,1.1047470631211718,-0.07154679163836075,1.691755464928449,-0.36606090113332995,0.813031770384201,0.004522378251635975,e2
0.0722469784597427,1.2942317930012746,-1.0283792376951801,-1.3682423688183591,-0.36954933825973524,1.1103816695797493,0.10809055391727386,-1.9002604254854605,-0.23531049600974077,e2
-0.5047637426206647,0.10196244636953043,-0.06754202013919533,1.0750155998235837,-1.2054340894061772,0.6216661955135296,-0.5392389094668829,0.4938817453950456,-2.2702574321864777,e2
-0.6352704356042447,-0.21932076602345205,0.40913509168993456,1.9265613693293475,0.09765890249764442,-0.8034111995620042,-0.16346255499632054,-0.61695894144323,1.3012236610939092,e2
0.25436413713700423,1.6670530381513033,-0.04938025667781981,-2.502816036154075,-0.54186007605203,0.20399074526200361,0.19486972702294345,0.11804382940029756,0.4151768008254054,e2
-1.977564216576584,0.3884386226497875,0.018829901907102077,3.18249654013849,-0.3453943533415527,-0.44535291422339124,0.6306448090554093,0.24541181531494036,-0.6813899524336445,e2
2.5112424231589956,0.623374361922288,0.35532039843959484,-0.6089752955473493,-0.959486546660596,1.068415538426032,-1.1430094640827018,-0.2633320393969069,0.2778217693126915,e2
-2.5040182204301686,-0.011104861188179271,0.7197317244074704,3.26445673706496,-1.2961420436434312,0.1386038620765488,0.9963030055234794,-0.6151744979056258,0.5282396997658981,e2
3.50077594617664,1.4439050789251078,-0.8761028465469222,-4.406055844782241,1.6568628509842893,1.4146386587301054,-1.0111992890233183,-0.0468957871701254,-0.992527805856103,e2
-1.1061502221818071,0.16637974666520855,-0.6670878990718294,0.5674816144729009,0.12299943987816375,0.6092729965455593,0.23785419618304696,1.780007427499714,0.23386951548221138,e2
1.5133328859534925,0.5446779030312796,2.0973316183696036,-0.5552757572286671,0.30262872624361714,0.7253396530494053,-1.8945393036985516,0.15056351881349359,-0.7102598432272804,e2
-1.1764987277371064,-0.9352814374687987,-0.28255130534040546,1.98013720820181,-1.6808371824223776,-1.3585953559646677,1.6462482702792003,0.5831217477681347,-0.7774832477928078,e2
1.567373605243269,-0.21865296713175017,0.4313878724015227,-1.197989423991875,-0.008062215109850224,-0.2527550268800589,-0.9485885970029858,-1.8771906550455613,0.4693486209332122,e2
2.1764310505563507,0.5939179420619304,-0.5882352557412869,-2.7188913535944503,0.9446650798457787,2.003355612720579,-1.909765146524636,-0.27177358672129476,0.9325973549671897,e2
-1.1013756144872717,-0.7240045163453714,0.6167437789694664,1.3310605433201277,0.13373718507755228,0.4630745608670589,-0.45595973443236404,0.6052074321355057,-1.3101955749190088,e2
2.259839132088029,0.9165602722986971,-0.6027941804638037,-4.143329044017757,0.6323901327289987,-0.505590826639163,-0.37002927220268766,0.467183068032576,0.6699817887013108,e2
-1.7514423067607936,-2.311788873780483,0.6276650127730128,4.739354083226263,1.2736769115654538,-1.3007334735037475,0.6212633390298103,-1.4584582127440695,0.6332191541456018,e2
-0.034674555473388935,-0.3556513351727979,0.30957691087086137,-0.3644072334455915,-1.4445273794149733,1.5830482577197085,0.2771322149760345,0.7679285447966461,-1.1102713864506257,e2
1.371997554161868,-0.09291118619857805,-0.761480488564492,0.27800538006826936,-0.15869538991223792,-0.8512780514586338,0.44122911473105203,-0.7503824053090394,0.0003366989480211271,e2
2.2848897814447113,1.6055098857961514,1.557108933600347,-3.1960553967813694,-1.5053330223275827,0.5355121390651274,-1.5318216575306227,0.15900151329556317,-0.4455362112327239,e2
1.1500612288103786,0.0011425399425167126,-0.8152752626396674,-0.2543829067699559,2.0515802120092608,0.610213576426628,0.12396740952279069,-0.7778586002286355,-1.312235341342003,e2
-2.0218167862181153,0.44644898467387295,0.4551478110978384,1.90949991352131,0.8767551359719372,1.2762602954023239,0.768814765617089,1.3289252140619492,0.9867310118286122,e2
1.9360124298282382,0.19480489426233186,1.1211024317654559,-0.7038884055420408,-2.1836485117659588,0.16161546458072718,-0.7687353884212896,-0.9505670314412371,0.6018113475984597,e2
3.3015176464505562,1.398490007295777,0.47429157136956807,-3.96245059166806,-0.7274885443627717,-0.8910025670734124,-1.5128977538353925,-0.0035228545928192643,0.44540625267541706,e2
-1.25018388806956,-0.05057018906169611,1.3451407106674491,3.56999991524759,-3.406710117235706,-0.4171691092208546,0.33558944333361196,-1.0280339073641127,0.07565877838029413,e2
-0.15104350571962366,0.4075390612517143,-0.12184283764830424,-1.3595118406176914,0.31098094620568006,0.38680784967452514,-0.26758848894552595,-2.450177399863401,0.39331455108516994,e2
-0.9727436602746486,-1.7555499758054207,-0.035745929226944695,-1.2860149914309784,1.1129558144564349,-0.15176965719101998,0.05513616936918505,1.9147442293532588,0.7276445720062744,e2
-2.935828286496056,-0.81631060924621,0.22151867452116383,3.8296992192510784,0.43945779660878587,-0.11934110342586705,0.9222218155228938,-0.8979981154048252,1.1389059967778683,e2
1.3661491023552044,1.6256643249591316,-0.9698981094695734,-3.7225549336312236,1.3182866076506414,-0.27030349463861475,-0.4965031426334834,2.259395699638873,-0.44204111293964693,e2
-1.5914751156868192,0.8235326565810998,0.7422175882936162,0.1142349640073429,-2.4620606595239547,0.4169882847822779,2.8426799475255966,-2.261699015532738,-0.9520636373753727,e2
0.779913226898158,1.3788575758691168,-1.2691848999385755,-2.1456476246911413,4.166351060696899,2.1571802923868844,0.8064846289272007,-0.19981905762595958,1.3047939511167335,e2
-0.8622617048000522,-0.608870123136796,-0.36892518164722854,0.5518624998938264,2.64945187515483,-1.9951947558048526,-0.5923442063320306,-1.7722911803097756,-1.0891108984886337,e2
-1.6139110579502804,0.21523781168822667,1.5578705186523985,2.2183611279400153,0.5398315350347465,-0.4043622172939536,1.785860400258903,2.1699845278616317,0.2941259469371852,e2
-1.8759546047771576,-1.0014638072757192,0.6841990532094668,2.9082320168673075,-1.3234509182177996,0.19161316507223616,0.8978711544610982,1.2899026283736634,-0.2842382527520477,e2
3.488446564265243,0.5524374327006139,-0.17542852472708811,-1.4688351246821658,-0.4689377086262009,-1.7961920133098686,-1.8889633269525226,-1.6323732553746155,-1.1831467803828415,e2
-1.830226233206008,-0.005064660039902592,0.46580125107965054,1.2513998210475765,-2.50569461200845,0.08077738317126672,0.6025759197141266,1.353720231420161,-0.7020332210261762,e2
-1.421275872336765,0.1928344734285712,-0.11967194947333286,2.0015102552107136,-1.1594781024884904,-0.018999476258924796,1.2355773293862127,1.338364444051549,0.20870020300603914,e2
1.193783107905834,1.6239306491705092,1.1420579124177677,-2.396739539499455,-0.9458629405920242,-2.994888896116952,0.757550812354034,-0.4078529128742707,1.694526927836356,e2
2.3519571712232676,1.5723113485596631,0.5724893252890474,-3.1223248000032062,-0.6267816539623314,0.7502765043859241,-1.3241748599334169,-0.025059640774440395,-1.081730181510574,e2
-1.8538828858806817,-0.3015125058801643,-0.32895767122200226,0.98191636816838,0.34347289868575037,-0.4139249280282891,0.06444013781163886,0.5643535233952501,-2.38141690047001,e2
1.099184156707436,0.883821860841529,-0.8882123975323397,-1.018935876558922,1.764270587750419,0.13862600095484764,-0.4596978724690508,0.7428292723328336,0.3123942458783635,e2
0.42422381487787875,-0.4267846009813279,-2.0186984831134587,1.222726730545386,2.1269857669431746,-0.38723192853310506,0.2698185605386871,0.504281718823022,-2.921369613601059,e2
-0.09375021378184833,-0.41590061062419265,-0.20005230860017756,0.835303049854375,-1.6928714440896662,-1.1463792782330589,-0.6023695769628561,0.03279991907281851,0.5791967543399221,e2
1.37965515354833,-1.8924099800091811,-1.400998573889307,2.611798674705136,0.8910497879228736,-0.6264025727926932,-2.584521988557582,0.6856400739021389,0.727033194945075,e2
-1.6977469158371794,-1.1969302431391975,0.06757263884062455,3.1340021203041553,0.9820265131816208,1.5537150757254712,0.5569445243134211,1.6881977568275512,-0.07838332453025533,e2
0.6348952683424715,0.062248020423777375,-0.44218035507211023,-0.35506660250311395,0.49827703011635327,-1.13607074656619,-0.8179376752862249,-0.1505741159876545,0.7856707496687814,e2
1.965643052124646,-0.13913441990647896,-0.9256998539203474,-1.0507257887672026,-0.33823967607006933,0.20891952150275928,-0.9169372771160815,0.09540807990686015,0.031747452298763336,e2
-0.4134109518474991,0.04540035938691464,-0.7435519416325157,-2.092894934209179,2.5641598631927707,0.25027506871567595,0.23892487219495442,-0.9532695391356737,-1.1536579696272984,e2
0.4050350551084022,0.4544523760747203,-0.4035043892753326,-1.3720031697553376,-0.9778643345599443,0.6124640441245802,0.5976223553878814,0.12258498669701952,-1.3378025372094782,e2
-1.9790300428274545,-0.5993172857778163,-0.5044984380566415,1.5515524599005674,-0.7373161461185471,-0.887221456677861,0.39625901242870976,-1.2364027546427643,0.8725326293535391,e2
-1.5504249175712648,-1.309320922808901,-0.13000715544502392,0.8203976702592162,-1.0475479949230955,-0.058970438787797126,1.3293897009235107,1.6513693231840945,-1.322502620938187,e2
-0.44573422494456133,-0.8813366188372304,-1.246537844567626,2.2501132091136293,1.207099909001391,-0.6436011926865024,-1.0860364574144077,0.5798786913625782,-0.6120844833706167,e2
2.1255248567240024,0.8082425504795023,0.18974564925918444,-0.4619683163095143,-0.3137139370071587,0.11172911966583227,-1.139963091069286,-0.8104027743305738,1.7599318690168337,e2
-0.12214827378425878,0.28938071671255855,-0.417908876225722,0.5083888375086472,2.4264636677664986,1.5939962547634166,0.33130205675707697,-0.13138679804570041,1.1452910612994978,e2
-0.07717985300115149,0.5225577920688406,0.41337002645790005,0.9244658466995699,-1.0631039180054191,-0.13526586185597653,1.1490036442257765,0.5713546907219008,0.751215499001274,e2
0.051726339038206254,-0.09166687675479182,-1.1267619347686968,0.14026061644448132,1.925128351211884,-0.12491171005947282,-0.2379127918790636,2.5611001516366514,0.013268606662456871,e2
-0.28567960972291756,-0.6124174130175022,0.4169172301435722,1.054504054241929,-0.3196258607954552,-1.0670408968899636,0.035800452950021516,-0.5882038610218576,-0.20276789811549087,e2
0.06650958550924058,-0.27531059657405277,0.5183118486301027,0.2116008277656884,-2.309749871344441,0.7797624870309038,1.333602964092923,0.7656703514050279,-0.20354036823697247,e2
-1.4312409641874715,-0.6806652925488557,-0.17811438376138236,3.0639843281941546,1.4490521984989146,0.48089857739901454,-0.41041777876744145,0.13560949521818344,-0.4525841821191786,e2
0.05983314120076577,-1.4227755863515967,-1.1983022555709864,1.1596199461654255,0.011965846573739114,-0.5612613437271996,-1.1600024425082065,0.5425914244078668,-0.9942653564780626,e2
-0.709499628106788,-0.2009410298046055,-0.2736590486115094,0.20006041652740253,0.634816260607169,-0.3141026349332164,1.7407018834882655,0.7020158948210491,0.6306133621064245,e2
1.3023140790590175,0.875526273745236,1.4557402570325377,-1.1601361818974574,-2.4004769494210323,0.09161752557276162,-1.5413768382773472,1.1248088210992462,-0.24712974345166686,e2
0.9617685739559275,-0.9655736585403211,-1.3979619259325835,-0.20066335230686666,1.0944695995184017,-1.9645729694539593,-1.6959556267796567,1.3139466640765574,1.0351968498308814,e2
2.4698778121324914,1.8671426362195933,-0.4719794705676452,-2.9736945710114204,-0.5518610224806213,0.7807215891756513,-0.540022465379433,-0.3312901925229819,0.053786440242172176,e2
0.05434416391487196,-0.08057444012200111,1.0095680719811222,-0.13264366877261427,-0.2818428570388873,0.37887728564196593,-0.6326564111642556,-0.6752533748608539,0.3366331642564981,e2
1.9455313161818908,0.249992322531112,0.011569602185159624,-1.087201991915237,-0.9648697087361686,-0.5399175177877927,-0.12997390308168513,0.5631774447965314,0.2513812055099528,e2
-0.11127847896630352,0.0970711556540781,0.5495948127838326,-0.34805738978417794,-0.4636250306255289,0.1504214583477265,0.08994245351062687,0.18229237366491338,0.9327332427770187,e2
0.32278021543492985,-0.030901751672856147,-0.14364398489710137,0.5762565506849916,-1.703160009348971,1.100604877816535,-0.8781698926200586,-0.42428242293823,0.527017627782193,e2
0.5506037095687293,0.37662408167834077,-0.3737372707947171,-1.4816483442875983,-0.7948679191617467,0.6856248770967148,2.174948089318799,0.16705475515909618,-0.6710171465260382,e2
0.21051509121901857,1.1535048318570928,0.5565812104032944,-2.588333666985595,0.48634578645612403,-1.6110329009398943,0.5414400119953364,-1.594077579968019,0.2533116937047153,e2
-1.3582124229860026,-2.461238144643166,-1.2348178122202529,2.483897701688323,0.8187143950529913,0.5256640628753403,-0.7639903402239813,2.3968521827632574,1.0270952538715221,e2
-1.8839681082011661,-0.041737248760509715,0.06361799281766738,1.6600488479528899,-1.329851712528926,-1.0301411198433144,0.9881540008861504,0.24331066692470857,-1.3078257817324568,e2
-0.9967195076969791,0.6489483889533868,0.9533560569647895,1.7183499204969628,-1.4241257591397358,-1.1700845552094288,0.6934478875756867,1.710079066767141,-0.4788808624584613,e2
-0.2905298986113817,-0.11013356716500675,-1.166848443005421,1.4189411286317037,2.0816992787507465,-0.5912177430426464,0.9081832520623138,-0.5463622837439964,1.3792261627025555,e2
0.21434253472613546,-0.6325789997641839,-1.3068624798157267,0.027732164227807804,1.9694154543048716,0.3798671543873861,-0.8239998558997185,0.8892294592883178,0.6319256398578689,e2
0.6149979313745255,-0.3470353496159059,0.7908887831089138,-0.8498561041387156,0.28457223684908084,1.4547384872356013,0.9698374193453287,-1.0143472232785362,-0.28365581681207785,e2
0.9120819500412749,1.0414505784507153,-0.17879207028972616,-2.308621603815913,0.3865919914445703,-0.17080963782224096,-1.3615616008891656,0.376865716328199,-1.9081426667454704,e2
-0.7158662065520052,-0.0888609627945657,0.5404595775993819,1.229716860326873,-1.893166454395601,-0.19509425109584255,0.5158619924128685,0.7131209716032932,1.4781648910928884,e2
1.406720093755438,-0.08072534938090192,-1.2130219533279765,-0.7609347395093653,-1.2563518122790867,0.2512764969247367,-0.6028786194483752,-0.7743705926013857,0.7177924775563509,e2
-0.32032234815807614,-0.9144863625373432,0.9817508259574146,-0.7812432446224283,0.9699013654082186,1.7825428014992641,0.39025143809083945,1.9522982924472945,0.049425776308287074,e2
2.000955949817946,-0.0682757454246975,0.8619787825045305,-2.607528545998303,-0.6473958376109943,-1.0803975283598644,-1.0338870907758886,-1.8753894429633537,-0.4211546263903961,e2
-0.37682802244338776,0.6730668002638265,0.3605596972440767,-0.15672196564659757,0.4892583103080615,-0.2206710069243658,-0.5440554220284969,-0.02723918601518525,-0.7058617080945851,e2
-1.3741870690668552,-0.5861318537915909,-0.42976782389263213,2.9138702611496132,1.7260620061757221,-1.1541797365257918,3.1051785778764294,-1.0425273991787736,-0.7654730921172878,e2
0.480489830468791,1.7288660369997062,-0.3761163636523026,-1.938279612830944,0.4304977580760291,-1.5825041826089081,1.155898896605172,1.027132526092098,1.1469814461755854,e2
0.4849789682333369,0.15502937528690547,-0.2428224153741087,-0.786236545263008,0.3093450355352611,-0.670196259758476,-0.5021054869892456,0.1657861409986456,-0.9020015195027793,e2
-0.15840374415279784,-0.29925325131262276,-2.3154594427177946,-0.47050241545731,0.8540762665591316,1.2374750086382929,0.3075338367193929,0.05642835542395373,2.057210367459373,e2
0.33535096629787686,-0.2295294234240296,1.5105570892495765,0.2615653867716693,-1.3906995486866442,-0.5213066494266839,-1.2090979239724629,0.4215512247825811,0.10628277453448702,e2
-2.0514590211016253,-1.6829263819331548,-0.8131168425559787,2.794832112329655,0.023775607621924877,-0.725449409051104,0.015331917608330376,0.9444625384149606,-0.8405743903054123,e2
2.4189195433533417,0.4417641920247252,0.6607108859318594,-2.8831130615447327,-0.8650676424691521,0.2230200394525716,-0.9808317121644389,-0.6447185935999636,-0.3073944704639068,e2
1.8755755267735643,1.2019216125902175,0.685140779881875,-2.1199192857036047,-1.1468272431007824,-0.30650613128016596,-1.3800489341298632,0.731013386087199,-0.06122838850570439,e2
-0.4564950700671074,-1.0100988000798656,0.2778311700736947,0.9630813548790079,1.7928620657214307,-0.5391975122729993,-1.0109279680755308,0.2887559945660651,-1.0481085142867823,e2
0.7445275078069561,0.35044391891398435,0.45154316263440897,-2.0527295446901217,-2.0669587917479313,-2.165502684646202,0.6082351572308359,0.8629834412629973,-1.5326878634165855,e2
3.302583270617367,0.477374486964486,0.21812443839927925,-3.7264610542171828,-1.095621309596088,-1.6669233351626132,-2.158275848172021,-0.746260845154439,-0.2938651418626183,e2
2.4881370348585627,2.5330445225379736,0.5566131983187651,-2.5052614504141433,-0.3948827310143,-0.13421667722827677,-0.4897199736742258,1.665229168587937,-0.05550619918215915,e2
0.3298382923740091,0.17037384343235396,-0.2738516607772005,-1.1533199266474417,0.5751467195164525,1.0047832002418164,-0.04642264392360568,-0.6755442378483746,-1.5413465123868029,e2
0.9450853885899613,0.9696462935567112,-2.2086104222629244,-2.368069955842074,0.4741698711625858,0.12149890344550464,-0.6366552409368856,2.087077744357556,0.8311815146547724,e2
-1.5616287735490366,0.6492920404344708,0.5939043196544851,2.026910172783334,-1.7109909304505786,0.7696214605354349,-0.40020693194081514,-0.22186465133713698,1.1393178720673427,e2
-1.8560353977994373,-0.7758253864920406,1.0067263610124897,1.9732186605024058,0.20993749999733569,0.6062231942494228,0.10516378411120571,0.8788765602226855,-1.5126570465027784,e2
-0.09530592781970637,1.2574594334242173,1.0167983999897063,-0.4640692164539807,-2.5923722088489956,0.5993242722746204,0.04177513243014506,-0.905001140858194,2.045312541067227,e2
1.3357252855277555,0.7196455294216659,0.4436797553733121,-1.8003275211628822,-0.4204915267025908,-1.4898347655839725,0.5832626812804407,-1.4078575239517024,-1.5447257040748887,e2
1.5723657216023954,-0.16701506978827432,0.8156794455707672,-1.0250804043752748,-0.15799155157041267,0.8215017330772592,-0.6639213052249364,-2.354592649628145,0.8328634896756288,e2
-2.0273271907201083,0.10679567710006947,-1.5592231400890715,1.094691452556388,1.674326831625403,0.3351876681669817,0.2493879574578065,0.30467355145740327,0.2309264214362806,e2
-0.4225506872030186,0.0761351778134362,0.9882025810325437,0.07418396286321316,0.6726767573608854,-1.3965225840157174,0.07543491287161647,1.746983636519058,0.9133499389048534,e2
0.14943379003837898,0.40585402139252214,0.8148240127672263,1.205919270549465,0.18973421102879845,-1.034144717674594,-0.5939560931053816,0.5133763762671342,0.4185040926060697,e2
-0.3461504366141148,1.806463911771018,-0.40986947096885107,-1.0442113941948468,-0.6263342241975671,0.8643855069148325,-0.687849102061743,0.1214318636787147,0.3777406741389419,e2
0.40566646345265167,0.39432551908239355,0.6145670805634408,-0.9188117560827403,-0.03826027301727264,0.31846193720493454,1.5155733561904996,0.8551763425492451,0.2946767005258557,e2
-0.8533228435872784,-0.4403416102553679,-0.6533451803411436,0.5593957842307612,0.7391645571543054,-0.3998062799849019,0.25913680813815254,-0.22606940311859472,-0.22575041793370137,e2
0.30320050820593425,-0.28047829190584633,-0.33482796688391625,-1.4081828581113596,1.5338544476754894,0.24435979360254387,-0.4813516302791029,-0.8628253297638088,1.4693508942371272,e2
0.7893816225924906,1.247005196823123,1.8377984693345213,-0.3104574482037312,-0.23050615355454118,-0.2912868015000145,0.16949937278869281,-0.042072916095827015,-0.3430043191189555,e2
0.3268530018582825,0.34636374715099283,-0.2237175167929764,0.23047650914944945,0.9173316955669537,-0.4728823208599766,0.256078657730922,-0.5651432503617491,-1.5696394027432732,e2
-0.9531560643816468,0.8785792706475797,-0.6857890334554334,1.535894148921009,0.6292694506666185,-0.8628915956526414,-0.3453387578462689,-0.1356347225266768,0.42409888236681964,e2
-2.0107762908824904,-1.483151635607578,-1.496594698885603,4.465822144706083,2.789609992982251,-1.2386792460029645,0.41322898257357915,1.1516013483576524,1.0847152349690576,e2
0.3972410375834397,-0.5835468093450633,0.9537055656048409,1.7257797208675627,-1.9742508051827625,0.5290442318755194,-0.9292283580904009,0.5714644778182892,-0.4776320807275426,e2
-1.9990459106175362,-0.5541749485211951,-0.4670013442634738,1.5764569889842914,-1.1182342094160924,0.87687605443008,0.4008885836035599,0.2702213532606561,-0.2781431705224214,e2
1.4468525620566905,1.0378113885754408,0.6200161357831881,-2.7356658010096826,-0.37202976004626764,0.3583985192692025,-0.35741288032702373,-0.8047630042390184,-0.27307590957292766,e2
2.184818302132992,0.2745930702608816,-0.5696576160114148,-1.9632381338877447,0.23114602437566611,-0.4021800261708624,-2.4390003552131927,1.4051880517954252,-1.158903498675794,e2
0.36050197350968544,0.033655666039853704,-0.6748822348609699,-0.12753171446263756,0.22481686832161082,-0.030263519914427526,0.3214578534797212,0.9280885154174656,0.8780128439640922,e2
-1.1088663563538665,-3.4200603730450743,0.2810644883636787,3.4790731166954334,1.35207891009475,1.4906390216329013,-0.39828986747973233,0.1554672294107735,-2.216031318494106,e2
-0.4122427007326431,-0.6957382477503563,0.3695063176492251,0.34334080484893725,-1.3953520457429276,-1.4254487521902568,0.24186962854346386,1.1497675588595748,0.78475034874984,e2
1.4798886434980132,1.4314317534265486,0.5868283136807513,-3.0045550082545773,-1.9776777736247066,-0.1645981435214572,0.3384282505840022,-0.4175878974915723,-0.1894523965162242,e2
-0.8936899078085094,0.19025452020222808,0.05851145789982535,-1.2056370096650837,1.6872150462196207,-0.7188749467528552,0.5839852445938802,-0.648510538922731,1.5117979708958122,e2
1.6078822106387543,-0.2583852088705378,2.2963213514696736,-1.7082164022949506,-0.2021678486668217,0.27467110216527085,-1.0231664115128896,-1.4365438667245827,-0.11424485226135683,e2
-0.4530328468046762,0.11669726886458945,0.6185828826904914,-0.1845511436790077,0.24315581448613355,0.8582106336951526,0.5070494911754748,1.0409869312469695,-0.7104240238092956,e2
-0.6580739846972774,0.6917208634975951,0.4222043651599689,0.1566026600411015,-0.6170372179091669,0.04608853409461277,0.9074246308443817,-1.2263835452618952,0.542529492119088,e2
1.7645625162678709,1.4168986541421924,0.11180786553743888,-0.1941828099152345,0.816048744409836,-0.38903636520803564,-0.4461910041321612,-1.7291193033364036,0.5981552494322686,e2
1.0334602481012194,-0.21218911015663122,1.247445227569687,-1.078835597550389,-0.7171711070999852,-1.1352518549100086,-1.5880843360399324,0.04605744273108288,0.873397992251028,e2
-0.5814844007022435,-0.32993746850072797,-0.5010667859859765,-0.6955782431753725,0.18578042056549354,-0.9809386825954756,1.528330717803562,-0.3486322364282887,-0.11687631762491234,e2
-0.3513561603190739,0.9241952736928235,-0.9697165416842765,-0.5820835303040699,0.9647418606368919,-0.742970624897216,1.2729168622081115,0.5630499616061558,0.6233520595545601,e2
-0.20041169111581478,-0.6127563573990563,-0.3016743723281556,0.142144559874314,1.0487679298564003,-0.6922245366742288,-0.18046286625536181,-0.013716220220930437,0.9692754966390478,e2
1.1429003721143436,0.6517620047496693,-0.336284216496716,-1.3005632143224848,-0.1707808320707912,1.2527263721981097,-0.9937491617771472,-0.060681083479562845,-1.2191374418026562,e2
2.4941408938725687,-0.03839952815768496,-0.5327132489336267,-2.8029444816340243,0.33114906738220895,0.8106379290136384,-1.3593003316240935,1.9612291637534425,1.3687776971095236,e2
-1.1768697169977407,-0.48709171097868714,-0.5701315026587501,0.6110338569314729,0.23186698451175464,0.7511286070923611,1.358283930175799,-0.9082900811814704,0.3675665471675564,e2
0.8796793959190441,1.711102722203639,-0.31820899647825013,-1.524604412366251,-1.3135502144480773,-0.3040095444601053,-0.3527287555524755,-0.5692476205141612,1.118623288457706,e2
-0.30225712637290425,-0.24100779612829928,-1.2024165552607633,1.491322615925773,0.6414482519642482,-0.9210739083046776,-0.12121951494929432,-1.726717176960376,-0.5906327440457441,e2
0.8625693818921562,0.3182552105571213,0.10121511030583372,-1.6703595253505317,2.2826541702472833,0.8401340905964659,0.29649559041653456,-1.3682881951248556,0.7599833816983743,e2
0.11869832742400571,-0.617767728961246,0.6860338096118214,1.0427332766690451,-1.14171458027615,-2.185193608311905,-1.129887814799805,1.201113902735778,1.7761025182017616,e2
-1.825926958508882,-0.6244139234743442,-0.47241410467111994,0.6860162609645646,1.0131648170994185,0.5583689772772334,-0.14781858217038385,-0.44630895098960877,-0.19411050326658824,e2
0.3020344495681566,0.791006414992954,0.9796744333921499,-0.10764216835211105,-0.6983737533148104,0.45061850715716767,0.27625852970890324,-0.38149837569909795,1.219068480568708,e2
-0.4219984766152136,1.3447240807463254,-0.5588240496241038,-1.9076711455276438,-0.07943510684994132,-0.9592863688700679,1.138567026087077,0.49881812336026937,0.2726972947245337,e2
2.9486638473219013,1.8897529902408268,-1.0189329105673546,-4.611995636758775,-0.624109919036995,-0.8952638508467143,-0.293961765931418,-0.18807702325140488,0.8470494706943089,e2
-2.1875903392991356,-1.5647136133478026,-0.10892620109199039,3.051600449930209,0.06086625870251951,0.15701096784483556,0.8914137265659485,-0.5020670719245213,1.1981675104168028,e2
0.2178897623402249,0.817265029171701,-0.47267598672361916,-1.0206280104104357,-0.10383534501647962,-0.6782256025852917,0.7659883762953956,0.16935005746931597,0.3252821177230376,e2
-1.7503777346558813,-0.13087842983880474,0.7308293945992818,1.5918706290819333,-1.2120419203523307,-0.40835341841712786,1.2892322917411023,2.148721843385721,0.9145591870020404,e2
-0.7533334328550794,-0.20044652045290928,0.7534363290111017,0.778254720342076,0.05995017574259265,1.608224359926199,0.6840458172255589,-1.0323871202453443,-0.07762293563185312,e2
0.6722635442793556,0.2290416117721363,0.6215628419519841,-1.790465586537896,1.5370076313468815,-1.4795626942092714,-0.22160117507008942,2.1151529634115427,0.5541881437731723,e2
1.6537539997160249,-0.027532140607208277,0.1805726334777833,-1.6386004304008734,-1.3854465379084153,-0.033127015392991246,-1.7870556736298284,0.698265101667709,-0.6166959644529889,e2
1.6093200151874694,0.842937584267878,0.27373161393337964,1.07526697448446,1.170193881928911,-0.5425232804311764,-1.6399831861773495,-0.15152830145287902,0.07395193280080355,e2
1.5300954916761806,-0.8723364656685968,-1.8651121529741552,-1.859142123635335,1.810127714209214,1.2509958425191912,-1.1209840965782498,-1.116267855979378,-0.37994349758598894,e2
0.658304414722492,0.8433125782153021,-0.018507409716596188,-2.128435396614329,-1.0288309076406994,-1.0397613236362655,-0.6854022445146625,0.5930689919078057,-1.7116815175515905,e2
0.3807071666657707,0.848318213678876,-1.3763328796559524,0.4078769101201085,0.23563303133045677,0.5646592880792791,0.4423286954362026,0.5059566000503614,-1.8864887851362582,e2
-0.30868695535248514,-1.3397820167466885,0.41912401232851615,0.8880562040711688,-0.6181069205473885,-0.1734774032445017,-0.7292322544342494,0.4077748932542983,-0.0452508896704485,e2
2.2437512741985297,0.5668821363809307,-0.32848705879072776,-3.185939558960448,0.3240354567332959,1.543241693310251,-2.3443803324541164,-1.0438992854750633,-0.19684119435538616,e2
-0.40980941403625115,0.9101455262330008,-0.7720056965670495,-0.6722049660500726,1.5920722074444638,0.3098950625635263,-0.30324380645954996,1.2998122329487785,-0.9061903931941175,e2
-0.3781920246704016,1.5042951977045844,-0.31591777687193784,-0.6389765531419929,-0.40663454693928175,0.7658154972831336,0.2752830660223682,0.13291633881650305,1.4613269238115258,e2
1.8270478918443358,0.5808454840646019,1.0318061724419203,-1.0794769290506485,-1.3085858723883754,1.284562755745841,-0.04979378393919921,-0.03599686232386529,-0.0995176948451064,e2
0.6579578994878034,-0.06684554072199612,1.0628369633511219,-1.4077959011221604,-1.1003987732895717,0.7212508371215371,-0.4325717239477202,-0.60083097938134,0.9736625138168375,e2
2.3309940111194143,1.178569566279631,0.20527973714628814,-2.940561830054743,0.413052493930389,-0.24836244129705348,-0.4629032538480057,-0.08909886162396524,-0.1026001561541884,e2
0.5651613827327041,0.41679735762646336,-0.9475912067557993,-1.7843790657876488,0.8591582469306513,0.5688834319379857,0.280096897360939,0.3554902015379919,-0.42848906470370945,e2
-0.4570358435497476,-0.11504588649822109,-2.171550741818595,1.3267900774743673,0.26637773117151786,1.3411936411100256,1.0467712431969225,-0.28232543823506207,0.001083512040715717,e2
3.056721713991693,1.184041459536549,0.6788289714815885,-3.6445959064059883,0.20986876176138775,0.1916851482475583,-0.8612949165597138,0.17553503533734308,-1.7338244576168396,e2
-1.1163543000281708,-0.3091150242238404,-1.725626195396137,0.2605291003678465,0.16312584267313124,0.7328347360785591,0.25530922332236955,-0.5417858590413558,-2.352520531385772,e2
-0.7047661190067057,0.1199140582309379,-0.5203405098662659,1.0636276525705088,0.6965781319081077,-0.5971443673191201,0.687218173148894,0.8162443920493881,-0.16816016355878916,e2
-0.7096097692547617,-0.7079676204651655,-0.2615491546131141,2.767494567367873,1.7547589775496704,-0.11278628927785744,0.8446760496960289,1.9738612885187183,0.4036897124118995,e2
3.37078531266342,0.7466600543158272,1.045086719424011,-3.753797157733755,-0.4924809999711446,-0.12830162626608005,-1.0060997809926822,-0.09908762224132439,0.3616963614930044,e2
-0.46143141154520073,-0.055544619382083785,0.5592934856127626,1.7229324201341143,-0.5423966699415965,0.9667062314122663,-0.5920559981671748,2.535728058361734,0.4551590885989744,e2
0.05808851247681457,-0.45776568098984954,-0.9810212763528486,1.109163693275887,-1.4399906860071692,0.9722816632286713,0.652195207344503,-0.42476620378409524,1.2855669735167572,e2
-0.032317853442253075,0.3441630821706401,-0.2126846063306104,-1.804765827612334,0.9811659307955174,0.7638611892652292,0.5542210756937527,-0.5384325739870833,-0.38294849730347286,e2
-0.5077626617478134,-0.5726740857013348,-0.18020161665222317,0.2952241505090033,1.234136718335923,0.4440546700000233,-0.6483311784396911,0.4563741938293089,1.299293320354184,e2
3.255312485255887,1.7496115841116484,0.03731923331802752,-5.873278427819722,-0.09723295038629769,-0.5007189421984145,-1.6007441474459843,1.1043415046101954,-0.45459994313354746,e2
-1.05798831614741,-0.38605275901789415,0.19764498553401774,1.0474460859412846,0.4984343828283281,-0.38504151189096897,-0.22779310870757077,-0.5051066529778695,-1.0511157561771973,e2
-1.534828983002845,-1.1954107804369238,0.7279412962074249,2.5044088480225932,-2.524851374929245,3.5647584796731273,-0.04786785033302386,0.15841797398704568,0.02254173130609945,e2
-0.027538896829188697,0.7751688901472055,0.6892418106626108,-0.29897424970182507,-0.5514494836835493,0.15883185944862246,0.2878384936943208,-0.13009330491389495,-0.5877560875101313,e2
-1.5337551910434897,-0.307112250608587,-0.01607369921823456,1.2785261920610913,-1.5098845702958392,-0.2520796061521309,1.6518480457671643,1.2564000694652988,-0.7724941115223813,e2
-1.692365148707466,-1.484168004109202,-0.9860500194018305,1.2685568568781913,-0.7184829820740091,-2.0396922029416356,0.10711887861806377,1.0796243658958058,-1.2359381498158513,e2
0.28598367758490006,-0.758137604052217,-0.891521254919334,-0.079847635747612,0.3248806791503123,-0.6353903505795047,-0.5039382441530257,0.07321736427205508,-1.3597078318543578,e2
2.561004752862465,0.5542921810057346,-0.046850748704582466,-0.34359046367684565,0.922156307860419,0.9507377355937998,-1.6473458461363764,1.5582036880474113,-0.129786931515957,e2
-1.0097322504158786,0.4110227186451713,0.09036776877548175,-0.650488463871798,0.16320457072307135,-0.9506889872647113,1.7535974890139923,-2.1458137543258986,0.31930178295783834,e2
-1.3099595728671691,-0.08382089704756564,-2.1579477550786046,0.9036303936445194,0.8705783244915153,0.11411337554522916,1.542700218474264,-1.9230181923530814,0.21276287795875837,e2
1.718744580637682,0.534470516373601,-0.11512646739819814,-1.1807887450126826,-1.1162208032237597,-0.47940387815757624,-0.3891288352268308,-1.6103291126308155,0.27036272704397935,e2
1.425396137220865,0.32168279210935213,1.3451793723578414,-2.366250651601285,-2.8972941492769584,-1.5282163011641208,-0.7839493965552728,0.09703515358390012,-0.9456141496512364,e2
-1.490102370459442,-3.501184296666165,-0.2635692855080144,3.59965353594557,-0.7232719435976678,-0.32337743510549,-0.2788514479958815,-1.2821942902028944,0.15156236248262467,e2
-2.5211046964200867,-1.8171509263535996,-0.7312411343362596,3.182293062151649,0.15163416792314643,0.25761051242020244,0.8192033962649987,0.5161001873840093,1.3451366282665842,e2
-1.1553418629996681,-0.20937342975607276,0.7368444133832118,1.6772978177253195,0.20402068924533223,0.04022505307690019,0.5216857142716432,2.905149631694749,-0.3299571474850295,e2
0.6763974199441752,0.7081894443953315,0.7705265468185087,-1.3613438733804692,0.19887342766004684,-1.0988518018125841,0.0786155390117528,0.24644195595059504,-0.6783694295772437,e2
0.6655530354580814,-1.1569972596159377,-1.137080279800328,-0.06360119949251541,1.5636285800460044,1.1869096692627024,0.0704518760388351,-0.12630639596724738,-0.3326661189946306,e2
-1.9162141167593083,-0.9842980803545079,-0.6077802104488033,3.2161167146066743,2.781130436951873,0.05998239686567854,-0.7351820029284064,1.5837804960747595,1.0164528098270034,e2
3.1807926461054175,1.401341269325714,0.3860014405925872,-2.650881826560527,0.31663187943233195,0.1833751787413448,-0.713292743184277,0.2244184090253292,-0.26164111101032195,e2
-1.5768367170863766,-0.6985186585660594,0.3790888989995342,0.5660273932894317,0.8352641162915041,0.2997156729915732,0.6546525307785087,-0.2917452304180365,0.05349163653784665,e2
-1.1936652717473795,0.6731973384777692,-0.5053494217571167,0.9105231766492955,1.7608062908288444,-0.921022325208151,0.37724561570471016,0.3091863471289718,-0.009483505804389001,e2
-1.264461237123429,-0.8676983270283424,0.023872938460058595,2.444861531455499,-0.7979094839953232,0.00874817445527308,0.6730824727709094,1.1739727394858221,1.1329620412105526,e2
0.9459480807206526,0.6934980870239399,-0.15653162784053065,-3.0163159320748605,-1.9521818254081496,0.3076339761494484,0.3913718521702069,2.0503452087481846,-0.3661089942998075,e2
1.8216740325804028,1.3773801953364513,-1.2200525294054985,-1.9776955041831976,1.5380797075234338,0.43427153309919386,-0.4046394630037906,-0.8636976016932671,1.4060492054544687,e2
0.005072829154957215,1.2665262731073506,-0.8106049877223741,-3.8778959900275356,0.7326464238564492,2.6865248972161107,0.5728697749920086,0.355071558898611,1.984632696413593,e2
0.015416369123765539,-0.10555589856404561,-0.07920004437683441,-0.09218741476891573,1.0054832633837827,0.324867549331595,0.9702998664505653,0.4051796018406049,-0.9255532149279976,e2
-3.2532428856236413,-1.2893769185046182,-0.7303139997970071,3.4986578124560612,0.3655654339178337,0.7543206978052334,1.9459448750924835,0.6900000188284086,-0.5406564479740572,e2
-2.80781693354326,-1.6091712564415852,1.7721367370117926,5.018740012740401,-1.7943628131388003,-0.026382922012366215,0.19873976180716174,-1.0645903470185898,-0.3949597823839418,e2
-0.9972794969043822,-1.593912171948292,0.6315406809438369,0.4374726491381389,-1.2083233671198157,-0.9215868586888805,-0.40288149220308733,0.08178438250024513,-1.0277287623316924,e2
-2.1635914526439244,-2.204816414091272,1.5915132286736298,2.7469174589823155,-0.5205902592470997,-0.6485165468510657,0.934560629207748,1.0276175684777373,-1.0806731640396703,e2
1.3882414802034297,1.2866435636621765,2.3253540076234285,-1.7150228681206976,-0.9456773703502399,1.3130193912024162,0.24548503059441526,-0.2544527871156008,-1.0396731759844098,e2
-0.7124487055628188,-0.2449838930547061,-0.6584913157657963,2.6442746234609245,1.668311152192734,-0.10724848096719881,0.1909250464840343,-0.7480848750324665,0.3793819624806229,e2
-0.6851176570106785,-0.19910959384508842,-0.920142898319793,1.451900188395999,0.1597232229370481,1.8320659605249938,-0.5464955652387901,-0.5139805682254468,-0.7671617644746025,e2
-1.4780084848047692,-0.806277263784573,-0.2197632369012764,2.814117897662447,-0.663282957180467,1.0803824606802201,-0.1951498385087978,1.9939314856867607,0.06984561811018161,e2
3.276574362278208,2.5136242103728814,0.1217355534243546,-6.771132943838771,-0.9295964014386047,-0.34705132995293997,-0.1383679675607314,-1.5419332496249114,-0.07973449647549707,e2
0.47413187788519773,-0.9507792059509081,-1.5864013167884565,0.54634667573548,0.743610523225901,-1.2659358673210128,0.6064461410372813,0.020559493328019735,1.0636958834593566,e2
-1.6009343418649786,-0.2718197835160879,-1.2539594889597985,-0.7880257643020476,0.2586778662803193,-0.07363464999462853,0.6123574946615519,0.5034580605250826,0.5360330482796111,e2
-1.468688043028069,-1.0767840538793247,0.9343625264906008,2.7830068873476232,0.009260868818322665,-0.0461857339394075,-0.0031282363357387254,0.4170712885109378,-0.6666758880876317,e2
3.394548860451488,1.734655884624354,1.5036328440844946,-3.170196724793604,-1.6500342817458256,1.1441303739119397,-0.8918499083879323,0.09336474581560393,-0.11103271714646319,e2
1.3670533738147626,1.6070157664965123,2.01328429038218,-1.1895205069061754,-1.052824770237924,0.06331025995185104,1.0350573793835716,1.017833069386337,-1.6399420816931505,e2
-0.5821281139938822,-2.2058792204962363,-2.7161617235406785,3.3958851028580153,1.8115240929900396,-1.294850897758307,-0.890825210813868,0.475586402024689,-1.2921713489894107,e2
-0.5748831723759449,-0.7913750005841275,-1.2951069089940723,1.552155716599922,1.4505497961568086,-1.1827837184365877,1.0463639330091177,1.7838604936666922,-1.210972278367104,e2
-0.4844602039307641,-1.2581868088028028,1.8212066464781103,0.8271845328850206,-1.996781779955795,0.6840593547746163,-0.16699601240927797,-0.11350226517194562,-0.49186243638449634,e2
-1.4499078407465793,-1.163497806095102,-1.2938630889351368,1.6373525992938636,1.0314067350102676,-1.0529992420127963,-0.6813620494137034,0.34721696457186335,-1.9002328742589898,e2
1.5755969110173564,0.3753932196137236,1.600354875193335,-3.5878245796737445,-2.3618722164243167,0.9484248441883127,-0.2324872158346193,0.252919245169911,1.5326357500124275,e2
-2.626137813685297,-3.266380377095666,-1.1514964741417981,4.891899448339146,0.8205610055177922,-1.5086667572229235,0.5271566234269971,0.23959935867456578,0.5901979862387672,e2
-1.9730014069137987,-1.9989908809897399,-2.409368471718898,2.508197927114428,1.9681007725086475,-0.7481978072891748,-0.1891380009423753,1.4953743487079978,-1.0217363062773563,e2
-2.7023934748448033,-0.4947629020225708,0.01601348860286021,1.765127461124367,-0.2519324519098274,1.676386021966252,0.3066219535826869,-0.15899971906740795,2.0592816296536074,e2
1.3242396141555575,-0.14903486972155056,-1.7588348731062255,0.5936008930960568,2.378247524965397,-0.42351658831663525,-0.6012023936478141,0.4688614416592275,1.0467327491475975,e2
-1.5156263985964504,-1.4860690440187825,0.4819389302023022,1.7796673153122484,1.0913340026046485,-1.3034443990536557,0.37625251089636036,1.7363945842609267,1.5989016514622412,e2
-0.7951197276677737,-1.4771527090576098,0.6578699416700782,0.2788908029046431,-0.9267396809208337,1.347440625363917,-0.7435013501721761,0.24661997917147538,0.3507749093075092,e2
1.5060723907135503,1.2364589792898997,0.5977247155659627,-1.6568589640901443,0.357804425884088,0.41810973238807947,-0.9866941910791597,-1.1494867222194642,0.2738523436600424,e2
0.605265683980037,0.30970300201823575,2.5467380280057457,-1.0152043463770177,-1.1843709687796897,0.4813249771062282,-0.5607046241187922,0.8919000597308274,1.3036568583372752,e2
-0.558930850958475,-1.175613956787214,-0.2650426083454438,2.468703826685978,-1.790313916264664,-0.07975000133401684,0.9212930150751679,-1.0348048069309463,-0.4131201046336659,e2
-1.145427655222556,-0.17973071928522713,0.8576355122734114,2.177273113957333,-0.3069421461813678,-1.8120642271099863,0.2400324737210193,1.0282948286536766,-2.1945336903795654,e2
-1.1904388077021144,-0.06275459768159382,-0.953408586408477,-0.4799370201735167,0.2955693628888656,-0.7579124534132232,2.399626558877413,-1.1858508550132827,-2.5136189157557407,e2
-1.626802656800056,-0.8676945370914642,1.2631367104901068,0.6415974360204899,-2.6873254060875684,0.9127790456375493,1.9186218251323781,-0.8303009808366708,-0.7444794617178192,e2
1.5588119344594171,0.47875186453576607,-0.3133910921058331,-0.13923624220947795,-0.9408923892564081,-1.3168076329801295,0.09319779543225008,-0.12979556698339767,-0.3986504975389613,e2
-1.1081797350677405,-1.1549488506930574,-2.816782963680189,1.3068616047179258,1.9216834837619508,1.81436272037114,0.3416874552972237,-0.36844084186200016,1.9539033258520588,e2
-0.36971265577800094,-0.3188017030103863,0.7174651126585746,1.1874006298054436,-0.5026155455157244,-0.10378858609665478,0.831599578366714,-0.1466968744175489,-0.13121512621384476,e2
-0.24617139366655882,1.0173566715952262,-0.6676674792500071,-0.8659974840705181,-1.116529070357657,0.2801214033804785,0.7410937742434085,0.519246856981047,-0.5368068563785174,e2
-0.19937708471832855,-0.3675000248918152,2.012243606442427,-0.3837218340138871,-1.1123558061813958,-0.2981219442440127,0.21173123523617587,-1.4219597612232744,-0.378978344926828,e2
-1.2632234751732851,-0.09885712608932629,1.0548272855605527,0.5682311037548202,1.961758670934236,-1.0628136367073333,1.3627105569032156,-0.4366974065343602,-0.32149032504026054,e2
1.0125596383922357,0.6128034466608311,0.5322631486417733,-0.6883104418868895,-0.6525417538078968,0.682594127218017,-0.5903275529868093,0.45656335791700825,0.4830594725140772,e2
2.613132864883923,-0.3601414333850949,-0.8737395554396707,-0.6914380451370701,-0.1332743223303886,0.15090032300605538,-0.08897388041552093,0.03889821454097906,-0.456705682912072,e2
0.3259167470902097,-0.04322018214899876,-1.5077726983328952,-0.08000872659809527,0.08233072743646452,0.14890268502422702,-0.6929055782863528,0.6650569632926959,0.11431588605299305,e2
0.19178723383886642,1.0941003286660989,0.841162693560248,0.40555436359028185,-2.169224544532799,0.5383425693788432,0.22262145170599784,-0.9829753368771357,0.4244976891557295,e2
-1.3933911675002022,-0.24657666657228494,0.09599819522239472,0.5909324998196941,-1.310952085316468,0.658878574156005,0.9489881381378616,-0.5637108956558532,1.4035547149498435,e2
-3.551399497688517,-0.061445133209992155,-0.5851555313105125,4.766833095052119,0.061019879040970004,-1.2168220951378312,0.8905531583347319,1.0391179750525787,-0.07030326438051462,e2
-0.11905871908676857,2.2758908576803343,-1.4433759758288445,-1.621391323449673,-0.9277107934107933,0.35641026241680723,1.485066922136709,-0.028645203000569962,-0.1556418634625754,e2
-1.9685756275744377,-0.6033192434242974,1.2208096623867266,3.1594692633930737,-0.04558592294658004,0.08423241962419327,0.9838260479997479,1.7206881074443343,-0.1650716339690804,e2
0.08339230153460649,0.3872077789758758,-0.5653593436645371,-0.29212627084963694,0.9093705273462489,0.8432885360381779,0.42517483570232434,1.825058722894554,1.4679964855281866,e2
0.9879211690714089,0.001806198111695017,-0.7139452956637847,-0.5613395753332481,2.400357063831752,0.38748753296154814,-0.5273343821621721,0.5307729776272294,0.09507639313296141,e2
0.7139761166694414,-2.1262560459656834,0.1814028316758472,0.041227087471912394,0.1028449810708877,-0.6370468070784899,-1.7384926597350367,-0.4865476255082497,2.245469959428984,e2
-2.5797673194196746,-1.2660128932358115,-0.09845635207305559,4.969537202505874,-0.910009926448308,-0.31717648393230347,0.8305460972023035,0.36415991455512403,-0.6552547274246332,e2
-1.4587292130971776,-0.3865436205041313,-1.4151322115528604,2.2876721714946795,1.1118908641594036,-0.18006235640138163,-0.3308742121192893,0.8375118143758848,-0.10602606838265535,e2
0.8017891146341651,1.7048347562351516,-0.690549419294325,-1.2724101746390817,-1.8505970221078534,0.47675609401967545,-0.9202003606332877,-1.175945450790742,-0.3078062591217728,e2
1.7261632139635872,1.1417056895112805,1.2119988366776822,-2.0285171743613732,0.3420414979335935,-0.38306973788181303,-0.5380633719719622,1.4158319387447893,0.5936573457788281,e2
0.7074651414472357,-0.4891445522295243,1.1102355676264954,0.215177856316545,-0.5365972418425022,-0.9991529915938965,-0.8792415989627408,1.4789294934855632,0.2528392854696576,e2
-0.33811016291145995,-0.16561451184936435,-0.14451949137453737,0.7657454102590207,-1.5810771724332764,3.0600473990285266,0.2850282231886357,0.3986550040550386,0.9855757929544142,e2
-0.39515457499065587,0.34515638756656725,-0.3737527908107187,-0.0906492188556498,0.842326311352737,0.6220735754341892,0.40387741354862977,0.8252621904850722,0.16600379382585806,e2
-0.7831880134102288,0.6455837802837966,0.07590548794014981,-0.6268958497205497,-1.42698618665155,-0.6609183896738103,-0.19110272162671535,0.46430794469214365,1.482093227656455,e2
3.1178308073377643,-0.5069640332636717,-0.14285306004809756,-1.3656429561734305,0.24437731440567456,-1.954955230889171,-2.8224355697437025,1.0954851280063913,-1.6125174072366244,e2
0.264054320492157,0.5637606048772861,1.5294351518121134,0.5977431344843471,0.23749939916116924,0.023869860083480004,-0.2819942885282163,0.7483291096033412,0.630462736990658,e2
-0.9779439503552468,0.6791460505226283,2.702711487907421,1.5638805976431707,-1.7095424449829792,2.2360794100827612,0.37847527709341294,-1.0754581601437916,-0.24580431486156906,e2
1.9713421116374212,0.061353517992857015,0.6551202022005305,-1.7800413298878675,-0.5344054201391106,0.5670454164368066,0.08186802324178474,-1.3875466308158413,1.0005137079016484,e2
1.1409468422420346,1.5087988670005876,-0.6936935714206319,-2.5726422135905973,0.5257272916756032,-0.5051750021499184,-0.40092312772055716,0.6878982417359232,0.857390534771166,e2
3.828216989179504,1.8083674676008883,1.381562194125458,-5.605032552674109,-1.5571531432476884,1.668048267244287,-0.3996308851514211,-0.31993982542976745,-0.06830279013373632,e2
-0.7763426225306744,1.184253768573343,-1.283319917667137,0.28547957264079027,0.7378423913383894,-0.4104619994854462,0.6240826888874117,0.5269855403925109,1.1170889096267793,e2
1.1342660223048149,0.13565128286024378,-2.2283575801257047,-1.9813040490745575,2.7977471336320177,-0.9935726781312865,0.8936467733948876,-1.8618693714372543,0.24326678694137685,e2
2.5792130986895296,0.28463881054711787,-0.3757902910269904,-0.6700978627031204,1.175047999333315,0.18904123795701244,-1.4529658880099512,-1.1030518049470963,-0.6898167534361118,e2
0.5697309672048065,1.2089434679604179,-0.7757742980863714,0.34590144063566974,1.4249525588611696,-0.41868555114603595,-0.015395442984158866,0.6195105261158644,0.6709427965230563,e2
-2.3355715261754084,0.34113455761722666,1.923430090120963,2.858456264842735,-0.7980991403603479,-0.3934011139438618,1.137549082186376,-1.207644065904913,0.6268209422647913,e2
-0.7469616344931316,-0.5931393610532278,-0.39905452188893215,1.0325747806362233,-0.18921491402960847,0.6946888835443484,0.5761485015002016,-0.7245863598888448,1.6725336708528926,e2
2.764449550759969,-0.10879846320413766,-0.12726761533827396,-2.6410943991821516,1.0005584133780738,-0.2921509906391558,-2.0016923615310707,1.0619593189752443,0.9776612743053862,e2
1.9359430488370206,-0.3766234296380915,-0.19041107759552864,-2.5560645362346675,-0.8132176245046383,0.16583839288138771,-1.3298006008305276,0.45531809225635483,-0.786007328088065,e2
2.433528824262294,1.8322994873938838,1.200818301190933,-2.849668013463526,-1.557558992813133,1.2497219153003356,0.009566565514539067,-0.2796777139408243,3.0601815579020313,e2
-1.3519116323383882,-1.668659660794415,-0.5952121537992272,2.4490749491557864,0.8761979460383321,-0.7055082197268258,-0.001331217855633151,-0.7614183609665203,-1.4677430654667443,e2
0.27692559062843114,-0.5046350968692609,0.1161138116894236,0.7462599962487118,-0.7919845904941258,0.729318310185702,-0.9937661274843856,-0.4288503048242438,-0.4321847375715412,e2
-2.409711466764737,-0.7066934536855146,0.768757563799029,0.95860175518237,-0.43977644359644164,0.31057737188028534,0.9710448639339204,0.8494744534190392,-1.2013856061883152,e2
-0.8417884394308811,-0.9964960431823834,-0.14012103437516385,1.4704261615452898,-0.5935922158546151,-0.8377427413088921,-0.06201341224414876,0.575715279102898,0.7064805752495747,e2
-0.628661956288131,1.0994538838850858,-1.5347116323361907,-0.036821547791889564,-0.9402844185311948,-0.9841680517042185,1.2484208748226353,1.2773949010496737,-1.1380258150376903,e2
1.3842436451730247,1.386344468725874,0.9360187499939187,-2.20683642695202,-0.2834326001738138,0.6933654006920317,0.3690624865702646,-1.1203296875163007,0.5511548037571421,e2
-0.3039490637495306,0.3912137564634617,0.24780275869747873,-0.42702564815563804,-1.695899891054577,-1.1098500784381022,-0.10076919776708024,0.11772723459685194,0.07649928994537417,e2
0.953778304531808,0.37859927046724284,-0.3958998733300317,-2.017205463831078,-2.1995923557833894,-0.017612173901428347,-0.5725300630982886,0.4251800409149292,-0.9686726460842199,e2
-2.1043576524847447,-0.6345531243897091,0.8448548011288475,-0.055566607717137284,-1.6919283508169687,1.8439182797189084,0.18213483430428498,-0.3777524239202493,-0.30275730455004585,e2
-1.4522377784349845,1.2514419616314152,0.7127820488338935,0.9794432829690106,0.31286274636302186,1.1014555903510168,1.601851022500663,-0.09216793847597991,0.5883485831870339,e2
0.9572905725992763,0.6908895383531763,-0.3374570010692086,-2.340664384359382,1.0607279865326087,0.09714246159121781,0.11479962613500672,-2.051967334711421,-0.321211889914585,e2
3.263812517314907,0.2265587951013668,0.43665999107061204,-1.5361010234373789,0.518912841663222,-1.4839832997672207,-3.506112660765798,-0.10088429440385287,1.4322198533208839,e2
-1.0351449174071106,0.03261416581154399,0.4273495491203229,0.09567608598351074,0.016751277077298787,1.3224090297297124,1.7821778656819742,-0.555645523101269,0.33557669356795256,e2
0.7391522971102639,-0.018600005639417275,0.645753989218829,-1.680261412306801,-0.8312564026896101,0.09718811209351189,-0.0392992089720738,0.47186547652501337,-2.6796780421332467,e2
-1.257594971831937,-0.8838836279517146,-0.8462113738045136,2.3248820614827133,0.6531456565083628,-1.4985173384118524,-0.6454090508113506,-0.5334355374559517,-2.2010006605143,e2
1.6583430588251324,-0.8209225555216213,-1.1190357430695193,1.9664609823636217,0.8548686212466592,1.011023457265394,-1.3068371451309397,0.902292946861956,1.3623755620900353,e2
2.1596887449497806,0.98519771010859,-1.6247802414599886,-1.3140918765283782,1.1876586643418365,-0.609467875611244,-0.9019595679561866,0.5094378722453576,-0.31396559353195597,e2
1.099095342529913,0.05202383292010892,-0.5859816673624273,0.11528448429198201,-0.802236763008696,-0.8875600059367101,-0.8817145744404131,-0.7667267333715007,0.4894453569287144,e2
2.197956991888774,1.0016896518698988,-0.6076406449504126,-1.0210825504859038,-0.9566371472352884,1.0209151646961898,-0.6420109019748009,-1.6103591761724425,-2.1261327328036357,e2
0.7540825425129982,0.5319852299925151,0.44843095726408655,-1.7071430644583845,-0.21714314419239017,0.9772376559765774,1.1155439803357106,0.2159573687658001,1.29359540181471,e2
-2.491489614604098,-1.104712475015908,-0.2851760000341517,3.0773679598155153,0.204143881884362,0.9924011668347699,-0.47720130555990165,-1.4420164032199787,1.1326734840260133,e2
-3.64000332784736,-0.9649881352931642,-0.014051934635670772,4.555737943406116,0.052444839456380773,0.7692916463246293,1.6386671512065707,-1.0735131261021902,0.5628658780845021,e2
-3.30522761413312,0.45051697660381373,0.9827011494948745,1.9323251731024165,-0.8538103827289119,-0.5840702679344573,2.1488320953887095,1.3090670431003608,-1.0567534824623428,e2
-0.08703105294675734,-0.9053087706104803,0.4096240350636147,-0.10092836787236259,-0.540952297475219,-0.8654675821755886,-1.419301144054434,0.39864117292251255,0.5056608115085711,e2
1.2304848014600038,-0.4413193370944234,1.5311700363295004,-0.5091649592899511,-0.5892754394031059,0.4429945102688788,0.5474227229157467,0.20798629142088995,0.4544015203159356,e2
0.6684462389841717,0.5373369441980435,-1.8064942310169299,-3.2401826205615354,1.203291398180171,0.5404821909820959,0.14357222736360467,-2.2140439467006914,0.9942522840488852,e2
1.1885322811875498,0.994162143528791,0.1507720434980072,-1.3051495047537072,0.7523213668189075,-0.7047942205773793,1.1319573438438977,0.6752832653704817,0.24091666894472658,e2
-0.017789343689666226,-0.017979982011458777,0.7461981693437992,-0.44482631510464443,-0.40582815213378937,-0.6293983583724395,0.29483879863811896,-0.9347027967099117,0.6203287112886934,e2
1.832646510795899,-0.13151771341793111,-0.2865600131286446,-2.5170033004473797,-0.633965565543039,1.1758354881443926,-0.16536605170871074,1.4313930248539373,0.3950229483876916,e2
2.1980563760966882,-1.1038760042685956,-0.008497956420123439,-1.545037904017522,0.9220401708671422,0.5891993666968918,-1.5945819260360832,2.1334165642160334,-0.3779917417990516,e2
-2.1292659135820107,0.027923619514013946,1.491834614069121,1.380460800150087,-0.95902811711544,-0.1698265714411845,0.0967706618672446,-0.24030495238697297,-2.592905781506885,e2
1.2542529018225572,0.07905122077395212,0.2643475824199308,-0.5876180251739372,1.6276611967843928,-0.869858434837815,-0.9486591253094132,-0.14678922993989962,0.21910251936563893,e2
-0.9666208379666654,0.0892974674570995,0.5864772315018372,0.7374882447736341,-0.6499124542787571,-0.7885904896682908,-0.8063466373883882,0.08616714898159981,-0.07451311977007762,e2
-1.0075590224987176,-0.8630166975649772,0.38005960194385735,1.8493366834282972,0.5778414144047825,0.6782305427980564,-0.8933244747757736,0.9466723126027115,1.4213880264215364,e2
-0.2429389445965946,-1.224396006254143,1.5307222584753986,-0.29401944177166683,0.265782053811379,1.121990422739067,-1.7299299076553625,0.36858843244751105,1.032755025828349,e2
1.5918472051187726,1.4610304203676565,0.38661850583257723,-1.0213932552812146,0.09203946115091183,0.5772677490144734,0.14297436541193853,0.03820649400289657,0.5335381243650625,e2
0.17309669991459486,0.6054888285044857,1.0258429616441533,-0.13102684802375125,-0.012375793288853632,0.7408862806942199,-0.23409214989682503,0.4615961913372671,-0.16264696184352276,e2
0.43406508104637226,0.3828210283806299,1.1796236726788367,-0.5891131192817071,-0.1873685365317277,0.09280546673365775,0.6579107094763655,-1.2598394998932485,1.5387183737575465,e2
-3.2329427242034465,-1.5760569735716592,2.2761421326333013,3.373014151890654,-0.7814911448637286,-0.5336645477971661,0.8686263250637802,0.9413798619773271,-0.0989275516655127,e2
0.5631404444779404,-0.32172689527186643,0.14250047961359552,-2.8202195984280465,2.0030917460679185,2.0599282106597485,-0.17810789797277818,1.5507678843855708,0.010724369751895585,e2
-0.6127075234237588,-0.11470778543509426,0.18529657489201637,2.407115675842045,0.9913723311835261,0.5827043112423506,0.36194667337272574,-0.6948341240971155,-1.1067285088284318,e2
-2.2179694715514984,-1.772964460181152,-1.1942717666851834,2.847892887274515,1.316665576894612,-0.3924705910620939,-0.9148021762770926,0.24658500888395618,-0.2592737517519957,e2
-0.6876591730596339,0.4871046592243103,-1.2211757152278737,-0.43569814978448973,1.975162098381892,0.7723702593123765,-0.3069199598299129,-0.4099910354398722,1.3643954296763916,e2
-0.13661180818049395,-0.6058275152624016,-0.8844206273723607,-0.7471693951522344,-0.524925989263616,0.31941545466227916,-0.7487546324983966,2.409928148388878,0.10947530271724773,e2
0.6776004457990872,1.1477680251305231,2.939299916304531,-2.462530425522237,-0.5966847696019502,0.5033056104069391,0.7861152667913738,0.9224742984594304,0.09891386878310345,e2
-2.209937256927043,0.08539947932103273,-0.717175923564444,1.8753679135060686,2.1040944991992085,1.0860926201303753,1.6343138562188928,-2.776059832556067,0.1887734701550806,e2
-0.2612345841842532,1.39646735213655,-1.7801960015053881,-1.1412622606091838,1.3134637083358642,2.37219159106216,1.3205055691929917,-1.0189668652856734,-0.20831999232207332,e2
0.3710311102954389,-1.9440727242752867,-0.7833628604886895,0.6918392019495967,1.8911243661432202,1.6598958608485173,-1.656027731361053,-1.8027161977244235,-0.14199407057545974,e2
0.1662326838657171,0.0338822866725781,-0.12854339269774126,-1.3027157934817801,-0.3851839661299911,0.4006263329234954,0.2255580171544674,0.15485860490286046,0.013367882736599104,e2
-3.1066592268790556,-0.8983180271429905,2.433213686354879,3.17263628996563,-1.2756814527999587,1.5292512758115275,0.5846648146363025,-0.21478124156446537,-1.0022902715702464,e2
0.4864283389089443,1.100023980442519,0.1327646559025273,-1.1857894613454236,-1.0509978239235458,-0.8577301005963346,-0.5163383087696934,-1.5309366672317972,0.4875654845773015,e2
1.3259535331139793,0.40823646558540655,0.6711583673562198,-0.08310102293947441,-0.6578677246087538,0.9986180932861739,-0.6849065556640959,1.1139008879485977,-0.41251002930532454,e2
-0.10468041762523228,0.6880364667134927,0.10527370109133936,1.2358867714091524,-1.1232877268500883,-0.6759608794548186,0.18546035385447526,-0.3179327526402479,-0.5023945108969008,e2
0.24776915023660598,0.29174426236921647,-0.7628632502763835,0.00838304508504345,-0.052891756867272155,-1.1730144963957827,0.22204333818258457,0.16759986072095276,-0.015778874095745028,e2
0.1635482657178259,-0.1145524834715643,0.17235432264561526,-1.6478419422025248,0.2866502371885764,0.9891863858825852,-0.23992088866592973,-0.9117000803949583,-0.7894156318521935,e2
0.4853191083389078,0.4558982904656308,0.3889088966959328,0.30531895144113697,-0.4245790669644932,0.8893434991365607,0.32886738747331634,-0.5407998399891994,0.5973822076949397,e2
-0.28991369755512,-1.1360257722829499,1.2648498866644764,1.832304658853603,-2.219431793477461,-2.394025967576299,0.6235961596857397,-1.1955923251784155,-0.3684853745027806,e2
-0.8043849274795956,-1.237392925100111,1.507029527788546,-0.21664338711780484,-1.0245746440814858,0.6194277503110102,0.830396676649083,0.6658369796018032,-0.45115987734896773,e2
0.308853149774724,2.0227209226127307,-0.20637800436403378,-1.7490746223874354,0.285122533149486,0.3846012746141035,0.7287344053905755,-0.850042480648856,1.6952054454975256,e2
-1.9901402933895054,-2.2680720631205955,-0.6239310469302324,3.458704500659452,1.134955333358152,-0.23951471796460974,0.3137344686254486,-1.0526417055127955,-0.7534289763314345,e2
2.5939732287869752,1.6403007017398923,-0.5949196159692435,-2.634722936165071,2.062840381791695,-1.2527019546034357,-0.9201770484370738,-0.08352273737973644,-1.146739211148306,e2
-0.8000724222169453,-0.7672887719435287,0.7721084143772569,0.8103192494212916,-0.10143276365597054,0.43103149773497673,1.3956279755566339,0.14328713878854066,0.2499069224980207,e2
-1.311006836889819,1.3126005114910808,1.5350167099211178,2.058267088460492,0.3191863571162781,-0.6246030085833104,0.7335006910967485,-0.33525409885360974,-2.3149144733091904,e2
-2.4273666470134168,-0.30218539735804323,0.7650787299777796,3.539381974409032,0.2637885528641533,1.7840118213989513,0.17026423247295927,-1.5952817231512098,0.39167948683525294,e2
0.6800483743952073,-0.44812898891909464,-0.5182482950381383,-0.7217010138041132,0.33015044809201305,0.5607554728952454,-0.7881016325864056,-1.1142677307337339,-0.6502006138541249,e2
0.576164476557746,-0.5340877754301223,-0.7069223290365572,0.2994717495198722,1.6014244458356586,-0.6858600691271409,-0.7241137585740265,-0.9470889975767341,1.291605002287922,e2
1.680212792451999,-0.8263527171649612,1.0088913343554047,-0.9577482180399458,0.22583008876852295,0.6036083006248846,-0.8664573954638247,0.310279927477792,0.6790607319518867,e2
1.0349804929253286,1.8521784145487414,0.34580369627905666,-3.0721907620822773,0.05384104785684554,-0.00016313772357296044,0.23874303091603047,-0.11688518958953556,-0.7433915263389591,e2
2.2894415886677923,0.4149296618017735,-2.149267459012205,-2.641846735121751,1.016063255225211,1.277497948655884,-2.6087434003775716,-1.105961128533862,0.44994186649129675,e2
1.1203752865026824,1.2747479043089118,0.9966162567260048,-0.07489157444328587,-0.7354484651700038,-0.6506607261202236,0.009618111189101365,-1.3340246613981805,0.8776479477687282,e2
-0.7636925372357981,-0.644295469295728,2.056781935856107,1.005305840455243,-0.973841910932218,-0.4541641881159798,-0.927581484090894,-0.7420124413114431,0.9854930849638777,e2
-0.30311454921426684,0.5090509438386324,1.7654883132854422,-1.3171755631296767,-1.6041209571401147,-0.3637043876120614,0.3048245048871161,-0.4377079918946252,1.6433951387681955,e2
-0.96989220567632,-0.28988823338399544,-0.7670395823586157,-0.10872953300835386,0.3655026033326064,0.16634528199253745,2.0871763813481494,-1.25772661005567,0.013869637031852402,e2
0.9479556378973096,0.7288032449291786,0.8336831072585734,-0.2656917611436713,0.09414832349910607,2.3588008454986755,-1.044420313075355,-2.153499305687548,1.7287552411064229,e2
-0.2333191868295863,0.6579138401751241,-0.5865014697787592,-0.9848301359414493,0.5653452950652603,2.3278944091325657,1.328268080151285,0.8876722313425889,0.12858577919749756,e2
1.34131405028526,1.149103148799685,0.015762181811795353,0.3780055393065074,2.208303690908816,-0.6915814542922744,-0.8798275901140232,0.3442209427615652,-0.6786890548224837,e2
-0.6116397280274934,0.20847641573191608,0.2709165371278765,1.860537468326181,0.3827073420460272,-1.237046638174601,0.8049718855540575,-0.417620894672218,0.933170602912212,e2
0.17855570102739804,0.3124207897133959,-0.16662924613245716,-0.8973489796214593,0.6737510183561702,0.6572617891912511,-0.18795215134515958,1.2188563020310894,-0.5724991248015836,e2
-1.9028559983275737,-0.49573161383786823,-0.7668692855262131,2.8070306268796648,2.089490098416442,0.7819549610090051,0.19844650618400947,0.5711365353780059,-0.3967683185568264,e2
-0.70835879194181,-1.2649103754191258,-0.12639246825608413,1.135246885536768,-0.24400431071344703,-1.4950708367306005,0.8992562309536367,-0.17713994821832812,0.7751776951003249,e2
-0.6864039480802173,-1.428594378483551,0.2557278708576069,1.127648446049664,-1.3928729510708073,0.7357838247512808,0.7894467809866541,-0.25444825923210795,-1.2423663752084846,e2
1.2932588505413838,2.2067739805201194,-0.28514938924603844,-4.305102406235034,0.1137622754263833,-0.87622357639901,0.47605014336784546,0.0008995217882759879,-0.3238983384055069,e2
-2.9005763292220905,-0.3216057619992117,-1.012848322393922,1.2683511105402863,0.29964019233127315,0.26298741893045713,1.2569454680347956,2.0522029225496095,0.11325957975730452,e2
1.0490406378761434,-0.4311138064129793,0.4570157142077138,-0.6532873437169331,1.05339939544133,-0.7042334275198419,-0.36138885828825273,-1.9410695781724623,1.5001366087174586,e2
-0.9715187495043862,-1.540554510546042,0.09919675403211357,1.9399397813175234,0.6417597938512271,-0.054260833492852566,0.6397051900096595,0.029546208873660357,-1.5188339855911237,e2
-1.1932337184393902,-0.6026773124849385,0.5839314345749252,1.3258537596090318,0.18246858066038107,-0.22461832169516316,-0.6172639531638826,-1.0168265534053602,-0.09926560261772548,e2
-2.94879314325413,-0.15937852120021045,0.6978532511133744,2.1015422102578603,-0.9598654375099398,-0.7113605535743684,0.8194148176047328,-1.1173068522277183,-1.4314448624060727,e2
0.9481010097943916,0.29287567384538743,0.04572849019751319,-2.117024743734083,-0.14269666863505712,1.655456234284323,-1.3657088475547523,0.9573305498841399,0.7686967873921694,e2
-2.352079356676863,-0.8918029913954801,1.4725110698609405,2.0689458662384625,-2.360557805882695,-0.9099211029180395,-0.11891472389851866,-0.4659152650285004,0.6859161413245123,e2
-0.57886782302906,-0.970873429504879,-0.3784553580858804,3.5935796494871886,0.592866509344369,1.7494298760777618,-0.2835657290269708,-0.8491658757132775,-0.42192927213764236,e2
-0.470358087529377,0.09376846636112009,0.2251486555523949,-0.6148628058725278,1.2683506881460656,0.5828975886425151,-0.2696063008807365,0.16528530132068808,1.440576637543003,e2
0.3938065740375113,-0.4991609704985916,-0.29566228856880233,0.05742708740355876,-1.7697740214268136,0.7673791649334418,-1.3847681560917373,-0.5472977474942046,-0.5517269464589188,e2
0.7226946893636245,-0.192512736109261,0.3018660719124079,-1.762965710722043,-0.3764882234119751,1.1604066178639203,-1.1517338810946116,-0.510689310904995,-0.2155719679400207,e2
0.386724824338583,1.701249474836877,1.845182540462938,0.27203074107015635,-1.3507408852181393,0.34060578291632415,0.3463315063606999,-0.37880164332204613,0.69566900192348,e2
-1.5166280589102497,-0.5463304948829492,1.421549835941066,1.4638032283187772,-2.3486099269301994,0.16578898557414942,0.03806381884906564,1.5819262953381943,-0.11477500874405855,e2
-1.8234474812568036,-0.9964507801428831,0.14286018098357312,2.403465058092421,-0.8647849426704048,-1.5070987647161869,0.8583335934223909,0.07985383854211672,-0.15978247875656285,e2
1.4821583832712508,-0.6927726649821376,-0.5620841489004107,-0.693048709037582,1.3470503554666347,0.46904504232783767,-1.2375022134858034,-0.9854384308360072,-0.05729515118988372,e2
-1.9211316572908155,-1.7241074465090205,0.1760203756270996,3.1524441781214474,-1.6924229089300316,2.0263419247237793,-0.0873176856116482,-0.2042054669650415,-0.4001479747848465,e2
1.0625951369137878,-0.6086369506882037,0.5055630503610533,-2.805358064610369,1.3173410446510414,-0.11896831145200681,0.22202678956361702,1.2876427370124148,0.5497561437154814,e2
0.6916347439630564,-0.19231901179907893,-0.5132614759910404,-1.8241491950419353,1.0601672998693954,0.7220644561615425,0.06008861575037342,1.5010202169172024,-2.4210620577624753,e2
0.0011645563303797624,0.20516710624948425,1.2809614107444258,-1.8010277008911288,-0.16457157055796567,-0.12598653894178047,0.7004074181065979,0.8701011613917936,0.9872807184518843,e2
-0.2910268650464056,-0.8713485284513036,-0.25137647253358675,-0.33799525500643535,-0.22400920780880473,0.4704303778427996,-1.2523465921221757,-0.14253619490497535,0.5106330593660033,e2
-3.5209158525005715,-1.181632628271067,-0.17267550054963013,5.228800837030931,-0.023691902297965473,0.2497094943632775,1.9240889652676425,-1.2413258132239848,0.3566038244361982,e2
-1.6574219366997194,-1.270024727052771,-0.05758487519138363,2.692494151217739,0.7613406183645275,0.7605011946710741,-0.5812693075435289,-2.315149964553362,-0.399507382663104,e2
1.4576514987513636,1.0109416087507952,-0.2366715072493094,-1.3337922789588004,-0.335789911482988,0.7275671207891462,-0.03433127987966979,1.5901173185267432,0.5127123064891044,e2
-0.7629196523003722,-0.8119043346935957,-0.2806955892965558,3.1401138496511027,0.236865016406333,-0.7102962872232969,-0.26756602913430805,-0.16022644764963653,0.6170497010259858,e2
0.40018551057411744,-1.2944469369551455,0.9474225797523781,0.8933082054100148,-0.6376738432209458,-0.6536088860586545,-1.816225557071909,2.4238077727312244,0.8628704655070604,e2
-2.1313431737105573,0.13332031892450674,-0.3738607543372722,-0.05821820146186041,1.0501366709090845,0.3463809660593579,0.7719935065107509,0.20186026560592027,-1.3502886633756312,e2
0.31878111645033413,-0.10721659286317453,0.6992790424400388,0.3425866913753963,-0.47031735521174406,0.1860412229564503,0.9670273039283493,0.09382143860185573,-0.5040678600359452,e2
-1.314405300627215,-0.4681125959721937,-0.06035520271371385,2.36030875629418,0.07343674895341318,0.814295443162773,0.0009317582511773911,1.5247031465475247,-1.4919342580007249,e2
0.08935894574627876,-0.3754324261493905,-1.1712122141218022,0.5873510742521755,-0.07848378486264207,-0.1664574627726995,-0.12982804648194826,-1.0231655943297115,-1.1422536130344627,e2
0.7611436452477808,-0.2880649997842801,-0.2839654502712627,1.0991654480848063,0.7500700695666402,0.6343458220679513,0.3072322718940562,1.0662041316513926,-0.12644131071607614,e2
-0.13365475653012515,-0.2754361881147985,0.21399016282502448,0.1794944046754719,-0.5337970077502137,0.03161384733949979,1.4999334534633804,-0.4777608362939026,-0.7207648895047809,e2
3.2542829782375815,-0.11745099695280446,1.0874065274925984,-3.1664516172594195,-0.34798045927725463,-0.0687350009413318,-2.0357045138317726,0.34889712008485685,-0.3040864596766453,e2
-2.4640981008032385,-0.29608027021412153,0.4214643598198168,2.2182097723223935,-0.11906410460790956,0.3444581053821226,0.1677913441504467,-0.8565028816217346,-1.938811745212276,e2
1.130752242963426,0.9350501083900544,-0.6299051125957004,-2.0219318272740416,-2.159799383265182,-0.2635610420570843,0.35549211364595773,-0.5198782869640916,-1.4793671377001778,e2
-0.4946928430138211,1.2045171628753417,-1.0263705198846726,0.09506069713941462,1.538353514620906,0.1737806503203197,-1.0357800487753885,-0.3959551752683184,0.23002545962738646,e2
1.9264671543991352,0.11357690622139319,-0.6269990977169362,-1.0443677444960393,0.8878338177901901,-0.22427669918368998,-0.6956308038871153,-0.09871258034400351,-2.099673847131503,e2
-0.8623361578830371,-1.743311966094154,-0.7357544263080606,2.6400684199365534,-0.38490438517816145,-0.17220850303451574,0.4515342334473617,-0.8157162503744887,-0.05198613146284993,e2
1.4211924466768975,-0.9493797001691592,-1.214411122357561,1.256736793801189,0.3727956525680775,-1.1234447836146897,-0.943071595994447,-0.6819603842922186,0.8130950370075529,e2
1.0234519209144988,2.2209834506764783,-0.5395972496384625,-2.768537805713981,0.1583873717522528,0.7679938214976215,0.24156806881170378,-1.0420838232357785,0.5869207878338942,e2
-2.2148830320652992,-0.6302971305962904,-0.3790492131972434,3.679229345935595,0.27176986002773884,0.4286987742074402,1.9755547317734214,-0.8335902167339382,0.6268739865272563,e2
-2.0648507331475554,-0.4549877394756387,-0.21014851247470304,3.499091532523207,1.2005607379904801,-1.0622413929831078,0.7937856192241034,-0.8702172577925291,0.06284365329753341,e2
-0.22263911412415538,-1.142670345180677,0.7900337602724895,1.3695684575246887,-0.5160089596876004,0.2725184472778115,0.13447233965530137,0.45798659455942153,0.9297003415246424,e2
1.2925123167166512,-0.6762316969687362,-0.5161640411807333,-1.0994798626314228,-0.3527007779621827,-0.041642903569565036,-0.39799504490637727,0.8215136253355774,-0.8750740488436822,e2
-2.19109796327531,-0.8014702280749861,-0.73785343926246,3.135560959189588,0.5511339462222777,-0.9360951300017848,0.5482160195648741,-0.0955461264038858,2.2485927144556492,e2
-0.1267849427773899,1.1466841139619937,-0.04418465846166974,-1.3619267155835855,-0.8763442154304476,-1.2597816303767624,1.1209522721090723,0.013534591727990068,-1.2710510079799908,e2
0.46748206876738263,1.80887908178938,1.2414895428587402,-2.007607160433473,-0.5299305181788863,1.317089191087742,0.8882311764045705,0.25915755993810896,-0.2486011917989835,e2
1.9482676580663483,1.578923521831533,1.390273869884478,-2.858295289802026,-1.5493345135509315,-0.9331802885689923,-1.4483891484161693,1.5095137681868358,-1.6191665028078788,e2
0.7841560046465557,1.1205843161657583,-0.3777435957841576,-0.5771569975657527,0.7406954189580248,-1.7767505698877837,0.31811143183304225,0.744933413596571,-0.7779974810062755,e2
2.533899013176498,-0.03434963148339379,-1.0870260700645527,-1.1526777911547665,0.4276985810695071,0.7683508947900717,-1.8074083792961992,-1.0226059831156935,-0.8025135800974821,e2
-0.6113539203002075,0.19271949337372749,-0.815981080467241,1.8466412994242836,1.3564173070485954,-0.0838036585295685,-0.4417679144843762,0.8843257003321195,1.9701943706123326,e2
0.4821734763592447,1.3074048693758245,0.6853545717772104,-1.0272376100046288,-0.34366389426349525,0.15347473599782388,0.4633004307957181,0.3031301242464127,-0.6908048872232927,e2
-0.706164657222256,-0.14939541349885477,-0.4774914017300602,-1.7268797468138686,-0.6076844028794454,0.4701035837260816,-0.8888145313375354,-0.4237502692114794,0.013718445060866984,e2
-1.0977650233263403,-0.8339167884026708,0.42648251738757603,1.8266622557130074,-1.7233006288770976,1.3046874537070716,-1.30742011934805,-2.1003097014464616,-0.9891077887653767,e2
0.35033790960545996,-0.1967465761281028,0.6550738950925941,0.6195296917761127,-0.15722478675955334,1.2014309485101655,0.4131927771440187,-1.0782956537619788,1.8074356832217904,e2
0.43666450047526617,-0.21519849081330716,0.2962517549835341,-0.08067528502616299,1.1881381161056703,0.15927978315491823,0.629846482820487,-1.5440940555772864,-2.315146425311944,e2
1.9996858304462748,3.6328765873002475,-0.6711396342747434,-3.7914692034063173,-0.996997624090719,0.16872665732648334,0.9991122802176752,-0.8823498005421181,1.902054925089432,e2
-1.811203225990433,-1.528355577419018,-0.351747029841818,2.155344731040559,-0.12407677247556209,0.7645048823344288,-0.13585170551423975,1.0773764347312424,0.07101449864558848,e2
-1.6637780768602908,-1.145039721543124,-1.4580148241018471,3.3094165424454873,1.730908701490411,2.0661341440970524,0.24357063880752042,-0.1086462834912414,1.2099644383600519,e2
1.8546825234269884,0.4175350461879727,-2.4356137583274413,-1.9516139877937606,3.5048261834061996,-0.451866424608397,-0.012364820633752839,-0.4453866575178097,2.286426131844185,e2
-2.6688410187772953,-1.3200244589592736,-2.162230332883066,2.1300476338044394,0.8998952575320407,-0.6968558049542101,0.13454254326633136,-0.5472847982030384,0.10478803267565681,e2
0.6581656014862002,0.7707776965845721,-0.24967510571688722,-0.6510764627303276,0.4388206775421838,0.6512938107091156,-1.058277859542648,1.4777185374450061,-0.6501646563452433,e2
-3.765136039221229,-2.5584551827038284,-0.2648399882454162,4.157203913184055,0.8419797733773219,0.34705404458613104,0.8399794830592736,-0.15036695121312957,1.1547282785701405,e2
-0.2523523464321291,-0.029523581961025388,0.03811472281547035,1.891055508696082,0.4893783744494516,-0.3460145688701217,-0.3881217116255748,-0.9407654928818612,-1.2764018964848318,e2
1.5154937976164171,1.2357281774577735,1.0379977915392666,-2.256194822407524,1.5645619599156606,-0.31039014446753166,-0.5198292352448867,0.3392309576800902,1.3818322978359197,e2
0.8329987569466646,0.36768056968821294,0.36380839226437534,-1.5825585782452964,-0.6099130639144548,-0.5888020598838775,-0.21388306012071398,-1.120558957765726,0.3406416168842017,e2
0.23246114604284207,0.5595243607054965,0.36561602649904057,-0.42334497962439843,1.0781004857232104,-2.440475504963118,0.10930537953517314,0.2260017696489054,0.811908124360858,e2
0.24759810853441888,0.18083806018171958,-1.165405734336145,0.14622038871591897,1.2935223446475046,0.6637353519213354,-0.46771808927134517,0.05241408631057059,1.0444318667839705,e2
2.7094396393215123,0.5411178658120789,2.5033404372467642,-3.2790830336850805,-1.410215592665434,0.6678369930459759,-0.4508521348027846,-0.6904834686413357,1.4328598418327156,e2
-0.6536947842639045,0.491618440424079,-2.1550349779552582,0.30554805438406385,0.9660885098558643,-1.421259790629285,-0.46795293952090133,-0.064737149793577,-1.7301014799665728,e2
0.48883103265731415,-0.04875415996726762,-0.4968347187830805,0.15959269737951187,-0.8899855495317177,0.8401612346636806,-0.793214582107332,-1.2081514769138602,0.5825688943880991,e2
-0.23830269502783763,-0.38494836455680326,-0.5984000773034246,0.9694145478310066,-1.9639409213596173,1.889663379979089,-1.0473688240883308,0.41960621327984066,-0.7251888257497396,e2
-0.4111381425669083,0.5916996934688998,-0.13764249257197853,-1.2752657723513903,-0.5745073497252171,0.7589419209466685,-0.13261557574450084,-0.6014928150535535,-0.35724883559437465,e2
0.7299248915918919,-0.49576895124008424,0.8949712650683675,0.14760949212930255,0.10634989424251395,-1.0101442425891431,-0.6398536789269641,0.8388663485927331,-1.1894827863805608,e2
-0.7311174602162336,-0.5815121699274561,-1.0534836118769475,0.8009894990310069,0.46963866617193506,0.05993648572605684,1.0688562355522264,-0.6568841255852713,0.5144084981889228,e2
-0.8806470910723242,0.03647613085668516,0.06777693800312701,1.275783398721205,-0.9573424734716126,-0.35806153208174607,1.1789149880162584,-0.5983577438676433,-0.3113171503985429,e2
-1.1376898961090378,0.2874324898282596,0.2515884924139662,1.055490091932658,0.11148363188745855,-0.718725700403284,-0.5303456157933325,-1.98733842973216,0.7482340865746574,e2
0.4698395758496072,2.0059392261897875,-0.8860848983946283,-1.4598026661928565,-1.4996590309841908,-1.0495615808677528,0.5769654963365509,-0.3759372562742548,-0.34966570726035134,e2
-2.3861458063042136,-0.8282806225014604,-1.4235878757844966,2.7081052772484715,-0.21327641226760374,-1.0436307763332622,0.2838065410719469,-1.4269949853864232,-0.6527303397807263,e2
-0.044452694851575436,0.4450231135605998,2.3635759678673245,0.7885285135802842,-1.9336394677408921,0.8397138640324902,-0.6344396768194169,0.29420506017054227,-1.1622869387022539,e2
-1.6176014317076206,-1.7066434447968863,0.845736192253846,0.9042141021732026,-0.18703614074266894,0.7996057094344906,-0.43217143182940376,-0.7621646669632107,-1.9308280646841351,e2
2.725148482553606,0.9699576015596928,-0.1546142536452382,-2.8632934358176807,1.1085674156812046,-0.9560901740631889,-1.3336565631793136,0.7198315447113701,-1.3911746943782335,e2
0.9773039221993552,2.874621783122988,-0.6708281304445514,-2.4220250762966042,1.1780781872628396,1.7932747006383363,1.8811314129708474,2.7770781443456785,0.05184705202045095,e2
-0.7256708929707902,-1.8474402896576652,1.5482409508374355,1.6286588592171696,-0.9830168829812024,-1.6076597194047682,-1.5102903751626435,-0.09065758516216761,0.22152085192792628,e2
-1.670337345149867,-0.581147474030724,-0.5218061347738847,1.2910276867669368,0.5712576590556842,-0.6331131467335319,1.0512673765036682,-0.4547918576026985,0.4165420548795768,e2
-0.27876907750242186,0.4544900830804567,-0.8310072418290577,-0.025608546816321298,2.5866279123157727,-2.3794492855567615,0.7542149766399727,-1.1207231518756438,-2.8776405870652297,e2
1.0295313378332083,0.6333208823317803,0.6052953958800074,-2.829390638004452,-1.0149251091001528,0.1755841280483982,0.18923159748419782,-0.11385104047911188,-0.9834743288135862,e2
-1.3086154082743262,0.41038904646201657,-0.6134375260021223,0.045200897775544036,1.55024445562611,0.3022639142331201,0.3752001597223217,2.24414382304315,1.1700243663482786,e2
-0.8131571382630359,0.03729364765073371,1.4718603909054755,0.953827458091218,-0.6337491907456929,1.4132158068340481,0.06320471678346272,0.7962224839004233,0.10981591435662166,e2
-2.047159952833157,-1.156662736497085,-0.9540928433884721,3.3359536839309016,0.04928948829313917,0.9223381199331194,0.45034308489588315,-0.9411165241771581,-1.458613388909816,e2
0.47138981346549047,-0.5252902746253806,0.9897767150513235,-0.7442646807387809,-1.822764151749651,-1.9627088051240669,-0.6886999214830043,0.32391553645000304,-0.630601426980087,e2
1.8639165497610073,-0.9661970433565877,-0.6720148205775435,1.7050227368501443,0.7484718896723195,-0.12471164576355956,-0.5236457045251619,0.4563339230634274,0.7490139887321524,e2
1.438874621799047,1.879131918934355,1.0178513964863125,-1.8026917939771447,-0.5086009205346163,0.07283604770144075,0.08376427979229499,-1.4312576671257167,2.0657081729273434,e2
2.515084860984748,1.1348439539854835,-0.37073020383377764,-0.33299894362415294,-0.8561252573704469,0.7590051650232206,-1.5926523708179265,0.22817368957150735,0.5290808471999814,e2
-2.2416294750658183,-2.4888892740818607,-1.6127310910920147,2.431306532047662,0.03734346239260922,1.652805392900474,0.011707998928236329,0.024128688686999307,0.14255179620285863,e2
2.0161454980898927,-0.631958825460969,-0.6646357434579265,-1.8242848431910075,0.5633709651022785,-0.28607527762985907,-0.8148223416536526,0.5116437342249185,-0.26338640204874236,e2
2.501517375357629,-0.615534804023949,1.2978565449863306,-1.0467899967579344,-1.7620160366463766,-0.19011859848676033,-0.418530465375566,0.23712462219937594,-0.2089607064982298,e2
2.149834073685093,0.878116399605574,0.40979795613132497,-1.6742400237465271,-0.7449629632588223,-1.2918734005101529,-1.5407906104253088,0.5984492747464636,-0.935409334395216,e2
0.10913778417539838,0.03842807212666613,0.744569385501065,1.299866836856878,-0.5050112445730575,-0.5297917923683099,0.14670461204829705,-0.10907349042422523,0.9156351562457354,e2
0.16722136022149037,-0.610330608113524,-0.9662904028730659,-0.3694791612006842,-0.011879928543964025,1.8939139220409424,-1.7274698013454257,1.738533970860985,0.3567737290623351,e2
-0.13296216860944632,0.9955760835832812,0.058803783845944216,-1.8036681853415628,0.003085515286998311,-0.39029279817531715,0.023986749766975735,-1.4328462467016265,-1.205641431825789,e2
2.546367039856993,1.3438861887713767,-0.24183158813122282,-2.591841171247101,0.6201597286109315,1.741280689840159,-0.39706057963690644,-0.7422476110288047,-2.4587091746235075,e2
-3.4270384775177605,-0.9807543558553072,-1.0362832836202591,3.0392546446300543,1.3409145058363268,0.04921310430542875,2.174526877668571,0.12009263651403293,1.5450945864806565,e2
0.5820692391785952,-0.5899657129801651,0.04746593550189013,1.4639952243376029,1.3462699355326653,0.8351449922750904,-0.6018710535177499,1.8460350663205771,0.49087860550768003,e2
1.4140832965512335,0.491366676583209,-1.642340269924872,-0.47340223817250415,0.4339639698837505,-0.4941843831934441,-1.3595044963508423,-1.2012639185298923,-0.6109909809444636,e2
-1.1895649031827615,-1.5561595003777122,1.1151596279078688,1.8309307112516302,-0.20814133130293855,-1.127797067015637,-1.713046418115761,0.7163050547373816,-1.5455156530247698,e2
-1.5540520055927955,-1.049888810040247,-0.032281183842544844,1.8964773724345387,-0.31956102854737173,-2.3504113668383884,-0.26832067840873036,1.9190504786248415,0.32986540623236404,e2
1.924396644797613,-0.8040576224367881,-1.0565639792774622,0.503005158974105,0.8604128642283104,0.1575196313657652,0.20108854963087947,-0.012149148144715884,0.7337165866218303,e2
-0.9668127282356638,0.5336278307680166,1.4838009741603553,-0.4193151103321506,-0.38659054783143443,0.5839996991958287,2.0441860465403683,-0.23091433476150156,0.430759514296789,e2
-0.7020869914120507,-0.4855264924433402,0.7555735126255111,2.023771771913281,-0.013914743201579372,-1.2674334291969502,1.6584598476868246,-0.34126705228224785,-1.0109463013073043,e2
0.022378274794367492,-0.8573384654441991,-0.8334971230389625,-0.052120227966502064,-0.04239598422369795,0.16930177223702647,-0.014898246202513187,-1.0283067800651002,0.15574858276043896,e2
1.7669858846228672,0.03158808044529579,-1.0773395004604742,-0.18458744899323332,2.421761228598136,2.7727331514988958,-0.4154543696696951,-1.3945910004833928,-0.10399687503327709,e2
0.6958632549201411,-0.12160131739178291,-0.8097963768850579,-0.3667350715609629,1.1573857513269568,1.2421417309753162,0.6505401065815511,-0.5753436938422753,-0.41037211077240743,e2
-0.9525168864394086,-0.2646491183473148,-0.14011791573155216,2.9881998617805725,-0.974086505211281,0.658912474122713,-1.0436375123907953,-0.10823822272909574,1.1275672239666292,e2
1.5637666754721988,1.677612811059373,0.4160598848679831,-0.5662294228199951,-1.6383969055147436,-0.2671152677832174,1.0758945556763349,-0.867555584111606,-1.7511532245559922,e2
0.9689876612176066,-0.5967444522150557,0.572178633496741,-1.4573108878123553,-0.7345770913623392,-0.6282598758681575,-0.7207986301010579,-1.0446545115243122,0.3409077740578348,e2
0.27118663204265175,-0.21180312062776355,-0.19200895773134616,-0.1461093170478046,0.2279264811744095,-1.0058011311652362,-0.6177312191897475,-0.3790320415255036,-0.3353231691313507,e2
-0.23274215113008168,-1.583381823292693,0.711347284736381,1.3480486523150916,-0.748044079765116,1.0452418047944951,-0.5456270863409465,-0.708700382841328,0.13626420276098464,e2
-0.7127041830027356,-0.6275069982565052,-0.13200728886843688,1.5686982762553194,0.06164971046064116,2.0309581519177513,0.863105098572265,-0.16240618255301037,-2.310751825912596,e2
1.9144045547885162,0.42819577762146405,0.7714364146110623,-2.5002778345768766,-0.8228363126536349,1.3110798907725878,-0.535176695489288,-0.41972384951789055,-1.3837266934985424,e2
-0.3594680652109534,-0.6191538218703135,0.12311371648772788,-0.30795287102971514,-0.38344804039371144,-0.3601167865433537,0.8035809311006223,0.9140226436318116,-0.5101720039981404,e2
-0.6650829141528346,-0.9098271752480614,-0.15972457997117018,2.377818558462858,-1.211100088930063,-0.5316277373359994,0.2735438238679666,0.2241354300892853,1.493499599917434,e2
0.6619018731004167,0.602001949173736,-0.5342681781095152,-0.011974781363821574,1.1397827904940356,0.4724057126255435,-0.25138118566475537,-0.6361986522147973,-0.1396500833156683,e2
-0.5409173480955536,0.30043137049255364,-0.7278215444386658,0.5675731533698546,-0.849195516518103,0.32738740704734287,-0.5811218830633779,-2.4957346949091948,-0.6658982945597555,e2
0.21898727490935002,-0.3625151047713151,-0.8916160598755138,-0.9952358865670669,-0.12437676596324077,-0.32325318383940305,-0.2967430890711672,0.530991481522505,0.6197126684610889,e2
0.9689613137627419,1.414453818878378,-0.08205355131355638,-2.4056209400669024,0.679885650769722,1.1275974891220806,-0.4643695566079489,1.6409591443402174,0.7570341280868084,e2
1.3390083471956573,0.822329464320054,-2.518714984797857,-2.090115290725588,1.3573980672925012,-1.0140191898761355,-0.12934212603340417,-1.0780951527704143,1.1859809034990836,e2
2.278620029902058,0.5699769011550438,1.4779559993990459,-4.736144835853532,-1.9702564995469318,-1.6640945956050985,-1.5263844905168256,-0.0009029978393721493,0.34417402745147474,e2
0.5071892469341477,0.43071073158045137,-1.088145774102376,-0.5367282182187169,1.5417060035308778,1.0203566983619061,-0.034458075013036854,0.3603078257315078,0.31689864602651374,e2
0.613249084697441,0.7349327242547345,0.1284040348537586,-2.0253990694247705,0.19329106251740813,-1.315472629331318,0.07857018823225145,-1.782274934816666,1.0870831047414289,e2
-0.9725558397371328,0.40136802885643375,-1.6701804630181714,0.8187929075828763,0.09883996596647959,-0.13617354999218054,0.41735788251264605,0.8040736408251515,-0.3803563686092956,e2
-2.840154959755385,-2.0599082773855444,-1.2424991414306341,4.593352608831771,-0.09823740276952442,0.4215232322814201,0.29655144854936305,0.5865781007216679,0.8478080389984264,e2
1.8204409201242253,1.4953962410621955,-0.3230692106471699,-1.6447649743946435,-1.0447901295769706,1.8524410120042658,-0.29547993620993385,0.41666142107259513,-1.3294504640805602,e2
0.3556457984952996,1.7883835458696478,1.1186150490343232,-2.1888857993412025,-0.34962765501899434,-1.1107910187529937,1.0916229104499078,-0.9989689252045697,-0.14934048835120015,e2
-1.4570279596813591,-0.03978665608573666,-1.300346294021364,-0.20280640619107926,0.17920163611217965,0.05504465953697342,0.12439506047931856,-0.6464781072198782,-0.666294094361385,e2
0.3233208221656757,-0.592403943854977,0.11129847236132882,1.2480767474849677,-2.5545703515918663,-0.6788017363273608,0.019791947801550525,-0.7274757344668834,0.3718084299354238,e2
-0.21128670014376483,1.5782525115576092,-1.7698294961864214,-1.3711648581964497,1.0421168363174862,0.6600488136148421,-0.2053636801691525,-0.4637284360354001,-0.020257914499819816,e2
-1.7796085175657566,-0.2604224426744237,0.4416736058863545,1.5610734803312802,-0.38415804211740323,-1.1903503212147013,0.5604502968325045,-0.4213142598963431,-0.17460172005923122,e2
0.5554859333040172,0.26433003752641543,-2.3673405943387213,-1.6298302794735302,4.070416254313071,-1.3478026247194261,-0.3475927667365447,0.5436783807890161,-0.13624813873369157,e2
-2.9858011565730207,-1.124456769566884,0.42962455309065833,4.154652419909855,-0.31892354592337774,0.9213907886424146,0.4356153606690015,-0.48148131407441813,0.31151762915999737,e2
0.9805859863562285,1.0805430512681784,0.2315228764241675,-3.4890221243026422,0.643972398180912,0.17218710328299533,1.4502774452800904,-2.4161932595966795,-1.15016025173896,e2
1.1547778792695134,1.5767794666483064,0.40865047714568986,-1.4983216483583854,0.24983699939535225,1.5417920029433614,-0.4349178879333614,-0.6772180186244849,2.131157855455485,e2
-0.2015202785618152,-0.3262799920471037,0.4225611583084218,-0.8309248685518584,-0.1441895490838473,0.20689926871508688,0.8133206286481879,1.5360549158473185,0.5668466954043747,e2
1.5177100922301412,-0.5095766602347762,1.1217532796874319,-1.7873685024204722,-0.5701930715546739,-0.08519225175956183,-0.5801505309364009,-0.7357509647716235,-0.09278266795509453,e2
-1.3378041095279978,-1.0969061189899116,0.2264386232267112,0.6181743374776572,0.08606657224565595,0.8779994104920634,1.6723681522210414,2.0157512522838372,0.4591667079371259,e2
2.0100872363209557,0.9228815149967999,-0.9755172452374334,-1.195421819766494,0.5488051109195776,-0.45200400538973934,-0.3552055399690909,1.0897615901904998,-0.9219176296297117,e2
3.251905951842639,0.07538584378914247,0.9503869081985571,-1.4208166082939275,-1.8649813446287045,0.567478890315345,-2.507459349766614,0.1217948925843724,-0.2157272920268897,e2
0.4938484785170706,1.4997333064469347,0.8290893310364297,-1.8275080428531676,-0.10301705073177714,-0.12661054769780788,0.11879161699347783,1.5013702424502091,-1.7874321979889083,e2
1.0301002768032324,0.21813330015590754,1.4063718161258223,-0.7412640250103906,-0.5905175706262944,1.1680192555956221,-0.3342693966453197,-0.5056869212690966,-1.518371352480009,e2
-2.3816181887123693,0.050289338007653867,0.19563979769371065,2.0702422562911833,0.35833025324075646,-0.6872063225559465,0.9763619384468772,-0.6607904965915609,-1.6812911462629132,e2
0.7709116180149562,0.038397194497961404,-0.39722661766748835,1.069019956512655,0.6816819822300001,-1.0400575883871541,-1.1279851100908014,0.8769971714857933,-0.14052069917597435,e2
-0.377171051224479,0.5068934937731558,-2.618615181033664,-0.03288376483628224,1.48791276092672,-1.3364559949671555,-0.7237311326326179,0.19141522344831627,-0.33003314422204844,e2
-1.548717740247592,0.0708955297847372,-0.5437292945919725,-0.5048983146711967,1.5167727251204113,-0.971934188820821,1.024047940846283,0.8556257784300033,-0.38124304036500056,e2
-3.773712214034002,-1.3721336431281383,0.3456253674341667,4.308549667541392,-2.278054371038515,1.415326725530354,1.2408094998836277,-1.515623307166474,-0.6164302101206737,e2
1.9626317518543812,0.628019221540394,0.19753649133964551,-0.27560887750475693,-0.0164472930315976,-0.19645500108367234,0.06190827584765067,-0.08595537297894267,0.35333174463890216,e2
0.3813097301062216,-0.4205225769210901,0.3756614410150589,-0.2092420920972886,-0.28856032325915515,1.0020047280079263,-0.8424844596551051,0.1137583018379386,1.016919825930609,e2
0.2682847128068536,-0.1499294047558305,-1.1855340726492483,-2.064413292240843,0.7168360862178587,1.0774311094087603,-1.4332714412271887,-0.11490942629780299,-2.0720740666331636,e2
0.8241761063211996,0.17449506373654725,-1.4108055362644334,-1.8745017942027349,2.6352500701487127,0.34097521939017134,-0.14494011440962318,-0.022043694724456844,0.669812805659423,e2
-0.23523234626430056,0.20463144473278447,0.9529453188608478,0.9801680803816912,-3.122585131719892,0.6478854012860046,-0.8727524245220687,0.25916851520956036,-0.7451853714454403,e2
-1.9351630090542202,-0.9173432195786514,-0.8919562773855798,1.2162499398698712,1.2908229079675513,1.929817934402793,1.0387730548562382,-0.11487255326521013,-0.5037207776155989,e2
0.846316991977197,1.054934728430472,0.031446072330335216,-2.5036785306987683,-1.009048192133456,0.3865391271525509,-0.6795069158651991,-1.8164304807968308,-0.11780455635494616,e2
-2.303450485030914,-1.698249827638467,-2.5494946594527677,1.4377888101642962,0.8655942367202955,0.474676769895386,0.8344974133750801,-1.4749921863226356,-0.10469779111496194,e2
0.13895505928390206,-1.3384095700249123,0.785776741652393,-0.14444318870805306,-2.7121593979612646,-3.0646746419854805,-1.7955617420653291,0.8260839970781514,0.3512374396818124,e2
-1.464762242485813,-0.8669706110572357,0.6124853033323437,2.071126138137873,-0.9971656454025032,1.9025034062967956,1.1835204920612241,1.8247170008246598,0.9761222882238797,e2
-1.0134198156464267,-0.9040709057517881,1.1569571466959405,-0.03187170791299132,-2.304449494744217,0.7060071369572273,-0.27241980738366983,-1.7596740288582045,0.7179548257429326,e2
0.14603647346543697,0.1434759553189675,0.34700616028679443,0.09658711565592537,-2.2344309239189752,-0.048641361376638347,0.6938738360061429,-0.22737587706193815,0.34755730060164725,e2
-0.2887538373587816,0.15281172362054893,0.7480108494773258,-1.1169552823611462,0.9114706530208271,0.08882248223958271,0.63588529687496,-3.1417835411444925,-0.5721790093981282,e2
-0.5664029671561648,0.018956562128896157,0.8062640013187273,0.7272823505205489,-0.03918559513004771,-0.8494584224604597,0.5073014562118865,-0.7058824030447646,-1.0720922738871923,e2
-1.110378621210049,-0.00577122512602245,0.4282185410228854,1.4032155817220922,-0.8623295094548002,-0.5009649814742134,0.29246954428073507,0.19892980957516596,0.10553611092012553,e2
-1.7673347197962257,-0.8985066835281484,0.6236020514483982,3.231028673723131,-1.0590707077833537,0.5275683870520907,0.5274729134708435,-0.8300193613798824,-1.8220056849762662,e2
-2.7328953967936354,-1.20288612925965,0.35007106883715633,1.914568513069626,0.8264889837527671,1.0371602679322733,0.5363321057574176,1.7718046804352907,0.34738736063346376,e2
1.4511042655594344,0.7110043969270822,-1.1674421372276966,-2.3546887893676685,-0.7607357310628504,0.09918395651534329,-0.1462652731359993,0.5327210698441173,-0.7325177360396409,e2
0.3265110416762482,-1.1859193392101033,-0.21160955874492532,-0.13147375492213575,1.545195258222977,0.5000573360055942,-0.17232710972223542,0.18959838598766252,0.9115545939850211,e2
0.28766950993521545,0.01443969303299763,-0.4651955470893358,1.4926624043047585,-1.6737717248872406,0.16661497600940947,-0.6714183863565711,-1.7882903044493108,1.1485086133484543,e2
-1.0440621895583222,-0.41140226785376954,0.518279741763643,1.140725347322677,-0.9324881659902677,-0.052039419595872355,-0.26429854499286515,-0.45527754628938205,-1.392531889896892,e2
2.4888466438410752,1.1006515972125404,-0.9679433730181105,-2.2918204277782164,2.2483964952573503,0.618830374027795,-0.28973014320682916,-0.26400481598738007,1.5854223852176215,e2
-0.7014061150788568,-0.016554906692551028,-1.763152436914201,1.2140379506734837,1.7344062132005575,-0.033002722444454395,0.9416873394145774,0.5436168225264739,1.526074490341182,e2
2.36271540602252,0.07021613769126195,-0.46544504911642165,-1.8896381446549328,-0.6925335938978638,-0.7650700148207212,-0.2518637978438827,1.375231777935144,-0.17172177620823925,e2
-1.4277698997490897,-1.642783062312361,2.116627251615924,2.3574988434677566,-0.6004249224434329,-0.27286836074333276,0.6851419761354779,0.64162070750133,0.3810815344721119,e2
-0.2908885328053058,-0.13013009724931587,0.8777174748058392,-0.5129801251881694,-0.8951477973360603,0.7512717999999454,-0.6437774763219907,0.7405062078192611,0.674240074139319,e2
-1.6914019297055793,0.740833620102744,1.028456357901997,-0.8108077293965212,-0.7549936814815525,-0.8300119559419835,0.16408191724466642,0.021645894032853875,0.7950586610266307,e2
-0.39326003649148633,0.33737788110239575,2.0910571444700983,-1.275666169861771,-2.1009534086439268,-1.0728234307386153,-0.504563609308902,0.37653779474588195,0.9867923847708959,e2
0.06941833642827344,1.004624325918673,0.5154899022279176,-2.106859827625053,0.5336724496959449,-0.5238796148280448,1.2315125997717995,0.08441351672549396,-1.7299879350320437,e2
3.034728080926456,-1.8650968475510326,0.2839761759814493,-1.4749067574231374,0.8065933148907686,-0.17090296244011174,-1.5982582674456614,-1.4129056579557888,-0.9115197089405617,e2
0.12632000849068267,0.3481746761689462,-0.36467735371396987,0.7694694066930448,-0.7503890447974729,-1.3780278104331296,-0.0670860097451504,0.9035885408770704,0.24556466480363195,e2
0.5442438537992283,-0.07132993135193501,1.4062067036720232,-1.3528759638465422,0.1806895426980053,-1.8035947160996304,-1.6044168861622197,0.19117102512767561,-1.6247994837810562,e2
2.3053254256986815,-0.7046331322896777,1.2962829525392454,-0.9066067032248658,-0.8025477500412231,-1.1038916549225375,-2.1999046678258813,-1.3297505604534738,-1.0056589889511476,e2
2.480112876800779,1.5470839724428824,-2.1598512073334184e-05,-4.102301819816534,1.0796658505325136,-0.7055958842972252,-1.0752293442841023,-0.7233788686427297,-1.2006142485794282,e2
1.1458739566050686,1.1642057644365174,-0.6083653346205449,-3.338636927511934,2.0368469220021375,-0.031756717892658715,-0.5263398000364059,0.1441063402193525,-0.799606719320359,e2
1.046827172243074,0.2700662383098338,0.9319193132789919,-1.539075232779441,-2.423452272757435,-0.563760782348551,-0.5711899904760234,0.17108207959562777,0.056361096359099305,e2
1.0291772385795106,0.7041747766929521,-1.486646074874947,-1.7964818384407693,2.3064639465157057,-0.5183921924566699,0.03079843930088824,-0.9721191128014894,1.2101631771137529,e2
0.9059727512179533,0.6032753076914159,-0.9505681715188325,-1.540407926375262,1.3270116211023253,-0.8489684442700385,-1.1587450317086863,-0.9947233000716936,-0.2570889735660203,e2
-0.9325565719533301,0.20616073844001273,-1.297775904315692,0.0644670143568058,0.2865186326537704,0.22877797891233237,-0.059135199463578716,0.1835052549992444,-0.9329109717888482,e2
-1.7899687801954391,-1.2141648040277593,-0.4747523817029375,2.2102548538027342,0.2647858777585129,1.9699817364582213,-1.4489679565263642,-0.45799559675304885,1.0498339884589087,e2
0.1458237634230657,0.19108723209447456,1.6004131778892132,0.3933696729682572,-1.2530021280292356,1.173123579308808,-0.300505095947409,0.6585667944618107,0.8961916736447194,e2
-1.7170297272514645,0.6447382891253133,-1.8311939865247389,1.4938299733417122,2.6390514410621506,-0.48017381555380295,0.1441372751772978,0.8265899875666556,-0.6209319577692691,e2
0.7601330597044264,0.9268865452007004,1.6504099340985339,-1.0363552967080103,-2.5577878084143215,1.0847668654263323,-0.24545557631552642,-0.5995660879378902,-2.6416147808374566,e2
1.5708047297916934,0.7947460659850797,-1.1796778584434504,-2.821776562981725,0.3397287731383224,-0.9594061075945631,0.5261974618298779,0.6677310896411546,1.5085934668198842,e2
-0.20335321760278763,0.7198029653073806,-0.005132209255487247,-0.8127337716564739,-0.8048943382054682,-0.6438250151580055,0.20070728415646746,-0.19924941960909648,1.1645075708135868,e2
0.626045640107824,0.11381599490339007,0.9800792445937848,-0.5022550784796229,0.5071283697231113,1.0524660756503863,-0.943828065297475,1.099557299185692,0.3361043539083176,e2
2.4596391634793004,-0.26732710807678156,2.534672395068535,-1.307199217109558,-1.833449721081685,0.5832334794444691,-2.144121104753544,1.8886970824206504,-0.26734582739101576,e2
-0.5956331984240468,-0.9106686985799768,0.48382041998142894,0.8942352020069707,0.3304009995580196,-0.06848321510836762,0.9092625122051275,-1.1349502367284452,0.02252139409554489,e2
1.4188535821504396,0.04355311275440497,-0.7570559802437153,-1.1591018231758394,0.8681657102696565,0.5926386282992697,-1.1276566532307284,0.0582600746642652,-0.9638354228352625,e2
3.3035994813793046,1.0912218672616563,1.73405498792156,-2.0631417901088778,-0.4361208221045172,1.1695959836986523,-0.8386043798203066,1.5574871749575656,-1.0044869687982798,e2
-0.6481733608185906,0.3912928171531974,0.40192596491443355,0.4948885283645373,-0.4179317629995427,0.17474717505794302,0.26746513435544994,-1.2033163755051635,-0.9806716876657746,e2
-0.5896444721242041,-1.4885978664542734,-0.024112986066608354,1.9153012804514105,0.8321881070351874,1.1062537389317901,0.038085880412395634,0.5812368105220509,0.28372965710676123,e2
-1.3915750406650123,-0.4960166080995756,-0.425576050370573,2.31342973121477,0.021837350576783765,0.5325920396952856,-0.01934504774794299,0.4557808874060643,0.00395875332706946,e2
0.9963714083040548,0.416679032913374,0.515154869798958,-0.6031933518361807,-0.5711898870228886,0.19008133028882268,1.3472858689811142,-0.263147632551638,-0.2893870294278776,e2
